[NbConvertApp] Converting notebook all_fractals_dataset_B.ipynb to notebook
2025-12-05 12:28:56.890135: I tensorflow/core/util/port.cc:153] oneDNN custom operations are on. You may see slightly different numerical results due to floating-point round-off errors from different computation orders. To turn them off, set the environment variable `TF_ENABLE_ONEDNN_OPTS=0`.
2025-12-05 12:28:56.908799: E external/local_xla/xla/stream_executor/cuda/cuda_fft.cc:485] Unable to register cuFFT factory: Attempting to register factory for plugin cuFFT when one has already been registered
2025-12-05 12:28:56.917126: E external/local_xla/xla/stream_executor/cuda/cuda_dnn.cc:8454] Unable to register cuDNN factory: Attempting to register factory for plugin cuDNN when one has already been registered
2025-12-05 12:28:56.919589: E external/local_xla/xla/stream_executor/cuda/cuda_blas.cc:1452] Unable to register cuBLAS factory: Attempting to register factory for plugin cuBLAS when one has already been registered
2025-12-05 12:28:56.926250: I tensorflow/core/platform/cpu_feature_guard.cc:210] This TensorFlow binary is optimized to use available CPU instructions in performance-critical operations.
To enable the following instructions: AVX2 AVX_VNNI FMA, in other operations, rebuild TensorFlow with the appropriate compiler flags.
2025-12-05 12:29:00.446892: W tensorflow/compiler/tf2tensorrt/utils/py_utils.cc:38] TF-TRT Warning: Could not find TensorRT
WARNING: All log messages before absl::InitializeLog() is called are written to STDERR
I0000 00:00:1764934275.189329 2469597 cuda_executor.cc:1015] successful NUMA node read from SysFS had negative value (-1), but there must be at least one NUMA node, so returning NUMA node zero. See more at https://github.com/torvalds/linux/blob/v6.0/Documentation/ABI/testing/sysfs-bus-pci#L344-L355
I0000 00:00:1764934275.232866 2469597 cuda_executor.cc:1015] successful NUMA node read from SysFS had negative value (-1), but there must be at least one NUMA node, so returning NUMA node zero. See more at https://github.com/torvalds/linux/blob/v6.0/Documentation/ABI/testing/sysfs-bus-pci#L344-L355
I0000 00:00:1764934275.233842 2469597 cuda_executor.cc:1015] successful NUMA node read from SysFS had negative value (-1), but there must be at least one NUMA node, so returning NUMA node zero. See more at https://github.com/torvalds/linux/blob/v6.0/Documentation/ABI/testing/sysfs-bus-pci#L344-L355
I0000 00:00:1764934275.235771 2469597 cuda_executor.cc:1015] successful NUMA node read from SysFS had negative value (-1), but there must be at least one NUMA node, so returning NUMA node zero. See more at https://github.com/torvalds/linux/blob/v6.0/Documentation/ABI/testing/sysfs-bus-pci#L344-L355
I0000 00:00:1764934275.236656 2469597 cuda_executor.cc:1015] successful NUMA node read from SysFS had negative value (-1), but there must be at least one NUMA node, so returning NUMA node zero. See more at https://github.com/torvalds/linux/blob/v6.0/Documentation/ABI/testing/sysfs-bus-pci#L344-L355
I0000 00:00:1764934275.237528 2469597 cuda_executor.cc:1015] successful NUMA node read from SysFS had negative value (-1), but there must be at least one NUMA node, so returning NUMA node zero. See more at https://github.com/torvalds/linux/blob/v6.0/Documentation/ABI/testing/sysfs-bus-pci#L344-L355
I0000 00:00:1764934275.497676 2469597 cuda_executor.cc:1015] successful NUMA node read from SysFS had negative value (-1), but there must be at least one NUMA node, so returning NUMA node zero. See more at https://github.com/torvalds/linux/blob/v6.0/Documentation/ABI/testing/sysfs-bus-pci#L344-L355
I0000 00:00:1764934275.498981 2469597 cuda_executor.cc:1015] successful NUMA node read from SysFS had negative value (-1), but there must be at least one NUMA node, so returning NUMA node zero. See more at https://github.com/torvalds/linux/blob/v6.0/Documentation/ABI/testing/sysfs-bus-pci#L344-L355
I0000 00:00:1764934275.539322 2469597 cuda_executor.cc:1015] successful NUMA node read from SysFS had negative value (-1), but there must be at least one NUMA node, so returning NUMA node zero. See more at https://github.com/torvalds/linux/blob/v6.0/Documentation/ABI/testing/sysfs-bus-pci#L344-L355
2025-12-05 12:31:15.540572: I tensorflow/core/common_runtime/gpu/gpu_device.cc:2021] Created device /job:localhost/replica:0/task:0/device:GPU:0 with 6127 MB memory:  -> device: 0, name: NVIDIA GeForce RTX 4060, pci bus id: 0000:01:00.0, compute capability: 8.9
2025-12-05 12:31:20.755039: I external/local_xla/xla/stream_executor/cuda/cuda_dnn.cc:531] Loaded cuDNN version 8907
W0000 00:00:1764934285.832927 2469828 gpu_timer.cc:114] Skipping the delay kernel, measurement accuracy will be reduced
W0000 00:00:1764934288.128178 2469828 gpu_timer.cc:114] Skipping the delay kernel, measurement accuracy will be reduced
W0000 00:00:1764934288.414921 2469828 gpu_timer.cc:114] Skipping the delay kernel, measurement accuracy will be reduced
W0000 00:00:1764934288.415872 2469828 gpu_timer.cc:114] Skipping the delay kernel, measurement accuracy will be reduced
W0000 00:00:1764934288.416740 2469828 gpu_timer.cc:114] Skipping the delay kernel, measurement accuracy will be reduced
W0000 00:00:1764934288.417702 2469828 gpu_timer.cc:114] Skipping the delay kernel, measurement accuracy will be reduced
W0000 00:00:1764934288.418562 2469828 gpu_timer.cc:114] Skipping the delay kernel, measurement accuracy will be reduced
W0000 00:00:1764934288.419544 2469828 gpu_timer.cc:114] Skipping the delay kernel, measurement accuracy will be reduced
W0000 00:00:1764934289.017489 2469828 gpu_timer.cc:114] Skipping the delay kernel, measurement accuracy will be reduced
W0000 00:00:1764934289.048198 2469828 gpu_timer.cc:114] Skipping the delay kernel, measurement accuracy will be reduced
W0000 00:00:1764934289.084005 2469828 gpu_timer.cc:114] Skipping the delay kernel, measurement accuracy will be reduced
W0000 00:00:1764934289.500762 2469828 gpu_timer.cc:114] Skipping the delay kernel, measurement accuracy will be reduced
W0000 00:00:1764934289.502401 2469828 gpu_timer.cc:114] Skipping the delay kernel, measurement accuracy will be reduced
W0000 00:00:1764934289.503791 2469828 gpu_timer.cc:114] Skipping the delay kernel, measurement accuracy will be reduced
W0000 00:00:1764934289.505126 2469828 gpu_timer.cc:114] Skipping the delay kernel, measurement accuracy will be reduced
W0000 00:00:1764934289.537860 2469828 gpu_timer.cc:114] Skipping the delay kernel, measurement accuracy will be reduced
W0000 00:00:1764934289.539286 2469828 gpu_timer.cc:114] Skipping the delay kernel, measurement accuracy will be reduced
W0000 00:00:1764934289.540712 2469828 gpu_timer.cc:114] Skipping the delay kernel, measurement accuracy will be reduced
W0000 00:00:1764934289.542151 2469828 gpu_timer.cc:114] Skipping the delay kernel, measurement accuracy will be reduced
W0000 00:00:1764934289.543622 2469828 gpu_timer.cc:114] Skipping the delay kernel, measurement accuracy will be reduced
W0000 00:00:1764934289.545348 2469828 gpu_timer.cc:114] Skipping the delay kernel, measurement accuracy will be reduced
W0000 00:00:1764934289.547052 2469828 gpu_timer.cc:114] Skipping the delay kernel, measurement accuracy will be reduced
W0000 00:00:1764934289.549052 2469828 gpu_timer.cc:114] Skipping the delay kernel, measurement accuracy will be reduced
W0000 00:00:1764934289.550744 2469828 gpu_timer.cc:114] Skipping the delay kernel, measurement accuracy will be reduced
W0000 00:00:1764934289.552581 2469828 gpu_timer.cc:114] Skipping the delay kernel, measurement accuracy will be reduced
W0000 00:00:1764934289.554787 2469828 gpu_timer.cc:114] Skipping the delay kernel, measurement accuracy will be reduced
W0000 00:00:1764934290.211859 2469828 gpu_timer.cc:114] Skipping the delay kernel, measurement accuracy will be reduced
W0000 00:00:1764934290.249290 2469828 gpu_timer.cc:114] Skipping the delay kernel, measurement accuracy will be reduced
W0000 00:00:1764934290.250315 2469828 gpu_timer.cc:114] Skipping the delay kernel, measurement accuracy will be reduced
W0000 00:00:1764934290.251172 2469828 gpu_timer.cc:114] Skipping the delay kernel, measurement accuracy will be reduced
W0000 00:00:1764934290.251974 2469828 gpu_timer.cc:114] Skipping the delay kernel, measurement accuracy will be reduced
W0000 00:00:1764934290.252905 2469828 gpu_timer.cc:114] Skipping the delay kernel, measurement accuracy will be reduced
W0000 00:00:1764934290.253728 2469828 gpu_timer.cc:114] Skipping the delay kernel, measurement accuracy will be reduced
W0000 00:00:1764934290.254688 2469828 gpu_timer.cc:114] Skipping the delay kernel, measurement accuracy will be reduced
W0000 00:00:1764934290.255656 2469828 gpu_timer.cc:114] Skipping the delay kernel, measurement accuracy will be reduced
W0000 00:00:1764934290.256555 2469828 gpu_timer.cc:114] Skipping the delay kernel, measurement accuracy will be reduced
W0000 00:00:1764934290.257369 2469828 gpu_timer.cc:114] Skipping the delay kernel, measurement accuracy will be reduced
W0000 00:00:1764934290.258276 2469828 gpu_timer.cc:114] Skipping the delay kernel, measurement accuracy will be reduced
W0000 00:00:1764934290.259109 2469828 gpu_timer.cc:114] Skipping the delay kernel, measurement accuracy will be reduced
W0000 00:00:1764934290.259959 2469828 gpu_timer.cc:114] Skipping the delay kernel, measurement accuracy will be reduced
W0000 00:00:1764934290.261013 2469828 gpu_timer.cc:114] Skipping the delay kernel, measurement accuracy will be reduced
W0000 00:00:1764934290.262100 2469828 gpu_timer.cc:114] Skipping the delay kernel, measurement accuracy will be reduced
W0000 00:00:1764934290.264019 2469828 gpu_timer.cc:114] Skipping the delay kernel, measurement accuracy will be reduced
W0000 00:00:1764934290.272486 2469828 gpu_timer.cc:114] Skipping the delay kernel, measurement accuracy will be reduced
W0000 00:00:1764934290.273197 2469828 gpu_timer.cc:114] Skipping the delay kernel, measurement accuracy will be reduced
W0000 00:00:1764934290.273857 2469828 gpu_timer.cc:114] Skipping the delay kernel, measurement accuracy will be reduced
W0000 00:00:1764934290.274537 2469828 gpu_timer.cc:114] Skipping the delay kernel, measurement accuracy will be reduced
W0000 00:00:1764934290.275239 2469828 gpu_timer.cc:114] Skipping the delay kernel, measurement accuracy will be reduced
W0000 00:00:1764934290.275887 2469828 gpu_timer.cc:114] Skipping the delay kernel, measurement accuracy will be reduced
W0000 00:00:1764934290.276537 2469828 gpu_timer.cc:114] Skipping the delay kernel, measurement accuracy will be reduced
W0000 00:00:1764934290.277247 2469828 gpu_timer.cc:114] Skipping the delay kernel, measurement accuracy will be reduced
W0000 00:00:1764934290.277903 2469828 gpu_timer.cc:114] Skipping the delay kernel, measurement accuracy will be reduced
W0000 00:00:1764934290.278569 2469828 gpu_timer.cc:114] Skipping the delay kernel, measurement accuracy will be reduced
W0000 00:00:1764934290.279244 2469828 gpu_timer.cc:114] Skipping the delay kernel, measurement accuracy will be reduced
W0000 00:00:1764934290.279932 2469828 gpu_timer.cc:114] Skipping the delay kernel, measurement accuracy will be reduced
W0000 00:00:1764934290.280649 2469828 gpu_timer.cc:114] Skipping the delay kernel, measurement accuracy will be reduced
W0000 00:00:1764934290.281355 2469828 gpu_timer.cc:114] Skipping the delay kernel, measurement accuracy will be reduced
W0000 00:00:1764934290.282055 2469828 gpu_timer.cc:114] Skipping the delay kernel, measurement accuracy will be reduced
W0000 00:00:1764934290.283903 2469828 gpu_timer.cc:114] Skipping the delay kernel, measurement accuracy will be reduced
W0000 00:00:1764934290.288726 2469828 gpu_timer.cc:114] Skipping the delay kernel, measurement accuracy will be reduced
W0000 00:00:1764934290.289392 2469828 gpu_timer.cc:114] Skipping the delay kernel, measurement accuracy will be reduced
W0000 00:00:1764934290.290020 2469828 gpu_timer.cc:114] Skipping the delay kernel, measurement accuracy will be reduced
W0000 00:00:1764934290.290678 2469828 gpu_timer.cc:114] Skipping the delay kernel, measurement accuracy will be reduced
W0000 00:00:1764934290.291312 2469828 gpu_timer.cc:114] Skipping the delay kernel, measurement accuracy will be reduced
W0000 00:00:1764934290.291972 2469828 gpu_timer.cc:114] Skipping the delay kernel, measurement accuracy will be reduced
W0000 00:00:1764934290.292613 2469828 gpu_timer.cc:114] Skipping the delay kernel, measurement accuracy will be reduced
W0000 00:00:1764934290.293253 2469828 gpu_timer.cc:114] Skipping the delay kernel, measurement accuracy will be reduced
W0000 00:00:1764934290.293907 2469828 gpu_timer.cc:114] Skipping the delay kernel, measurement accuracy will be reduced
W0000 00:00:1764934290.294603 2469828 gpu_timer.cc:114] Skipping the delay kernel, measurement accuracy will be reduced
W0000 00:00:1764934290.295272 2469828 gpu_timer.cc:114] Skipping the delay kernel, measurement accuracy will be reduced
W0000 00:00:1764934290.295958 2469828 gpu_timer.cc:114] Skipping the delay kernel, measurement accuracy will be reduced
W0000 00:00:1764934290.296650 2469828 gpu_timer.cc:114] Skipping the delay kernel, measurement accuracy will be reduced
W0000 00:00:1764934290.297344 2469828 gpu_timer.cc:114] Skipping the delay kernel, measurement accuracy will be reduced
W0000 00:00:1764934290.298055 2469828 gpu_timer.cc:114] Skipping the delay kernel, measurement accuracy will be reduced
W0000 00:00:1764934290.298997 2469828 gpu_timer.cc:114] Skipping the delay kernel, measurement accuracy will be reduced
W0000 00:00:1764934302.821247 2469828 gpu_timer.cc:114] Skipping the delay kernel, measurement accuracy will be reduced
W0000 00:00:1764934302.822087 2469828 gpu_timer.cc:114] Skipping the delay kernel, measurement accuracy will be reduced
W0000 00:00:1764934303.328151 2469828 gpu_timer.cc:114] Skipping the delay kernel, measurement accuracy will be reduced
W0000 00:00:1764934303.328803 2469828 gpu_timer.cc:114] Skipping the delay kernel, measurement accuracy will be reduced
W0000 00:00:1764934303.329465 2469828 gpu_timer.cc:114] Skipping the delay kernel, measurement accuracy will be reduced
W0000 00:00:1764934303.330106 2469828 gpu_timer.cc:114] Skipping the delay kernel, measurement accuracy will be reduced
W0000 00:00:1764934303.348944 2469828 gpu_timer.cc:114] Skipping the delay kernel, measurement accuracy will be reduced
W0000 00:00:1764934303.349690 2469828 gpu_timer.cc:114] Skipping the delay kernel, measurement accuracy will be reduced
W0000 00:00:1764934303.427262 2469828 gpu_timer.cc:114] Skipping the delay kernel, measurement accuracy will be reduced
W0000 00:00:1764934303.428061 2469828 gpu_timer.cc:114] Skipping the delay kernel, measurement accuracy will be reduced
W0000 00:00:1764934303.800292 2469828 gpu_timer.cc:114] Skipping the delay kernel, measurement accuracy will be reduced
W0000 00:00:1764934303.801356 2469828 gpu_timer.cc:114] Skipping the delay kernel, measurement accuracy will be reduced
W0000 00:00:1764934303.890272 2469828 gpu_timer.cc:114] Skipping the delay kernel, measurement accuracy will be reduced
W0000 00:00:1764934303.891031 2469828 gpu_timer.cc:114] Skipping the delay kernel, measurement accuracy will be reduced
W0000 00:00:1764934303.891703 2469828 gpu_timer.cc:114] Skipping the delay kernel, measurement accuracy will be reduced
W0000 00:00:1764934303.962835 2469828 gpu_timer.cc:114] Skipping the delay kernel, measurement accuracy will be reduced
W0000 00:00:1764934303.963679 2469828 gpu_timer.cc:114] Skipping the delay kernel, measurement accuracy will be reduced
W0000 00:00:1764934303.965185 2469828 gpu_timer.cc:114] Skipping the delay kernel, measurement accuracy will be reduced
W0000 00:00:1764934304.712275 2469828 gpu_timer.cc:114] Skipping the delay kernel, measurement accuracy will be reduced
W0000 00:00:1764934304.713252 2469828 gpu_timer.cc:114] Skipping the delay kernel, measurement accuracy will be reduced
W0000 00:00:1764934304.714194 2469828 gpu_timer.cc:114] Skipping the delay kernel, measurement accuracy will be reduced
W0000 00:00:1764934304.715154 2469828 gpu_timer.cc:114] Skipping the delay kernel, measurement accuracy will be reduced
W0000 00:00:1764934304.716147 2469828 gpu_timer.cc:114] Skipping the delay kernel, measurement accuracy will be reduced
W0000 00:00:1764934304.717052 2469828 gpu_timer.cc:114] Skipping the delay kernel, measurement accuracy will be reduced
W0000 00:00:1764934304.717959 2469828 gpu_timer.cc:114] Skipping the delay kernel, measurement accuracy will be reduced
W0000 00:00:1764934304.718949 2469828 gpu_timer.cc:114] Skipping the delay kernel, measurement accuracy will be reduced
W0000 00:00:1764934304.719932 2469828 gpu_timer.cc:114] Skipping the delay kernel, measurement accuracy will be reduced
W0000 00:00:1764934304.720934 2469828 gpu_timer.cc:114] Skipping the delay kernel, measurement accuracy will be reduced
W0000 00:00:1764934304.722044 2469828 gpu_timer.cc:114] Skipping the delay kernel, measurement accuracy will be reduced
W0000 00:00:1764934304.723262 2469828 gpu_timer.cc:114] Skipping the delay kernel, measurement accuracy will be reduced
W0000 00:00:1764934304.724469 2469828 gpu_timer.cc:114] Skipping the delay kernel, measurement accuracy will be reduced
W0000 00:00:1764934304.725500 2469828 gpu_timer.cc:114] Skipping the delay kernel, measurement accuracy will be reduced
W0000 00:00:1764934304.726767 2469828 gpu_timer.cc:114] Skipping the delay kernel, measurement accuracy will be reduced
W0000 00:00:1764934304.727952 2469828 gpu_timer.cc:114] Skipping the delay kernel, measurement accuracy will be reduced
W0000 00:00:1764934304.728931 2469828 gpu_timer.cc:114] Skipping the delay kernel, measurement accuracy will be reduced
W0000 00:00:1764934304.730841 2469828 gpu_timer.cc:114] Skipping the delay kernel, measurement accuracy will be reduced
W0000 00:00:1764934304.749099 2469828 gpu_timer.cc:114] Skipping the delay kernel, measurement accuracy will be reduced
W0000 00:00:1764934304.750693 2469828 gpu_timer.cc:114] Skipping the delay kernel, measurement accuracy will be reduced
W0000 00:00:1764934304.752184 2469828 gpu_timer.cc:114] Skipping the delay kernel, measurement accuracy will be reduced
W0000 00:00:1764934304.753829 2469828 gpu_timer.cc:114] Skipping the delay kernel, measurement accuracy will be reduced
W0000 00:00:1764934304.755362 2469828 gpu_timer.cc:114] Skipping the delay kernel, measurement accuracy will be reduced
W0000 00:00:1764934304.757075 2469828 gpu_timer.cc:114] Skipping the delay kernel, measurement accuracy will be reduced
W0000 00:00:1764934304.758888 2469828 gpu_timer.cc:114] Skipping the delay kernel, measurement accuracy will be reduced
W0000 00:00:1764934304.760678 2469828 gpu_timer.cc:114] Skipping the delay kernel, measurement accuracy will be reduced
W0000 00:00:1764934304.762472 2469828 gpu_timer.cc:114] Skipping the delay kernel, measurement accuracy will be reduced
W0000 00:00:1764934304.764339 2469828 gpu_timer.cc:114] Skipping the delay kernel, measurement accuracy will be reduced
W0000 00:00:1764934304.766845 2469828 gpu_timer.cc:114] Skipping the delay kernel, measurement accuracy will be reduced
W0000 00:00:1764934304.769474 2469828 gpu_timer.cc:114] Skipping the delay kernel, measurement accuracy will be reduced
W0000 00:00:1764934304.771703 2469828 gpu_timer.cc:114] Skipping the delay kernel, measurement accuracy will be reduced
W0000 00:00:1764934304.773703 2469828 gpu_timer.cc:114] Skipping the delay kernel, measurement accuracy will be reduced
W0000 00:00:1764934304.775729 2469828 gpu_timer.cc:114] Skipping the delay kernel, measurement accuracy will be reduced
W0000 00:00:1764934304.777968 2469828 gpu_timer.cc:114] Skipping the delay kernel, measurement accuracy will be reduced
W0000 00:00:1764934304.780072 2469828 gpu_timer.cc:114] Skipping the delay kernel, measurement accuracy will be reduced
W0000 00:00:1764934304.784930 2469828 gpu_timer.cc:114] Skipping the delay kernel, measurement accuracy will be reduced
W0000 00:00:1764934304.844053 2469828 gpu_timer.cc:114] Skipping the delay kernel, measurement accuracy will be reduced
W0000 00:00:1764934304.849242 2469828 gpu_timer.cc:114] Skipping the delay kernel, measurement accuracy will be reduced
W0000 00:00:1764934304.854117 2469828 gpu_timer.cc:114] Skipping the delay kernel, measurement accuracy will be reduced
W0000 00:00:1764934304.858947 2469828 gpu_timer.cc:114] Skipping the delay kernel, measurement accuracy will be reduced
W0000 00:00:1764934304.864144 2469828 gpu_timer.cc:114] Skipping the delay kernel, measurement accuracy will be reduced
W0000 00:00:1764934304.868114 2469828 gpu_timer.cc:114] Skipping the delay kernel, measurement accuracy will be reduced
W0000 00:00:1764934304.871969 2469828 gpu_timer.cc:114] Skipping the delay kernel, measurement accuracy will be reduced
W0000 00:00:1764934304.875885 2469828 gpu_timer.cc:114] Skipping the delay kernel, measurement accuracy will be reduced
W0000 00:00:1764934304.883563 2469828 gpu_timer.cc:114] Skipping the delay kernel, measurement accuracy will be reduced
W0000 00:00:1764934304.888268 2469828 gpu_timer.cc:114] Skipping the delay kernel, measurement accuracy will be reduced
W0000 00:00:1764934304.892670 2469828 gpu_timer.cc:114] Skipping the delay kernel, measurement accuracy will be reduced
W0000 00:00:1764934304.899161 2469828 gpu_timer.cc:114] Skipping the delay kernel, measurement accuracy will be reduced
W0000 00:00:1764934304.905465 2469828 gpu_timer.cc:114] Skipping the delay kernel, measurement accuracy will be reduced
W0000 00:00:1764934304.911809 2469828 gpu_timer.cc:114] Skipping the delay kernel, measurement accuracy will be reduced
W0000 00:00:1764934304.918195 2469828 gpu_timer.cc:114] Skipping the delay kernel, measurement accuracy will be reduced
W0000 00:00:1764934304.924803 2469828 gpu_timer.cc:114] Skipping the delay kernel, measurement accuracy will be reduced
W0000 00:00:1764934304.936003 2469828 gpu_timer.cc:114] Skipping the delay kernel, measurement accuracy will be reduced
W0000 00:00:1764934306.341052 2469828 gpu_timer.cc:114] Skipping the delay kernel, measurement accuracy will be reduced
W0000 00:00:1764934306.344014 2469828 gpu_timer.cc:114] Skipping the delay kernel, measurement accuracy will be reduced
W0000 00:00:1764934306.430447 2469828 gpu_timer.cc:114] Skipping the delay kernel, measurement accuracy will be reduced
W0000 00:00:1764934306.478521 2469828 gpu_timer.cc:114] Skipping the delay kernel, measurement accuracy will be reduced
W0000 00:00:1764934306.482401 2469828 gpu_timer.cc:114] Skipping the delay kernel, measurement accuracy will be reduced
W0000 00:00:1764934306.486253 2469828 gpu_timer.cc:114] Skipping the delay kernel, measurement accuracy will be reduced
W0000 00:00:1764934306.489373 2469828 gpu_timer.cc:114] Skipping the delay kernel, measurement accuracy will be reduced
W0000 00:00:1764934306.528542 2469828 gpu_timer.cc:114] Skipping the delay kernel, measurement accuracy will be reduced
W0000 00:00:1764934306.595395 2469828 gpu_timer.cc:114] Skipping the delay kernel, measurement accuracy will be reduced
W0000 00:00:1764934306.628804 2469828 gpu_timer.cc:114] Skipping the delay kernel, measurement accuracy will be reduced
W0000 00:00:1764934306.633092 2469828 gpu_timer.cc:114] Skipping the delay kernel, measurement accuracy will be reduced
W0000 00:00:1764934306.637967 2469828 gpu_timer.cc:114] Skipping the delay kernel, measurement accuracy will be reduced
W0000 00:00:1764934306.688891 2469828 gpu_timer.cc:114] Skipping the delay kernel, measurement accuracy will be reduced
W0000 00:00:1764934306.693239 2469828 gpu_timer.cc:114] Skipping the delay kernel, measurement accuracy will be reduced
W0000 00:00:1764934306.737165 2469828 gpu_timer.cc:114] Skipping the delay kernel, measurement accuracy will be reduced
W0000 00:00:1764934306.787043 2469828 gpu_timer.cc:114] Skipping the delay kernel, measurement accuracy will be reduced
W0000 00:00:1764934306.790096 2469828 gpu_timer.cc:114] Skipping the delay kernel, measurement accuracy will be reduced
W0000 00:00:1764934306.794525 2469828 gpu_timer.cc:114] Skipping the delay kernel, measurement accuracy will be reduced
W0000 00:00:1764934306.799925 2469828 gpu_timer.cc:114] Skipping the delay kernel, measurement accuracy will be reduced
W0000 00:00:1764934306.804315 2469828 gpu_timer.cc:114] Skipping the delay kernel, measurement accuracy will be reduced
W0000 00:00:1764934306.809882 2469828 gpu_timer.cc:114] Skipping the delay kernel, measurement accuracy will be reduced
W0000 00:00:1764934306.816438 2469828 gpu_timer.cc:114] Skipping the delay kernel, measurement accuracy will be reduced
W0000 00:00:1764934306.823046 2469828 gpu_timer.cc:114] Skipping the delay kernel, measurement accuracy will be reduced
W0000 00:00:1764934306.834199 2469828 gpu_timer.cc:114] Skipping the delay kernel, measurement accuracy will be reduced
W0000 00:00:1764934306.842123 2469828 gpu_timer.cc:114] Skipping the delay kernel, measurement accuracy will be reduced
W0000 00:00:1764934306.975842 2469828 gpu_timer.cc:114] Skipping the delay kernel, measurement accuracy will be reduced
W0000 00:00:1764934306.986710 2469828 gpu_timer.cc:114] Skipping the delay kernel, measurement accuracy will be reduced
W0000 00:00:1764934306.992489 2469828 gpu_timer.cc:114] Skipping the delay kernel, measurement accuracy will be reduced
W0000 00:00:1764934307.010066 2469828 gpu_timer.cc:114] Skipping the delay kernel, measurement accuracy will be reduced
W0000 00:00:1764934307.014802 2469828 gpu_timer.cc:114] Skipping the delay kernel, measurement accuracy will be reduced
W0000 00:00:1764934310.012976 2469828 gpu_timer.cc:114] Skipping the delay kernel, measurement accuracy will be reduced
W0000 00:00:1764934310.143208 2469828 gpu_timer.cc:114] Skipping the delay kernel, measurement accuracy will be reduced
W0000 00:00:1764934310.148534 2469828 gpu_timer.cc:114] Skipping the delay kernel, measurement accuracy will be reduced
W0000 00:00:1764934310.182613 2469828 gpu_timer.cc:114] Skipping the delay kernel, measurement accuracy will be reduced
W0000 00:00:1764934310.188228 2469828 gpu_timer.cc:114] Skipping the delay kernel, measurement accuracy will be reduced
W0000 00:00:1764934310.360260 2469828 gpu_timer.cc:114] Skipping the delay kernel, measurement accuracy will be reduced
W0000 00:00:1764934310.398458 2469828 gpu_timer.cc:114] Skipping the delay kernel, measurement accuracy will be reduced
W0000 00:00:1764934310.429653 2469828 gpu_timer.cc:114] Skipping the delay kernel, measurement accuracy will be reduced
W0000 00:00:1764934310.437567 2469828 gpu_timer.cc:114] Skipping the delay kernel, measurement accuracy will be reduced
W0000 00:00:1764934310.445478 2469828 gpu_timer.cc:114] Skipping the delay kernel, measurement accuracy will be reduced
W0000 00:00:1764934310.480216 2469828 gpu_timer.cc:114] Skipping the delay kernel, measurement accuracy will be reduced
W0000 00:00:1764934310.493208 2469828 gpu_timer.cc:114] Skipping the delay kernel, measurement accuracy will be reduced
W0000 00:00:1764934310.499714 2469828 gpu_timer.cc:114] Skipping the delay kernel, measurement accuracy will be reduced
W0000 00:00:1764934310.509068 2469828 gpu_timer.cc:114] Skipping the delay kernel, measurement accuracy will be reduced
W0000 00:00:1764934310.519184 2469828 gpu_timer.cc:114] Skipping the delay kernel, measurement accuracy will be reduced
W0000 00:00:1764934310.531096 2469828 gpu_timer.cc:114] Skipping the delay kernel, measurement accuracy will be reduced
W0000 00:00:1764934310.541114 2469828 gpu_timer.cc:114] Skipping the delay kernel, measurement accuracy will be reduced
W0000 00:00:1764934310.559306 2469828 gpu_timer.cc:114] Skipping the delay kernel, measurement accuracy will be reduced
W0000 00:00:1764934310.577161 2469828 gpu_timer.cc:114] Skipping the delay kernel, measurement accuracy will be reduced
W0000 00:00:1764934310.703050 2469828 gpu_timer.cc:114] Skipping the delay kernel, measurement accuracy will be reduced
W0000 00:00:1764934310.722631 2469828 gpu_timer.cc:114] Skipping the delay kernel, measurement accuracy will be reduced
W0000 00:00:1764934310.727234 2469828 gpu_timer.cc:114] Skipping the delay kernel, measurement accuracy will be reduced
W0000 00:00:1764934310.729997 2469828 gpu_timer.cc:114] Skipping the delay kernel, measurement accuracy will be reduced
W0000 00:00:1764934310.733777 2469828 gpu_timer.cc:114] Skipping the delay kernel, measurement accuracy will be reduced
W0000 00:00:1764934310.737776 2469828 gpu_timer.cc:114] Skipping the delay kernel, measurement accuracy will be reduced
W0000 00:00:1764934310.742054 2469828 gpu_timer.cc:114] Skipping the delay kernel, measurement accuracy will be reduced
W0000 00:00:1764934310.743346 2469828 gpu_timer.cc:114] Skipping the delay kernel, measurement accuracy will be reduced
W0000 00:00:1764934310.747922 2469828 gpu_timer.cc:114] Skipping the delay kernel, measurement accuracy will be reduced
W0000 00:00:1764934310.749513 2469828 gpu_timer.cc:114] Skipping the delay kernel, measurement accuracy will be reduced
W0000 00:00:1764934310.752291 2469828 gpu_timer.cc:114] Skipping the delay kernel, measurement accuracy will be reduced
W0000 00:00:1764934310.755085 2469828 gpu_timer.cc:114] Skipping the delay kernel, measurement accuracy will be reduced
W0000 00:00:1764934310.758069 2469828 gpu_timer.cc:114] Skipping the delay kernel, measurement accuracy will be reduced
W0000 00:00:1764934310.760942 2469828 gpu_timer.cc:114] Skipping the delay kernel, measurement accuracy will be reduced
W0000 00:00:1764934310.763832 2469828 gpu_timer.cc:114] Skipping the delay kernel, measurement accuracy will be reduced
W0000 00:00:1764934310.768946 2469828 gpu_timer.cc:114] Skipping the delay kernel, measurement accuracy will be reduced
W0000 00:00:1764934310.770224 2469828 gpu_timer.cc:114] Skipping the delay kernel, measurement accuracy will be reduced
W0000 00:00:1764934310.781830 2469828 gpu_timer.cc:114] Skipping the delay kernel, measurement accuracy will be reduced
W0000 00:00:1764934310.794003 2469828 gpu_timer.cc:114] Skipping the delay kernel, measurement accuracy will be reduced
W0000 00:00:1764934310.806420 2469828 gpu_timer.cc:114] Skipping the delay kernel, measurement accuracy will be reduced
W0000 00:00:1764934310.819175 2469828 gpu_timer.cc:114] Skipping the delay kernel, measurement accuracy will be reduced
WARNING: All log messages before absl::InitializeLog() is called are written to STDERR
I0000 00:00:1764934310.844775 2469828 service.cc:146] XLA service 0x7fd101bdeb70 initialized for platform CUDA (this does not guarantee that XLA will be used). Devices:
I0000 00:00:1764934310.867365 2469828 service.cc:154]   StreamExecutor device (0): NVIDIA GeForce RTX 4060, Compute Capability 8.9
2025-12-05 12:31:51.609596: I tensorflow/compiler/mlir/tensorflow/utils/dump_mlir_util.cc:268] disabling MLIR crash reproducer, set env var `MLIR_CRASH_REPRODUCER_DIRECTORY` to enable.
I0000 00:00:1764934312.805271 2469828 device_compiler.h:188] Compiled cluster using XLA!  This line is logged at most once for the lifetime of the process.
W0000 00:00:1764934313.002770 2469828 gpu_timer.cc:114] Skipping the delay kernel, measurement accuracy will be reduced
W0000 00:00:1764934313.005688 2469828 gpu_timer.cc:114] Skipping the delay kernel, measurement accuracy will be reduced
W0000 00:00:1764934313.008515 2469828 gpu_timer.cc:114] Skipping the delay kernel, measurement accuracy will be reduced
W0000 00:00:1764934313.011583 2469828 gpu_timer.cc:114] Skipping the delay kernel, measurement accuracy will be reduced
W0000 00:00:1764934313.067926 2469828 gpu_timer.cc:114] Skipping the delay kernel, measurement accuracy will be reduced
W0000 00:00:1764934313.103547 2469828 gpu_timer.cc:114] Skipping the delay kernel, measurement accuracy will be reduced
W0000 00:00:1764934313.107187 2469828 gpu_timer.cc:114] Skipping the delay kernel, measurement accuracy will be reduced
W0000 00:00:1764934313.110503 2469828 gpu_timer.cc:114] Skipping the delay kernel, measurement accuracy will be reduced
W0000 00:00:1764934313.113759 2469828 gpu_timer.cc:114] Skipping the delay kernel, measurement accuracy will be reduced
W0000 00:00:1764934313.116943 2469828 gpu_timer.cc:114] Skipping the delay kernel, measurement accuracy will be reduced
W0000 00:00:1764934313.120293 2469828 gpu_timer.cc:114] Skipping the delay kernel, measurement accuracy will be reduced
W0000 00:00:1764934313.123908 2469828 gpu_timer.cc:114] Skipping the delay kernel, measurement accuracy will be reduced
W0000 00:00:1764934313.127165 2469828 gpu_timer.cc:114] Skipping the delay kernel, measurement accuracy will be reduced
W0000 00:00:1764934313.130722 2469828 gpu_timer.cc:114] Skipping the delay kernel, measurement accuracy will be reduced
W0000 00:00:1764934313.134248 2469828 gpu_timer.cc:114] Skipping the delay kernel, measurement accuracy will be reduced
W0000 00:00:1764934313.137661 2469828 gpu_timer.cc:114] Skipping the delay kernel, measurement accuracy will be reduced
W0000 00:00:1764934313.141171 2469828 gpu_timer.cc:114] Skipping the delay kernel, measurement accuracy will be reduced
W0000 00:00:1764934313.144638 2469828 gpu_timer.cc:114] Skipping the delay kernel, measurement accuracy will be reduced
W0000 00:00:1764934313.148096 2469828 gpu_timer.cc:114] Skipping the delay kernel, measurement accuracy will be reduced
W0000 00:00:1764934313.151552 2469828 gpu_timer.cc:114] Skipping the delay kernel, measurement accuracy will be reduced
W0000 00:00:1764934313.155016 2469828 gpu_timer.cc:114] Skipping the delay kernel, measurement accuracy will be reduced
W0000 00:00:1764934313.159139 2469828 gpu_timer.cc:114] Skipping the delay kernel, measurement accuracy will be reduced
W0000 00:00:1764934313.163377 2469828 gpu_timer.cc:114] Skipping the delay kernel, measurement accuracy will be reduced
W0000 00:00:1764934313.168152 2469828 gpu_timer.cc:114] Skipping the delay kernel, measurement accuracy will be reduced
W0000 00:00:1764934313.172078 2469828 gpu_timer.cc:114] Skipping the delay kernel, measurement accuracy will be reduced
W0000 00:00:1764934313.175803 2469828 gpu_timer.cc:114] Skipping the delay kernel, measurement accuracy will be reduced
W0000 00:00:1764934313.180285 2469828 gpu_timer.cc:114] Skipping the delay kernel, measurement accuracy will be reduced
W0000 00:00:1764934313.184835 2469828 gpu_timer.cc:114] Skipping the delay kernel, measurement accuracy will be reduced
W0000 00:00:1764934313.189958 2469828 gpu_timer.cc:114] Skipping the delay kernel, measurement accuracy will be reduced
W0000 00:00:1764934313.194279 2469828 gpu_timer.cc:114] Skipping the delay kernel, measurement accuracy will be reduced
W0000 00:00:1764934313.199277 2469828 gpu_timer.cc:114] Skipping the delay kernel, measurement accuracy will be reduced
W0000 00:00:1764934313.205719 2469828 gpu_timer.cc:114] Skipping the delay kernel, measurement accuracy will be reduced
W0000 00:00:1764934313.215795 2469828 gpu_timer.cc:114] Skipping the delay kernel, measurement accuracy will be reduced
W0000 00:00:1764934313.284666 2469828 gpu_timer.cc:114] Skipping the delay kernel, measurement accuracy will be reduced
W0000 00:00:1764934313.287688 2469828 gpu_timer.cc:114] Skipping the delay kernel, measurement accuracy will be reduced
W0000 00:00:1764934313.290624 2469828 gpu_timer.cc:114] Skipping the delay kernel, measurement accuracy will be reduced
W0000 00:00:1764934313.293638 2469828 gpu_timer.cc:114] Skipping the delay kernel, measurement accuracy will be reduced
W0000 00:00:1764934313.296668 2469828 gpu_timer.cc:114] Skipping the delay kernel, measurement accuracy will be reduced
W0000 00:00:1764934313.300441 2469828 gpu_timer.cc:114] Skipping the delay kernel, measurement accuracy will be reduced
W0000 00:00:1764934313.304151 2469828 gpu_timer.cc:114] Skipping the delay kernel, measurement accuracy will be reduced
W0000 00:00:1764934313.307758 2469828 gpu_timer.cc:114] Skipping the delay kernel, measurement accuracy will be reduced
W0000 00:00:1764934313.311678 2469828 gpu_timer.cc:114] Skipping the delay kernel, measurement accuracy will be reduced
W0000 00:00:1764934313.315622 2469828 gpu_timer.cc:114] Skipping the delay kernel, measurement accuracy will be reduced
W0000 00:00:1764934313.320263 2469828 gpu_timer.cc:114] Skipping the delay kernel, measurement accuracy will be reduced
W0000 00:00:1764934313.324049 2469828 gpu_timer.cc:114] Skipping the delay kernel, measurement accuracy will be reduced
W0000 00:00:1764934313.328599 2469828 gpu_timer.cc:114] Skipping the delay kernel, measurement accuracy will be reduced
W0000 00:00:1764934313.333962 2469828 gpu_timer.cc:114] Skipping the delay kernel, measurement accuracy will be reduced
W0000 00:00:1764934313.338626 2469828 gpu_timer.cc:114] Skipping the delay kernel, measurement accuracy will be reduced
W0000 00:00:1764934313.343686 2469828 gpu_timer.cc:114] Skipping the delay kernel, measurement accuracy will be reduced
W0000 00:00:1764934313.348431 2469828 gpu_timer.cc:114] Skipping the delay kernel, measurement accuracy will be reduced
W0000 00:00:1764934313.353468 2469828 gpu_timer.cc:114] Skipping the delay kernel, measurement accuracy will be reduced
W0000 00:00:1764934313.371276 2469828 gpu_timer.cc:114] Skipping the delay kernel, measurement accuracy will be reduced
W0000 00:00:1764934313.375521 2469828 gpu_timer.cc:114] Skipping the delay kernel, measurement accuracy will be reduced
W0000 00:00:1764934313.379517 2469828 gpu_timer.cc:114] Skipping the delay kernel, measurement accuracy will be reduced
W0000 00:00:1764934313.466047 2469828 gpu_timer.cc:114] Skipping the delay kernel, measurement accuracy will be reduced
W0000 00:00:1764934313.467392 2469828 gpu_timer.cc:114] Skipping the delay kernel, measurement accuracy will be reduced
W0000 00:00:1764934313.468661 2469828 gpu_timer.cc:114] Skipping the delay kernel, measurement accuracy will be reduced
W0000 00:00:1764934313.469982 2469828 gpu_timer.cc:114] Skipping the delay kernel, measurement accuracy will be reduced
W0000 00:00:1764934313.471273 2469828 gpu_timer.cc:114] Skipping the delay kernel, measurement accuracy will be reduced
W0000 00:00:1764934313.472575 2469828 gpu_timer.cc:114] Skipping the delay kernel, measurement accuracy will be reduced
W0000 00:00:1764934313.473827 2469828 gpu_timer.cc:114] Skipping the delay kernel, measurement accuracy will be reduced
W0000 00:00:1764934313.475131 2469828 gpu_timer.cc:114] Skipping the delay kernel, measurement accuracy will be reduced
W0000 00:00:1764934313.476426 2469828 gpu_timer.cc:114] Skipping the delay kernel, measurement accuracy will be reduced
W0000 00:00:1764934313.477721 2469828 gpu_timer.cc:114] Skipping the delay kernel, measurement accuracy will be reduced
W0000 00:00:1764934313.479028 2469828 gpu_timer.cc:114] Skipping the delay kernel, measurement accuracy will be reduced
W0000 00:00:1764934313.480196 2469828 gpu_timer.cc:114] Skipping the delay kernel, measurement accuracy will be reduced
W0000 00:00:1764934313.481519 2469828 gpu_timer.cc:114] Skipping the delay kernel, measurement accuracy will be reduced
W0000 00:00:1764934313.482840 2469828 gpu_timer.cc:114] Skipping the delay kernel, measurement accuracy will be reduced
W0000 00:00:1764934313.484142 2469828 gpu_timer.cc:114] Skipping the delay kernel, measurement accuracy will be reduced
W0000 00:00:1764934313.485331 2469828 gpu_timer.cc:114] Skipping the delay kernel, measurement accuracy will be reduced
W0000 00:00:1764934313.486798 2469828 gpu_timer.cc:114] Skipping the delay kernel, measurement accuracy will be reduced
W0000 00:00:1764934313.488430 2469828 gpu_timer.cc:114] Skipping the delay kernel, measurement accuracy will be reduced
W0000 00:00:1764934313.489761 2469828 gpu_timer.cc:114] Skipping the delay kernel, measurement accuracy will be reduced
W0000 00:00:1764934313.491206 2469828 gpu_timer.cc:114] Skipping the delay kernel, measurement accuracy will be reduced
W0000 00:00:1764934313.492595 2469828 gpu_timer.cc:114] Skipping the delay kernel, measurement accuracy will be reduced
W0000 00:00:1764934313.494003 2469828 gpu_timer.cc:114] Skipping the delay kernel, measurement accuracy will be reduced
W0000 00:00:1764934313.495468 2469828 gpu_timer.cc:114] Skipping the delay kernel, measurement accuracy will be reduced
W0000 00:00:1764934313.496685 2469828 gpu_timer.cc:114] Skipping the delay kernel, measurement accuracy will be reduced
W0000 00:00:1764934313.497922 2469828 gpu_timer.cc:114] Skipping the delay kernel, measurement accuracy will be reduced
W0000 00:00:1764934313.499201 2469828 gpu_timer.cc:114] Skipping the delay kernel, measurement accuracy will be reduced
W0000 00:00:1764934313.500540 2469828 gpu_timer.cc:114] Skipping the delay kernel, measurement accuracy will be reduced
W0000 00:00:1764934313.502058 2469828 gpu_timer.cc:114] Skipping the delay kernel, measurement accuracy will be reduced
W0000 00:00:1764934313.503618 2469828 gpu_timer.cc:114] Skipping the delay kernel, measurement accuracy will be reduced
W0000 00:00:1764934313.505409 2469828 gpu_timer.cc:114] Skipping the delay kernel, measurement accuracy will be reduced
W0000 00:00:1764934313.506977 2469828 gpu_timer.cc:114] Skipping the delay kernel, measurement accuracy will be reduced
W0000 00:00:1764934313.508661 2469828 gpu_timer.cc:114] Skipping the delay kernel, measurement accuracy will be reduced
W0000 00:00:1764934313.510608 2469828 gpu_timer.cc:114] Skipping the delay kernel, measurement accuracy will be reduced
W0000 00:00:1764934313.515296 2469828 gpu_timer.cc:114] Skipping the delay kernel, measurement accuracy will be reduced
W0000 00:00:1764934313.559676 2469828 gpu_timer.cc:114] Skipping the delay kernel, measurement accuracy will be reduced
W0000 00:00:1764934313.561206 2469828 gpu_timer.cc:114] Skipping the delay kernel, measurement accuracy will be reduced
W0000 00:00:1764934313.562638 2469828 gpu_timer.cc:114] Skipping the delay kernel, measurement accuracy will be reduced
W0000 00:00:1764934313.564032 2469828 gpu_timer.cc:114] Skipping the delay kernel, measurement accuracy will be reduced
W0000 00:00:1764934313.565394 2469828 gpu_timer.cc:114] Skipping the delay kernel, measurement accuracy will be reduced
W0000 00:00:1764934313.566817 2469828 gpu_timer.cc:114] Skipping the delay kernel, measurement accuracy will be reduced
W0000 00:00:1764934313.568535 2469828 gpu_timer.cc:114] Skipping the delay kernel, measurement accuracy will be reduced
W0000 00:00:1764934313.569942 2469828 gpu_timer.cc:114] Skipping the delay kernel, measurement accuracy will be reduced
W0000 00:00:1764934313.571124 2469828 gpu_timer.cc:114] Skipping the delay kernel, measurement accuracy will be reduced
W0000 00:00:1764934313.572742 2469828 gpu_timer.cc:114] Skipping the delay kernel, measurement accuracy will be reduced
W0000 00:00:1764934313.573928 2469828 gpu_timer.cc:114] Skipping the delay kernel, measurement accuracy will be reduced
W0000 00:00:1764934313.575680 2469828 gpu_timer.cc:114] Skipping the delay kernel, measurement accuracy will be reduced
W0000 00:00:1764934313.577469 2469828 gpu_timer.cc:114] Skipping the delay kernel, measurement accuracy will be reduced
W0000 00:00:1764934313.579244 2469828 gpu_timer.cc:114] Skipping the delay kernel, measurement accuracy will be reduced
W0000 00:00:1764934313.580726 2469828 gpu_timer.cc:114] Skipping the delay kernel, measurement accuracy will be reduced
W0000 00:00:1764934313.582400 2469828 gpu_timer.cc:114] Skipping the delay kernel, measurement accuracy will be reduced
W0000 00:00:1764934313.583594 2469828 gpu_timer.cc:114] Skipping the delay kernel, measurement accuracy will be reduced
W0000 00:00:1764934313.584765 2469828 gpu_timer.cc:114] Skipping the delay kernel, measurement accuracy will be reduced
W0000 00:00:1764934313.586193 2469828 gpu_timer.cc:114] Skipping the delay kernel, measurement accuracy will be reduced
W0000 00:00:1764934313.587912 2469828 gpu_timer.cc:114] Skipping the delay kernel, measurement accuracy will be reduced
W0000 00:00:1764934313.589715 2469828 gpu_timer.cc:114] Skipping the delay kernel, measurement accuracy will be reduced
W0000 00:00:1764934313.591577 2469828 gpu_timer.cc:114] Skipping the delay kernel, measurement accuracy will be reduced
W0000 00:00:1764934313.708654 2469828 gpu_timer.cc:114] Skipping the delay kernel, measurement accuracy will be reduced
W0000 00:00:1764934313.709574 2469828 gpu_timer.cc:114] Skipping the delay kernel, measurement accuracy will be reduced
W0000 00:00:1764934313.710431 2469828 gpu_timer.cc:114] Skipping the delay kernel, measurement accuracy will be reduced
W0000 00:00:1764934313.711292 2469828 gpu_timer.cc:114] Skipping the delay kernel, measurement accuracy will be reduced
W0000 00:00:1764934313.712118 2469828 gpu_timer.cc:114] Skipping the delay kernel, measurement accuracy will be reduced
W0000 00:00:1764934313.712949 2469828 gpu_timer.cc:114] Skipping the delay kernel, measurement accuracy will be reduced
W0000 00:00:1764934313.713782 2469828 gpu_timer.cc:114] Skipping the delay kernel, measurement accuracy will be reduced
W0000 00:00:1764934313.714614 2469828 gpu_timer.cc:114] Skipping the delay kernel, measurement accuracy will be reduced
W0000 00:00:1764934313.715444 2469828 gpu_timer.cc:114] Skipping the delay kernel, measurement accuracy will be reduced
W0000 00:00:1764934313.716273 2469828 gpu_timer.cc:114] Skipping the delay kernel, measurement accuracy will be reduced
W0000 00:00:1764934313.717039 2469828 gpu_timer.cc:114] Skipping the delay kernel, measurement accuracy will be reduced
W0000 00:00:1764934313.717874 2469828 gpu_timer.cc:114] Skipping the delay kernel, measurement accuracy will be reduced
W0000 00:00:1764934313.718704 2469828 gpu_timer.cc:114] Skipping the delay kernel, measurement accuracy will be reduced
W0000 00:00:1764934313.719438 2469828 gpu_timer.cc:114] Skipping the delay kernel, measurement accuracy will be reduced
W0000 00:00:1764934313.720287 2469828 gpu_timer.cc:114] Skipping the delay kernel, measurement accuracy will be reduced
W0000 00:00:1764934313.721136 2469828 gpu_timer.cc:114] Skipping the delay kernel, measurement accuracy will be reduced
W0000 00:00:1764934313.722009 2469828 gpu_timer.cc:114] Skipping the delay kernel, measurement accuracy will be reduced
W0000 00:00:1764934313.722972 2469828 gpu_timer.cc:114] Skipping the delay kernel, measurement accuracy will be reduced
W0000 00:00:1764934313.723825 2469828 gpu_timer.cc:114] Skipping the delay kernel, measurement accuracy will be reduced
W0000 00:00:1764934313.724573 2469828 gpu_timer.cc:114] Skipping the delay kernel, measurement accuracy will be reduced
W0000 00:00:1764934313.725443 2469828 gpu_timer.cc:114] Skipping the delay kernel, measurement accuracy will be reduced
W0000 00:00:1764934313.726318 2469828 gpu_timer.cc:114] Skipping the delay kernel, measurement accuracy will be reduced
W0000 00:00:1764934313.727190 2469828 gpu_timer.cc:114] Skipping the delay kernel, measurement accuracy will be reduced
W0000 00:00:1764934313.728068 2469828 gpu_timer.cc:114] Skipping the delay kernel, measurement accuracy will be reduced
W0000 00:00:1764934313.728894 2469828 gpu_timer.cc:114] Skipping the delay kernel, measurement accuracy will be reduced
W0000 00:00:1764934313.729638 2469828 gpu_timer.cc:114] Skipping the delay kernel, measurement accuracy will be reduced
W0000 00:00:1764934313.730472 2469828 gpu_timer.cc:114] Skipping the delay kernel, measurement accuracy will be reduced
W0000 00:00:1764934313.731231 2469828 gpu_timer.cc:114] Skipping the delay kernel, measurement accuracy will be reduced
W0000 00:00:1764934313.732014 2469828 gpu_timer.cc:114] Skipping the delay kernel, measurement accuracy will be reduced
W0000 00:00:1764934313.732969 2469828 gpu_timer.cc:114] Skipping the delay kernel, measurement accuracy will be reduced
W0000 00:00:1764934313.733961 2469828 gpu_timer.cc:114] Skipping the delay kernel, measurement accuracy will be reduced
W0000 00:00:1764934313.735823 2469828 gpu_timer.cc:114] Skipping the delay kernel, measurement accuracy will be reduced
W0000 00:00:1764934313.748947 2469828 gpu_timer.cc:114] Skipping the delay kernel, measurement accuracy will be reduced
W0000 00:00:1764934313.749931 2469828 gpu_timer.cc:114] Skipping the delay kernel, measurement accuracy will be reduced
W0000 00:00:1764934313.750816 2469828 gpu_timer.cc:114] Skipping the delay kernel, measurement accuracy will be reduced
W0000 00:00:1764934313.751712 2469828 gpu_timer.cc:114] Skipping the delay kernel, measurement accuracy will be reduced
W0000 00:00:1764934313.752573 2469828 gpu_timer.cc:114] Skipping the delay kernel, measurement accuracy will be reduced
W0000 00:00:1764934313.753461 2469828 gpu_timer.cc:114] Skipping the delay kernel, measurement accuracy will be reduced
W0000 00:00:1764934313.754381 2469828 gpu_timer.cc:114] Skipping the delay kernel, measurement accuracy will be reduced
W0000 00:00:1764934313.755257 2469828 gpu_timer.cc:114] Skipping the delay kernel, measurement accuracy will be reduced
W0000 00:00:1764934313.755990 2469828 gpu_timer.cc:114] Skipping the delay kernel, measurement accuracy will be reduced
W0000 00:00:1764934313.756884 2469828 gpu_timer.cc:114] Skipping the delay kernel, measurement accuracy will be reduced
W0000 00:00:1764934313.757621 2469828 gpu_timer.cc:114] Skipping the delay kernel, measurement accuracy will be reduced
W0000 00:00:1764934313.758584 2469828 gpu_timer.cc:114] Skipping the delay kernel, measurement accuracy will be reduced
W0000 00:00:1764934313.759510 2469828 gpu_timer.cc:114] Skipping the delay kernel, measurement accuracy will be reduced
W0000 00:00:1764934313.760457 2469828 gpu_timer.cc:114] Skipping the delay kernel, measurement accuracy will be reduced
W0000 00:00:1764934313.761342 2469828 gpu_timer.cc:114] Skipping the delay kernel, measurement accuracy will be reduced
W0000 00:00:1764934313.762273 2469828 gpu_timer.cc:114] Skipping the delay kernel, measurement accuracy will be reduced
W0000 00:00:1764934313.763019 2469828 gpu_timer.cc:114] Skipping the delay kernel, measurement accuracy will be reduced
W0000 00:00:1764934313.763776 2469828 gpu_timer.cc:114] Skipping the delay kernel, measurement accuracy will be reduced
W0000 00:00:1764934313.764645 2469828 gpu_timer.cc:114] Skipping the delay kernel, measurement accuracy will be reduced
W0000 00:00:1764934313.765510 2469828 gpu_timer.cc:114] Skipping the delay kernel, measurement accuracy will be reduced
W0000 00:00:1764934313.766398 2469828 gpu_timer.cc:114] Skipping the delay kernel, measurement accuracy will be reduced
W0000 00:00:1764934313.767373 2469828 gpu_timer.cc:114] Skipping the delay kernel, measurement accuracy will be reduced
W0000 00:00:1764934313.768369 2469828 gpu_timer.cc:114] Skipping the delay kernel, measurement accuracy will be reduced
W0000 00:00:1764934313.814328 2469828 gpu_timer.cc:114] Skipping the delay kernel, measurement accuracy will be reduced
W0000 00:00:1764934313.814995 2469828 gpu_timer.cc:114] Skipping the delay kernel, measurement accuracy will be reduced
W0000 00:00:1764934313.815789 2469828 gpu_timer.cc:114] Skipping the delay kernel, measurement accuracy will be reduced
W0000 00:00:1764934313.816376 2469828 gpu_timer.cc:114] Skipping the delay kernel, measurement accuracy will be reduced
W0000 00:00:1764934313.816963 2469828 gpu_timer.cc:114] Skipping the delay kernel, measurement accuracy will be reduced
W0000 00:00:1764934313.817539 2469828 gpu_timer.cc:114] Skipping the delay kernel, measurement accuracy will be reduced
W0000 00:00:1764934313.818193 2469828 gpu_timer.cc:114] Skipping the delay kernel, measurement accuracy will be reduced
W0000 00:00:1764934313.818997 2469828 gpu_timer.cc:114] Skipping the delay kernel, measurement accuracy will be reduced
W0000 00:00:1764934313.819644 2469828 gpu_timer.cc:114] Skipping the delay kernel, measurement accuracy will be reduced
W0000 00:00:1764934313.820293 2469828 gpu_timer.cc:114] Skipping the delay kernel, measurement accuracy will be reduced
W0000 00:00:1764934313.820881 2469828 gpu_timer.cc:114] Skipping the delay kernel, measurement accuracy will be reduced
W0000 00:00:1764934313.821536 2469828 gpu_timer.cc:114] Skipping the delay kernel, measurement accuracy will be reduced
W0000 00:00:1764934313.822167 2469828 gpu_timer.cc:114] Skipping the delay kernel, measurement accuracy will be reduced
W0000 00:00:1764934313.822755 2469828 gpu_timer.cc:114] Skipping the delay kernel, measurement accuracy will be reduced
W0000 00:00:1764934313.823446 2469828 gpu_timer.cc:114] Skipping the delay kernel, measurement accuracy will be reduced
W0000 00:00:1764934313.824064 2469828 gpu_timer.cc:114] Skipping the delay kernel, measurement accuracy will be reduced
W0000 00:00:1764934313.824652 2469828 gpu_timer.cc:114] Skipping the delay kernel, measurement accuracy will be reduced
W0000 00:00:1764934313.825286 2469828 gpu_timer.cc:114] Skipping the delay kernel, measurement accuracy will be reduced
W0000 00:00:1764934313.825862 2469828 gpu_timer.cc:114] Skipping the delay kernel, measurement accuracy will be reduced
W0000 00:00:1764934313.826452 2469828 gpu_timer.cc:114] Skipping the delay kernel, measurement accuracy will be reduced
W0000 00:00:1764934313.827418 2469828 gpu_timer.cc:114] Skipping the delay kernel, measurement accuracy will be reduced
W0000 00:00:1764934313.834185 2469828 gpu_timer.cc:114] Skipping the delay kernel, measurement accuracy will be reduced
W0000 00:00:1764934313.834817 2469828 gpu_timer.cc:114] Skipping the delay kernel, measurement accuracy will be reduced
W0000 00:00:1764934313.835397 2469828 gpu_timer.cc:114] Skipping the delay kernel, measurement accuracy will be reduced
W0000 00:00:1764934313.835973 2469828 gpu_timer.cc:114] Skipping the delay kernel, measurement accuracy will be reduced
W0000 00:00:1764934313.836548 2469828 gpu_timer.cc:114] Skipping the delay kernel, measurement accuracy will be reduced
W0000 00:00:1764934313.837127 2469828 gpu_timer.cc:114] Skipping the delay kernel, measurement accuracy will be reduced
W0000 00:00:1764934313.837702 2469828 gpu_timer.cc:114] Skipping the delay kernel, measurement accuracy will be reduced
W0000 00:00:1764934313.838291 2469828 gpu_timer.cc:114] Skipping the delay kernel, measurement accuracy will be reduced
W0000 00:00:1764934313.838871 2469828 gpu_timer.cc:114] Skipping the delay kernel, measurement accuracy will be reduced
W0000 00:00:1764934313.839470 2469828 gpu_timer.cc:114] Skipping the delay kernel, measurement accuracy will be reduced
W0000 00:00:1764934313.840057 2469828 gpu_timer.cc:114] Skipping the delay kernel, measurement accuracy will be reduced
W0000 00:00:1764934313.840646 2469828 gpu_timer.cc:114] Skipping the delay kernel, measurement accuracy will be reduced
W0000 00:00:1764934313.841229 2469828 gpu_timer.cc:114] Skipping the delay kernel, measurement accuracy will be reduced
W0000 00:00:1764934313.841811 2469828 gpu_timer.cc:114] Skipping the delay kernel, measurement accuracy will be reduced
W0000 00:00:1764934313.842393 2469828 gpu_timer.cc:114] Skipping the delay kernel, measurement accuracy will be reduced
W0000 00:00:1764934313.842996 2469828 gpu_timer.cc:114] Skipping the delay kernel, measurement accuracy will be reduced
W0000 00:00:1764934313.843583 2469828 gpu_timer.cc:114] Skipping the delay kernel, measurement accuracy will be reduced
W0000 00:00:1764934313.844198 2469828 gpu_timer.cc:114] Skipping the delay kernel, measurement accuracy will be reduced
W0000 00:00:1764934313.844816 2469828 gpu_timer.cc:114] Skipping the delay kernel, measurement accuracy will be reduced
W0000 00:00:1764934313.845429 2469828 gpu_timer.cc:114] Skipping the delay kernel, measurement accuracy will be reduced
W0000 00:00:1764934313.846030 2469828 gpu_timer.cc:114] Skipping the delay kernel, measurement accuracy will be reduced
W0000 00:00:1764934313.846641 2469828 gpu_timer.cc:114] Skipping the delay kernel, measurement accuracy will be reduced
W0000 00:00:1764934313.847237 2469828 gpu_timer.cc:114] Skipping the delay kernel, measurement accuracy will be reduced
W0000 00:00:1764934313.847835 2469828 gpu_timer.cc:114] Skipping the delay kernel, measurement accuracy will be reduced
W0000 00:00:1764934313.848444 2469828 gpu_timer.cc:114] Skipping the delay kernel, measurement accuracy will be reduced
W0000 00:00:1764934313.849113 2469828 gpu_timer.cc:114] Skipping the delay kernel, measurement accuracy will be reduced
W0000 00:00:1764934313.849725 2469828 gpu_timer.cc:114] Skipping the delay kernel, measurement accuracy will be reduced
W0000 00:00:1764934313.850342 2469828 gpu_timer.cc:114] Skipping the delay kernel, measurement accuracy will be reduced
W0000 00:00:1764934313.850961 2469828 gpu_timer.cc:114] Skipping the delay kernel, measurement accuracy will be reduced
W0000 00:00:1764934313.851587 2469828 gpu_timer.cc:114] Skipping the delay kernel, measurement accuracy will be reduced
W0000 00:00:1764934313.852239 2469828 gpu_timer.cc:114] Skipping the delay kernel, measurement accuracy will be reduced
W0000 00:00:1764934313.852892 2469828 gpu_timer.cc:114] Skipping the delay kernel, measurement accuracy will be reduced
W0000 00:00:1764934313.853539 2469828 gpu_timer.cc:114] Skipping the delay kernel, measurement accuracy will be reduced
W0000 00:00:1764934313.854949 2469828 gpu_timer.cc:114] Skipping the delay kernel, measurement accuracy will be reduced
W0000 00:00:1764934314.048922 2469828 gpu_timer.cc:114] Skipping the delay kernel, measurement accuracy will be reduced
W0000 00:00:1764934314.049596 2469828 gpu_timer.cc:114] Skipping the delay kernel, measurement accuracy will be reduced
W0000 00:00:1764934314.050171 2469828 gpu_timer.cc:114] Skipping the delay kernel, measurement accuracy will be reduced
W0000 00:00:1764934314.050893 2469828 gpu_timer.cc:114] Skipping the delay kernel, measurement accuracy will be reduced
W0000 00:00:1764934314.051470 2469828 gpu_timer.cc:114] Skipping the delay kernel, measurement accuracy will be reduced
W0000 00:00:1764934314.052045 2469828 gpu_timer.cc:114] Skipping the delay kernel, measurement accuracy will be reduced
W0000 00:00:1764934314.052628 2469828 gpu_timer.cc:114] Skipping the delay kernel, measurement accuracy will be reduced
W0000 00:00:1764934314.053264 2469828 gpu_timer.cc:114] Skipping the delay kernel, measurement accuracy will be reduced
W0000 00:00:1764934314.054168 2469828 gpu_timer.cc:114] Skipping the delay kernel, measurement accuracy will be reduced
W0000 00:00:1764934314.054746 2469828 gpu_timer.cc:114] Skipping the delay kernel, measurement accuracy will be reduced
W0000 00:00:1764934314.055323 2469828 gpu_timer.cc:114] Skipping the delay kernel, measurement accuracy will be reduced
W0000 00:00:1764934314.055922 2469828 gpu_timer.cc:114] Skipping the delay kernel, measurement accuracy will be reduced
W0000 00:00:1764934314.056502 2469828 gpu_timer.cc:114] Skipping the delay kernel, measurement accuracy will be reduced
W0000 00:00:1764934314.057508 2469828 gpu_timer.cc:114] Skipping the delay kernel, measurement accuracy will be reduced
W0000 00:00:1764934314.058094 2469828 gpu_timer.cc:114] Skipping the delay kernel, measurement accuracy will be reduced
W0000 00:00:1764934314.058701 2469828 gpu_timer.cc:114] Skipping the delay kernel, measurement accuracy will be reduced
W0000 00:00:1764934314.059303 2469828 gpu_timer.cc:114] Skipping the delay kernel, measurement accuracy will be reduced
W0000 00:00:1764934314.061213 2469828 gpu_timer.cc:114] Skipping the delay kernel, measurement accuracy will be reduced
W0000 00:00:1764934314.065138 2469828 gpu_timer.cc:114] Skipping the delay kernel, measurement accuracy will be reduced
W0000 00:00:1764934314.065740 2469828 gpu_timer.cc:114] Skipping the delay kernel, measurement accuracy will be reduced
W0000 00:00:1764934314.066302 2469828 gpu_timer.cc:114] Skipping the delay kernel, measurement accuracy will be reduced
W0000 00:00:1764934314.066888 2469828 gpu_timer.cc:114] Skipping the delay kernel, measurement accuracy will be reduced
W0000 00:00:1764934314.067455 2469828 gpu_timer.cc:114] Skipping the delay kernel, measurement accuracy will be reduced
W0000 00:00:1764934314.068128 2469828 gpu_timer.cc:114] Skipping the delay kernel, measurement accuracy will be reduced
W0000 00:00:1764934314.068677 2469828 gpu_timer.cc:114] Skipping the delay kernel, measurement accuracy will be reduced
W0000 00:00:1764934314.069270 2469828 gpu_timer.cc:114] Skipping the delay kernel, measurement accuracy will be reduced
W0000 00:00:1764934314.069838 2469828 gpu_timer.cc:114] Skipping the delay kernel, measurement accuracy will be reduced
W0000 00:00:1764934314.070415 2469828 gpu_timer.cc:114] Skipping the delay kernel, measurement accuracy will be reduced
W0000 00:00:1764934314.070972 2469828 gpu_timer.cc:114] Skipping the delay kernel, measurement accuracy will be reduced
W0000 00:00:1764934314.071531 2469828 gpu_timer.cc:114] Skipping the delay kernel, measurement accuracy will be reduced
W0000 00:00:1764934314.072086 2469828 gpu_timer.cc:114] Skipping the delay kernel, measurement accuracy will be reduced
W0000 00:00:1764934314.072646 2469828 gpu_timer.cc:114] Skipping the delay kernel, measurement accuracy will be reduced
W0000 00:00:1764934314.073208 2469828 gpu_timer.cc:114] Skipping the delay kernel, measurement accuracy will be reduced
W0000 00:00:1764934314.073970 2469828 gpu_timer.cc:114] Skipping the delay kernel, measurement accuracy will be reduced
W0000 00:00:1764934314.074731 2469828 gpu_timer.cc:114] Skipping the delay kernel, measurement accuracy will be reduced
W0000 00:00:1764934314.075494 2469828 gpu_timer.cc:114] Skipping the delay kernel, measurement accuracy will be reduced
W0000 00:00:1764934314.076255 2469828 gpu_timer.cc:114] Skipping the delay kernel, measurement accuracy will be reduced
W0000 00:00:1764934314.119300 2469828 gpu_timer.cc:114] Skipping the delay kernel, measurement accuracy will be reduced
W0000 00:00:1764934314.119981 2469828 gpu_timer.cc:114] Skipping the delay kernel, measurement accuracy will be reduced
W0000 00:00:1764934314.120635 2469828 gpu_timer.cc:114] Skipping the delay kernel, measurement accuracy will be reduced
W0000 00:00:1764934314.121249 2469828 gpu_timer.cc:114] Skipping the delay kernel, measurement accuracy will be reduced
W0000 00:00:1764934314.121911 2469828 gpu_timer.cc:114] Skipping the delay kernel, measurement accuracy will be reduced
W0000 00:00:1764934314.122524 2469828 gpu_timer.cc:114] Skipping the delay kernel, measurement accuracy will be reduced
W0000 00:00:1764934314.123318 2469828 gpu_timer.cc:114] Skipping the delay kernel, measurement accuracy will be reduced
W0000 00:00:1764934314.123988 2469828 gpu_timer.cc:114] Skipping the delay kernel, measurement accuracy will be reduced
W0000 00:00:1764934314.124653 2469828 gpu_timer.cc:114] Skipping the delay kernel, measurement accuracy will be reduced
W0000 00:00:1764934314.125354 2469828 gpu_timer.cc:114] Skipping the delay kernel, measurement accuracy will be reduced
W0000 00:00:1764934314.125986 2469828 gpu_timer.cc:114] Skipping the delay kernel, measurement accuracy will be reduced
W0000 00:00:1764934314.127009 2469828 gpu_timer.cc:114] Skipping the delay kernel, measurement accuracy will be reduced
W0000 00:00:1764934314.127619 2469828 gpu_timer.cc:114] Skipping the delay kernel, measurement accuracy will be reduced
W0000 00:00:1764934314.128295 2469828 gpu_timer.cc:114] Skipping the delay kernel, measurement accuracy will be reduced
W0000 00:00:1764934314.128912 2469828 gpu_timer.cc:114] Skipping the delay kernel, measurement accuracy will be reduced
W0000 00:00:1764934314.129826 2469828 gpu_timer.cc:114] Skipping the delay kernel, measurement accuracy will be reduced
W0000 00:00:1764934314.130566 2469828 gpu_timer.cc:114] Skipping the delay kernel, measurement accuracy will be reduced
W0000 00:00:1764934314.132395 2469828 gpu_timer.cc:114] Skipping the delay kernel, measurement accuracy will be reduced
W0000 00:00:1764934314.141802 2469828 gpu_timer.cc:114] Skipping the delay kernel, measurement accuracy will be reduced
W0000 00:00:1764934314.142649 2469828 gpu_timer.cc:114] Skipping the delay kernel, measurement accuracy will be reduced
W0000 00:00:1764934314.143264 2469828 gpu_timer.cc:114] Skipping the delay kernel, measurement accuracy will be reduced
W0000 00:00:1764934314.143865 2469828 gpu_timer.cc:114] Skipping the delay kernel, measurement accuracy will be reduced
W0000 00:00:1764934314.144492 2469828 gpu_timer.cc:114] Skipping the delay kernel, measurement accuracy will be reduced
W0000 00:00:1764934314.145098 2469828 gpu_timer.cc:114] Skipping the delay kernel, measurement accuracy will be reduced
W0000 00:00:1764934314.146032 2469828 gpu_timer.cc:114] Skipping the delay kernel, measurement accuracy will be reduced
W0000 00:00:1764934314.146653 2469828 gpu_timer.cc:114] Skipping the delay kernel, measurement accuracy will be reduced
W0000 00:00:1764934314.147295 2469828 gpu_timer.cc:114] Skipping the delay kernel, measurement accuracy will be reduced
W0000 00:00:1764934314.147900 2469828 gpu_timer.cc:114] Skipping the delay kernel, measurement accuracy will be reduced
W0000 00:00:1764934314.148483 2469828 gpu_timer.cc:114] Skipping the delay kernel, measurement accuracy will be reduced
W0000 00:00:1764934314.149079 2469828 gpu_timer.cc:114] Skipping the delay kernel, measurement accuracy will be reduced
W0000 00:00:1764934314.149673 2469828 gpu_timer.cc:114] Skipping the delay kernel, measurement accuracy will be reduced
W0000 00:00:1764934314.150273 2469828 gpu_timer.cc:114] Skipping the delay kernel, measurement accuracy will be reduced
W0000 00:00:1764934314.150912 2469828 gpu_timer.cc:114] Skipping the delay kernel, measurement accuracy will be reduced
W0000 00:00:1764934314.151683 2469828 gpu_timer.cc:114] Skipping the delay kernel, measurement accuracy will be reduced
W0000 00:00:1764934314.152460 2469828 gpu_timer.cc:114] Skipping the delay kernel, measurement accuracy will be reduced
W0000 00:00:1764934314.153239 2469828 gpu_timer.cc:114] Skipping the delay kernel, measurement accuracy will be reduced
W0000 00:00:1764934314.154016 2469828 gpu_timer.cc:114] Skipping the delay kernel, measurement accuracy will be reduced
W0000 00:00:1764934314.277595 2469828 gpu_timer.cc:114] Skipping the delay kernel, measurement accuracy will be reduced
W0000 00:00:1764934314.278793 2469828 gpu_timer.cc:114] Skipping the delay kernel, measurement accuracy will be reduced
W0000 00:00:1764934314.279829 2469828 gpu_timer.cc:114] Skipping the delay kernel, measurement accuracy will be reduced
W0000 00:00:1764934314.280993 2469828 gpu_timer.cc:114] Skipping the delay kernel, measurement accuracy will be reduced
W0000 00:00:1764934314.282009 2469828 gpu_timer.cc:114] Skipping the delay kernel, measurement accuracy will be reduced
W0000 00:00:1764934314.283061 2469828 gpu_timer.cc:114] Skipping the delay kernel, measurement accuracy will be reduced
W0000 00:00:1764934314.284232 2469828 gpu_timer.cc:114] Skipping the delay kernel, measurement accuracy will be reduced
W0000 00:00:1764934314.285170 2469828 gpu_timer.cc:114] Skipping the delay kernel, measurement accuracy will be reduced
W0000 00:00:1764934314.286325 2469828 gpu_timer.cc:114] Skipping the delay kernel, measurement accuracy will be reduced
W0000 00:00:1764934314.287658 2469828 gpu_timer.cc:114] Skipping the delay kernel, measurement accuracy will be reduced
W0000 00:00:1764934314.289532 2469828 gpu_timer.cc:114] Skipping the delay kernel, measurement accuracy will be reduced
W0000 00:00:1764934314.290740 2469828 gpu_timer.cc:114] Skipping the delay kernel, measurement accuracy will be reduced
W0000 00:00:1764934314.291728 2469828 gpu_timer.cc:114] Skipping the delay kernel, measurement accuracy will be reduced
W0000 00:00:1764934314.292999 2469828 gpu_timer.cc:114] Skipping the delay kernel, measurement accuracy will be reduced
W0000 00:00:1764934314.294139 2469828 gpu_timer.cc:114] Skipping the delay kernel, measurement accuracy will be reduced
W0000 00:00:1764934314.295080 2469828 gpu_timer.cc:114] Skipping the delay kernel, measurement accuracy will be reduced
W0000 00:00:1764934314.296245 2469828 gpu_timer.cc:114] Skipping the delay kernel, measurement accuracy will be reduced
W0000 00:00:1764934314.298209 2469828 gpu_timer.cc:114] Skipping the delay kernel, measurement accuracy will be reduced
W0000 00:00:1764934314.299166 2469828 gpu_timer.cc:114] Skipping the delay kernel, measurement accuracy will be reduced
W0000 00:00:1764934314.300156 2469828 gpu_timer.cc:114] Skipping the delay kernel, measurement accuracy will be reduced
W0000 00:00:1764934314.302883 2469828 gpu_timer.cc:114] Skipping the delay kernel, measurement accuracy will be reduced
W0000 00:00:1764934327.410811 2469830 gpu_timer.cc:114] Skipping the delay kernel, measurement accuracy will be reduced
W0000 00:00:1764934327.411428 2469830 gpu_timer.cc:114] Skipping the delay kernel, measurement accuracy will be reduced
W0000 00:00:1764934327.411984 2469830 gpu_timer.cc:114] Skipping the delay kernel, measurement accuracy will be reduced
W0000 00:00:1764934327.412540 2469830 gpu_timer.cc:114] Skipping the delay kernel, measurement accuracy will be reduced
W0000 00:00:1764934327.413094 2469830 gpu_timer.cc:114] Skipping the delay kernel, measurement accuracy will be reduced
W0000 00:00:1764934327.413650 2469830 gpu_timer.cc:114] Skipping the delay kernel, measurement accuracy will be reduced
W0000 00:00:1764934327.414222 2469830 gpu_timer.cc:114] Skipping the delay kernel, measurement accuracy will be reduced
W0000 00:00:1764934327.414791 2469830 gpu_timer.cc:114] Skipping the delay kernel, measurement accuracy will be reduced
W0000 00:00:1764934327.415454 2469830 gpu_timer.cc:114] Skipping the delay kernel, measurement accuracy will be reduced
W0000 00:00:1764934327.416119 2469830 gpu_timer.cc:114] Skipping the delay kernel, measurement accuracy will be reduced
W0000 00:00:1764934327.416687 2469830 gpu_timer.cc:114] Skipping the delay kernel, measurement accuracy will be reduced
W0000 00:00:1764934327.417260 2469830 gpu_timer.cc:114] Skipping the delay kernel, measurement accuracy will be reduced
W0000 00:00:1764934327.417952 2469830 gpu_timer.cc:114] Skipping the delay kernel, measurement accuracy will be reduced
W0000 00:00:1764934327.418631 2469830 gpu_timer.cc:114] Skipping the delay kernel, measurement accuracy will be reduced
W0000 00:00:1764934327.422932 2469830 gpu_timer.cc:114] Skipping the delay kernel, measurement accuracy will be reduced
W0000 00:00:1764934327.423779 2469830 gpu_timer.cc:114] Skipping the delay kernel, measurement accuracy will be reduced
W0000 00:00:1764934327.424540 2469830 gpu_timer.cc:114] Skipping the delay kernel, measurement accuracy will be reduced
W0000 00:00:1764934327.425302 2469830 gpu_timer.cc:114] Skipping the delay kernel, measurement accuracy will be reduced
W0000 00:00:1764934327.426171 2469830 gpu_timer.cc:114] Skipping the delay kernel, measurement accuracy will be reduced
W0000 00:00:1764934327.426791 2469830 gpu_timer.cc:114] Skipping the delay kernel, measurement accuracy will be reduced
W0000 00:00:1764934327.427608 2469830 gpu_timer.cc:114] Skipping the delay kernel, measurement accuracy will be reduced
W0000 00:00:1764934327.428263 2469830 gpu_timer.cc:114] Skipping the delay kernel, measurement accuracy will be reduced
W0000 00:00:1764934327.428932 2469830 gpu_timer.cc:114] Skipping the delay kernel, measurement accuracy will be reduced
W0000 00:00:1764934327.429574 2469830 gpu_timer.cc:114] Skipping the delay kernel, measurement accuracy will be reduced
W0000 00:00:1764934327.430201 2469830 gpu_timer.cc:114] Skipping the delay kernel, measurement accuracy will be reduced
W0000 00:00:1764934327.430919 2469830 gpu_timer.cc:114] Skipping the delay kernel, measurement accuracy will be reduced
W0000 00:00:1764934327.431587 2469830 gpu_timer.cc:114] Skipping the delay kernel, measurement accuracy will be reduced
W0000 00:00:1764934327.432253 2469830 gpu_timer.cc:114] Skipping the delay kernel, measurement accuracy will be reduced
W0000 00:00:1764934327.432925 2469830 gpu_timer.cc:114] Skipping the delay kernel, measurement accuracy will be reduced
W0000 00:00:1764934327.435395 2469830 gpu_timer.cc:114] Skipping the delay kernel, measurement accuracy will be reduced
W0000 00:00:1764934327.440516 2469830 gpu_timer.cc:114] Skipping the delay kernel, measurement accuracy will be reduced
W0000 00:00:1764934327.441141 2469830 gpu_timer.cc:114] Skipping the delay kernel, measurement accuracy will be reduced
W0000 00:00:1764934327.441733 2469830 gpu_timer.cc:114] Skipping the delay kernel, measurement accuracy will be reduced
W0000 00:00:1764934327.442352 2469830 gpu_timer.cc:114] Skipping the delay kernel, measurement accuracy will be reduced
W0000 00:00:1764934327.442966 2469830 gpu_timer.cc:114] Skipping the delay kernel, measurement accuracy will be reduced
W0000 00:00:1764934327.443577 2469830 gpu_timer.cc:114] Skipping the delay kernel, measurement accuracy will be reduced
W0000 00:00:1764934327.444180 2469830 gpu_timer.cc:114] Skipping the delay kernel, measurement accuracy will be reduced
W0000 00:00:1764934327.444781 2469830 gpu_timer.cc:114] Skipping the delay kernel, measurement accuracy will be reduced
W0000 00:00:1764934327.445397 2469830 gpu_timer.cc:114] Skipping the delay kernel, measurement accuracy will be reduced
W0000 00:00:1764934327.446056 2469830 gpu_timer.cc:114] Skipping the delay kernel, measurement accuracy will be reduced
W0000 00:00:1764934327.446680 2469830 gpu_timer.cc:114] Skipping the delay kernel, measurement accuracy will be reduced
W0000 00:00:1764934327.447301 2469830 gpu_timer.cc:114] Skipping the delay kernel, measurement accuracy will be reduced
W0000 00:00:1764934327.447941 2469830 gpu_timer.cc:114] Skipping the delay kernel, measurement accuracy will be reduced
W0000 00:00:1764934327.448604 2469830 gpu_timer.cc:114] Skipping the delay kernel, measurement accuracy will be reduced
W0000 00:00:1764934327.449266 2469830 gpu_timer.cc:114] Skipping the delay kernel, measurement accuracy will be reduced
W0000 00:00:1764934327.450383 2469830 gpu_timer.cc:114] Skipping the delay kernel, measurement accuracy will be reduced
W0000 00:00:1764934327.454705 2469830 gpu_timer.cc:114] Skipping the delay kernel, measurement accuracy will be reduced
W0000 00:00:1764934327.455315 2469830 gpu_timer.cc:114] Skipping the delay kernel, measurement accuracy will be reduced
W0000 00:00:1764934327.455896 2469830 gpu_timer.cc:114] Skipping the delay kernel, measurement accuracy will be reduced
W0000 00:00:1764934327.456505 2469830 gpu_timer.cc:114] Skipping the delay kernel, measurement accuracy will be reduced
W0000 00:00:1764934327.457091 2469830 gpu_timer.cc:114] Skipping the delay kernel, measurement accuracy will be reduced
W0000 00:00:1764934327.457704 2469830 gpu_timer.cc:114] Skipping the delay kernel, measurement accuracy will be reduced
W0000 00:00:1764934327.458299 2469830 gpu_timer.cc:114] Skipping the delay kernel, measurement accuracy will be reduced
W0000 00:00:1764934327.458895 2469830 gpu_timer.cc:114] Skipping the delay kernel, measurement accuracy will be reduced
W0000 00:00:1764934327.459499 2469830 gpu_timer.cc:114] Skipping the delay kernel, measurement accuracy will be reduced
W0000 00:00:1764934327.460155 2469830 gpu_timer.cc:114] Skipping the delay kernel, measurement accuracy will be reduced
W0000 00:00:1764934327.460774 2469830 gpu_timer.cc:114] Skipping the delay kernel, measurement accuracy will be reduced
W0000 00:00:1764934327.461401 2469830 gpu_timer.cc:114] Skipping the delay kernel, measurement accuracy will be reduced
W0000 00:00:1764934327.462040 2469830 gpu_timer.cc:114] Skipping the delay kernel, measurement accuracy will be reduced
W0000 00:00:1764934327.462694 2469830 gpu_timer.cc:114] Skipping the delay kernel, measurement accuracy will be reduced
W0000 00:00:1764934327.463351 2469830 gpu_timer.cc:114] Skipping the delay kernel, measurement accuracy will be reduced
W0000 00:00:1764934327.464090 2469830 gpu_timer.cc:114] Skipping the delay kernel, measurement accuracy will be reduced
W0000 00:00:1764934327.468408 2469830 gpu_timer.cc:114] Skipping the delay kernel, measurement accuracy will be reduced
W0000 00:00:1764934327.469004 2469830 gpu_timer.cc:114] Skipping the delay kernel, measurement accuracy will be reduced
W0000 00:00:1764934327.469578 2469830 gpu_timer.cc:114] Skipping the delay kernel, measurement accuracy will be reduced
W0000 00:00:1764934327.470186 2469830 gpu_timer.cc:114] Skipping the delay kernel, measurement accuracy will be reduced
W0000 00:00:1764934327.470764 2469830 gpu_timer.cc:114] Skipping the delay kernel, measurement accuracy will be reduced
W0000 00:00:1764934327.471372 2469830 gpu_timer.cc:114] Skipping the delay kernel, measurement accuracy will be reduced
W0000 00:00:1764934327.471965 2469830 gpu_timer.cc:114] Skipping the delay kernel, measurement accuracy will be reduced
W0000 00:00:1764934327.472558 2469830 gpu_timer.cc:114] Skipping the delay kernel, measurement accuracy will be reduced
W0000 00:00:1764934327.473154 2469830 gpu_timer.cc:114] Skipping the delay kernel, measurement accuracy will be reduced
W0000 00:00:1764934327.473790 2469830 gpu_timer.cc:114] Skipping the delay kernel, measurement accuracy will be reduced
W0000 00:00:1764934327.474404 2469830 gpu_timer.cc:114] Skipping the delay kernel, measurement accuracy will be reduced
W0000 00:00:1764934327.475031 2469830 gpu_timer.cc:114] Skipping the delay kernel, measurement accuracy will be reduced
W0000 00:00:1764934327.475670 2469830 gpu_timer.cc:114] Skipping the delay kernel, measurement accuracy will be reduced
W0000 00:00:1764934327.476306 2469830 gpu_timer.cc:114] Skipping the delay kernel, measurement accuracy will be reduced
W0000 00:00:1764934327.476959 2469830 gpu_timer.cc:114] Skipping the delay kernel, measurement accuracy will be reduced
W0000 00:00:1764934327.477664 2469830 gpu_timer.cc:114] Skipping the delay kernel, measurement accuracy will be reduced
W0000 00:00:1764934327.481202 2469830 gpu_timer.cc:114] Skipping the delay kernel, measurement accuracy will be reduced
W0000 00:00:1764934327.481778 2469830 gpu_timer.cc:114] Skipping the delay kernel, measurement accuracy will be reduced
W0000 00:00:1764934327.482331 2469830 gpu_timer.cc:114] Skipping the delay kernel, measurement accuracy will be reduced
W0000 00:00:1764934327.482889 2469830 gpu_timer.cc:114] Skipping the delay kernel, measurement accuracy will be reduced
W0000 00:00:1764934327.483443 2469830 gpu_timer.cc:114] Skipping the delay kernel, measurement accuracy will be reduced
W0000 00:00:1764934327.483999 2469830 gpu_timer.cc:114] Skipping the delay kernel, measurement accuracy will be reduced
W0000 00:00:1764934327.484556 2469830 gpu_timer.cc:114] Skipping the delay kernel, measurement accuracy will be reduced
W0000 00:00:1764934327.485118 2469830 gpu_timer.cc:114] Skipping the delay kernel, measurement accuracy will be reduced
W0000 00:00:1764934327.485692 2469830 gpu_timer.cc:114] Skipping the delay kernel, measurement accuracy will be reduced
W0000 00:00:1764934327.486252 2469830 gpu_timer.cc:114] Skipping the delay kernel, measurement accuracy will be reduced
W0000 00:00:1764934327.486812 2469830 gpu_timer.cc:114] Skipping the delay kernel, measurement accuracy will be reduced
W0000 00:00:1764934327.487374 2469830 gpu_timer.cc:114] Skipping the delay kernel, measurement accuracy will be reduced
W0000 00:00:1764934327.487934 2469830 gpu_timer.cc:114] Skipping the delay kernel, measurement accuracy will be reduced
W0000 00:00:1764934327.488511 2469830 gpu_timer.cc:114] Skipping the delay kernel, measurement accuracy will be reduced
W0000 00:00:1764934327.489079 2469830 gpu_timer.cc:114] Skipping the delay kernel, measurement accuracy will be reduced
W0000 00:00:1764934327.489653 2469830 gpu_timer.cc:114] Skipping the delay kernel, measurement accuracy will be reduced
W0000 00:00:1764934327.490225 2469830 gpu_timer.cc:114] Skipping the delay kernel, measurement accuracy will be reduced
W0000 00:00:1764934327.491063 2469830 gpu_timer.cc:114] Skipping the delay kernel, measurement accuracy will be reduced
W0000 00:00:1764934327.493847 2469830 gpu_timer.cc:114] Skipping the delay kernel, measurement accuracy will be reduced
W0000 00:00:1764934327.494462 2469830 gpu_timer.cc:114] Skipping the delay kernel, measurement accuracy will be reduced
W0000 00:00:1764934327.495050 2469830 gpu_timer.cc:114] Skipping the delay kernel, measurement accuracy will be reduced
W0000 00:00:1764934327.495625 2469830 gpu_timer.cc:114] Skipping the delay kernel, measurement accuracy will be reduced
W0000 00:00:1764934327.496208 2469830 gpu_timer.cc:114] Skipping the delay kernel, measurement accuracy will be reduced
W0000 00:00:1764934327.496790 2469830 gpu_timer.cc:114] Skipping the delay kernel, measurement accuracy will be reduced
W0000 00:00:1764934327.497412 2469830 gpu_timer.cc:114] Skipping the delay kernel, measurement accuracy will be reduced
W0000 00:00:1764934327.497996 2469830 gpu_timer.cc:114] Skipping the delay kernel, measurement accuracy will be reduced
W0000 00:00:1764934327.498578 2469830 gpu_timer.cc:114] Skipping the delay kernel, measurement accuracy will be reduced
W0000 00:00:1764934327.499178 2469830 gpu_timer.cc:114] Skipping the delay kernel, measurement accuracy will be reduced
W0000 00:00:1764934327.499774 2469830 gpu_timer.cc:114] Skipping the delay kernel, measurement accuracy will be reduced
W0000 00:00:1764934327.500394 2469830 gpu_timer.cc:114] Skipping the delay kernel, measurement accuracy will be reduced
W0000 00:00:1764934327.500983 2469830 gpu_timer.cc:114] Skipping the delay kernel, measurement accuracy will be reduced
W0000 00:00:1764934327.501591 2469830 gpu_timer.cc:114] Skipping the delay kernel, measurement accuracy will be reduced
W0000 00:00:1764934327.502198 2469830 gpu_timer.cc:114] Skipping the delay kernel, measurement accuracy will be reduced
W0000 00:00:1764934327.502809 2469830 gpu_timer.cc:114] Skipping the delay kernel, measurement accuracy will be reduced
W0000 00:00:1764934327.503392 2469830 gpu_timer.cc:114] Skipping the delay kernel, measurement accuracy will be reduced
W0000 00:00:1764934327.504737 2469830 gpu_timer.cc:114] Skipping the delay kernel, measurement accuracy will be reduced
W0000 00:00:1764934327.509087 2469830 gpu_timer.cc:114] Skipping the delay kernel, measurement accuracy will be reduced
W0000 00:00:1764934327.509896 2469830 gpu_timer.cc:114] Skipping the delay kernel, measurement accuracy will be reduced
W0000 00:00:1764934327.510700 2469830 gpu_timer.cc:114] Skipping the delay kernel, measurement accuracy will be reduced
W0000 00:00:1764934327.511474 2469830 gpu_timer.cc:114] Skipping the delay kernel, measurement accuracy will be reduced
W0000 00:00:1764934327.512239 2469830 gpu_timer.cc:114] Skipping the delay kernel, measurement accuracy will be reduced
W0000 00:00:1764934327.513011 2469830 gpu_timer.cc:114] Skipping the delay kernel, measurement accuracy will be reduced
W0000 00:00:1764934327.513771 2469830 gpu_timer.cc:114] Skipping the delay kernel, measurement accuracy will be reduced
W0000 00:00:1764934327.514687 2469830 gpu_timer.cc:114] Skipping the delay kernel, measurement accuracy will be reduced
W0000 00:00:1764934327.515595 2469830 gpu_timer.cc:114] Skipping the delay kernel, measurement accuracy will be reduced
W0000 00:00:1764934327.516383 2469830 gpu_timer.cc:114] Skipping the delay kernel, measurement accuracy will be reduced
W0000 00:00:1764934327.517181 2469830 gpu_timer.cc:114] Skipping the delay kernel, measurement accuracy will be reduced
W0000 00:00:1764934327.517976 2469830 gpu_timer.cc:114] Skipping the delay kernel, measurement accuracy will be reduced
W0000 00:00:1764934327.518823 2469830 gpu_timer.cc:114] Skipping the delay kernel, measurement accuracy will be reduced
W0000 00:00:1764934327.519567 2469830 gpu_timer.cc:114] Skipping the delay kernel, measurement accuracy will be reduced
W0000 00:00:1764934327.520313 2469830 gpu_timer.cc:114] Skipping the delay kernel, measurement accuracy will be reduced
W0000 00:00:1764934327.521017 2469830 gpu_timer.cc:114] Skipping the delay kernel, measurement accuracy will be reduced
W0000 00:00:1764934327.521737 2469830 gpu_timer.cc:114] Skipping the delay kernel, measurement accuracy will be reduced
W0000 00:00:1764934327.529505 2469830 gpu_timer.cc:114] Skipping the delay kernel, measurement accuracy will be reduced
W0000 00:00:1764934327.533742 2469830 gpu_timer.cc:114] Skipping the delay kernel, measurement accuracy will be reduced
W0000 00:00:1764934327.534857 2469830 gpu_timer.cc:114] Skipping the delay kernel, measurement accuracy will be reduced
W0000 00:00:1764934327.535967 2469830 gpu_timer.cc:114] Skipping the delay kernel, measurement accuracy will be reduced
W0000 00:00:1764934327.537114 2469830 gpu_timer.cc:114] Skipping the delay kernel, measurement accuracy will be reduced
W0000 00:00:1764934327.538325 2469830 gpu_timer.cc:114] Skipping the delay kernel, measurement accuracy will be reduced
W0000 00:00:1764934327.539385 2469830 gpu_timer.cc:114] Skipping the delay kernel, measurement accuracy will be reduced
W0000 00:00:1764934327.540445 2469830 gpu_timer.cc:114] Skipping the delay kernel, measurement accuracy will be reduced
W0000 00:00:1764934327.541632 2469830 gpu_timer.cc:114] Skipping the delay kernel, measurement accuracy will be reduced
W0000 00:00:1764934327.542817 2469830 gpu_timer.cc:114] Skipping the delay kernel, measurement accuracy will be reduced
W0000 00:00:1764934327.544038 2469830 gpu_timer.cc:114] Skipping the delay kernel, measurement accuracy will be reduced
W0000 00:00:1764934327.545436 2469830 gpu_timer.cc:114] Skipping the delay kernel, measurement accuracy will be reduced
W0000 00:00:1764934327.547012 2469830 gpu_timer.cc:114] Skipping the delay kernel, measurement accuracy will be reduced
W0000 00:00:1764934327.548649 2469830 gpu_timer.cc:114] Skipping the delay kernel, measurement accuracy will be reduced
W0000 00:00:1764934327.550136 2469830 gpu_timer.cc:114] Skipping the delay kernel, measurement accuracy will be reduced
W0000 00:00:1764934327.551552 2469830 gpu_timer.cc:114] Skipping the delay kernel, measurement accuracy will be reduced
W0000 00:00:1764934327.552970 2469830 gpu_timer.cc:114] Skipping the delay kernel, measurement accuracy will be reduced
W0000 00:00:1764934327.554404 2469830 gpu_timer.cc:114] Skipping the delay kernel, measurement accuracy will be reduced
W0000 00:00:1764934327.558818 2469830 gpu_timer.cc:114] Skipping the delay kernel, measurement accuracy will be reduced
W0000 00:00:1764934327.592781 2469830 gpu_timer.cc:114] Skipping the delay kernel, measurement accuracy will be reduced
W0000 00:00:1764934327.593677 2469830 gpu_timer.cc:114] Skipping the delay kernel, measurement accuracy will be reduced
W0000 00:00:1764934327.594853 2469830 gpu_timer.cc:114] Skipping the delay kernel, measurement accuracy will be reduced
W0000 00:00:1764934327.596014 2469830 gpu_timer.cc:114] Skipping the delay kernel, measurement accuracy will be reduced
W0000 00:00:1764934327.597030 2469830 gpu_timer.cc:114] Skipping the delay kernel, measurement accuracy will be reduced
W0000 00:00:1764934327.598201 2469830 gpu_timer.cc:114] Skipping the delay kernel, measurement accuracy will be reduced
W0000 00:00:1764934327.599243 2469830 gpu_timer.cc:114] Skipping the delay kernel, measurement accuracy will be reduced
W0000 00:00:1764934327.600410 2469830 gpu_timer.cc:114] Skipping the delay kernel, measurement accuracy will be reduced
W0000 00:00:1764934327.601457 2469830 gpu_timer.cc:114] Skipping the delay kernel, measurement accuracy will be reduced
W0000 00:00:1764934327.602430 2469830 gpu_timer.cc:114] Skipping the delay kernel, measurement accuracy will be reduced
W0000 00:00:1764934327.603620 2469830 gpu_timer.cc:114] Skipping the delay kernel, measurement accuracy will be reduced
W0000 00:00:1764934327.604848 2469830 gpu_timer.cc:114] Skipping the delay kernel, measurement accuracy will be reduced
W0000 00:00:1764934327.606023 2469830 gpu_timer.cc:114] Skipping the delay kernel, measurement accuracy will be reduced
W0000 00:00:1764934327.607488 2469830 gpu_timer.cc:114] Skipping the delay kernel, measurement accuracy will be reduced
W0000 00:00:1764934327.608985 2469830 gpu_timer.cc:114] Skipping the delay kernel, measurement accuracy will be reduced
W0000 00:00:1764934327.610310 2469830 gpu_timer.cc:114] Skipping the delay kernel, measurement accuracy will be reduced
W0000 00:00:1764934327.611402 2469830 gpu_timer.cc:114] Skipping the delay kernel, measurement accuracy will be reduced
W0000 00:00:1764934327.612767 2469830 gpu_timer.cc:114] Skipping the delay kernel, measurement accuracy will be reduced
W0000 00:00:1764934327.613863 2469830 gpu_timer.cc:114] Skipping the delay kernel, measurement accuracy will be reduced
W0000 00:00:1764934327.615366 2469830 gpu_timer.cc:114] Skipping the delay kernel, measurement accuracy will be reduced
W0000 00:00:1764934327.616861 2469830 gpu_timer.cc:114] Skipping the delay kernel, measurement accuracy will be reduced
W0000 00:00:1764934327.618409 2469830 gpu_timer.cc:114] Skipping the delay kernel, measurement accuracy will be reduced
W0000 00:00:1764934327.619645 2469830 gpu_timer.cc:114] Skipping the delay kernel, measurement accuracy will be reduced
W0000 00:00:1764934327.620748 2469830 gpu_timer.cc:114] Skipping the delay kernel, measurement accuracy will be reduced
W0000 00:00:1764934327.622883 2469830 gpu_timer.cc:114] Skipping the delay kernel, measurement accuracy will be reduced
W0000 00:00:1764934327.624450 2469830 gpu_timer.cc:114] Skipping the delay kernel, measurement accuracy will be reduced
W0000 00:00:1764934327.626113 2469830 gpu_timer.cc:114] Skipping the delay kernel, measurement accuracy will be reduced
W0000 00:00:1764934327.627090 2469830 gpu_timer.cc:114] Skipping the delay kernel, measurement accuracy will be reduced
W0000 00:00:1764934327.629039 2469830 gpu_timer.cc:114] Skipping the delay kernel, measurement accuracy will be reduced
W0000 00:00:1764934327.631810 2469830 gpu_timer.cc:114] Skipping the delay kernel, measurement accuracy will be reduced
W0000 00:00:1764934327.633155 2469830 gpu_timer.cc:114] Skipping the delay kernel, measurement accuracy will be reduced
W0000 00:00:1764934327.634361 2469830 gpu_timer.cc:114] Skipping the delay kernel, measurement accuracy will be reduced
W0000 00:00:1764934327.635712 2469830 gpu_timer.cc:114] Skipping the delay kernel, measurement accuracy will be reduced
2025-12-05 12:37:31.208599: W external/local_tsl/tsl/framework/bfc_allocator.cc:482] Allocator (GPU_0_bfc) ran out of memory trying to allocate 1.10GiB (rounded to 1179648000)requested by op _EagerConst
If the cause is memory fragmentation maybe the environment variable 'TF_GPU_ALLOCATOR=cuda_malloc_async' will improve the situation. 
Current allocation summary follows.
Current allocation summary follows.
2025-12-05 12:37:31.208656: I external/local_tsl/tsl/framework/bfc_allocator.cc:1039] BFCAllocator dump for GPU_0_bfc
2025-12-05 12:37:31.208674: I external/local_tsl/tsl/framework/bfc_allocator.cc:1046] Bin (256): 	Total Chunks: 34, Chunks in use: 33. 8.5KiB allocated for chunks. 8.2KiB in use in bin. 192B client-requested in use in bin.
2025-12-05 12:37:31.208685: I external/local_tsl/tsl/framework/bfc_allocator.cc:1046] Bin (512): 	Total Chunks: 27, Chunks in use: 27. 13.5KiB allocated for chunks. 13.5KiB in use in bin. 13.5KiB client-requested in use in bin.
2025-12-05 12:37:31.208693: I external/local_tsl/tsl/framework/bfc_allocator.cc:1046] Bin (1024): 	Total Chunks: 1, Chunks in use: 1. 1.2KiB allocated for chunks. 1.2KiB in use in bin. 1.0KiB client-requested in use in bin.
2025-12-05 12:37:31.208700: I external/local_tsl/tsl/framework/bfc_allocator.cc:1046] Bin (2048): 	Total Chunks: 3, Chunks in use: 3. 6.0KiB allocated for chunks. 6.0KiB in use in bin. 6.0KiB client-requested in use in bin.
2025-12-05 12:37:31.208709: I external/local_tsl/tsl/framework/bfc_allocator.cc:1046] Bin (4096): 	Total Chunks: 3, Chunks in use: 3. 12.0KiB allocated for chunks. 12.0KiB in use in bin. 12.0KiB client-requested in use in bin.
2025-12-05 12:37:31.208720: I external/local_tsl/tsl/framework/bfc_allocator.cc:1046] Bin (8192): 	Total Chunks: 6, Chunks in use: 6. 82.2KiB allocated for chunks. 82.2KiB in use in bin. 81.0KiB client-requested in use in bin.
2025-12-05 12:37:31.208728: I external/local_tsl/tsl/framework/bfc_allocator.cc:1046] Bin (16384): 	Total Chunks: 0, Chunks in use: 0. 0B allocated for chunks. 0B in use in bin. 0B client-requested in use in bin.
2025-12-05 12:37:31.208735: I external/local_tsl/tsl/framework/bfc_allocator.cc:1046] Bin (32768): 	Total Chunks: 0, Chunks in use: 0. 0B allocated for chunks. 0B in use in bin. 0B client-requested in use in bin.
2025-12-05 12:37:31.208742: I external/local_tsl/tsl/framework/bfc_allocator.cc:1046] Bin (65536): 	Total Chunks: 0, Chunks in use: 0. 0B allocated for chunks. 0B in use in bin. 0B client-requested in use in bin.
2025-12-05 12:37:31.208749: I external/local_tsl/tsl/framework/bfc_allocator.cc:1046] Bin (131072): 	Total Chunks: 0, Chunks in use: 0. 0B allocated for chunks. 0B in use in bin. 0B client-requested in use in bin.
2025-12-05 12:37:31.208758: I external/local_tsl/tsl/framework/bfc_allocator.cc:1046] Bin (262144): 	Total Chunks: 3, Chunks in use: 2. 1.14MiB allocated for chunks. 736.0KiB in use in bin. 576.0KiB client-requested in use in bin.
2025-12-05 12:37:31.208767: I external/local_tsl/tsl/framework/bfc_allocator.cc:1046] Bin (524288): 	Total Chunks: 22, Chunks in use: 22. 12.39MiB allocated for chunks. 12.39MiB in use in bin. 12.09MiB client-requested in use in bin.
2025-12-05 12:37:31.208774: I external/local_tsl/tsl/framework/bfc_allocator.cc:1046] Bin (1048576): 	Total Chunks: 3, Chunks in use: 3. 3.00MiB allocated for chunks. 3.00MiB in use in bin. 3.00MiB client-requested in use in bin.
2025-12-05 12:37:31.208783: I external/local_tsl/tsl/framework/bfc_allocator.cc:1046] Bin (2097152): 	Total Chunks: 6, Chunks in use: 6. 15.00MiB allocated for chunks. 15.00MiB in use in bin. 15.00MiB client-requested in use in bin.
2025-12-05 12:37:31.208790: I external/local_tsl/tsl/framework/bfc_allocator.cc:1046] Bin (4194304): 	Total Chunks: 0, Chunks in use: 0. 0B allocated for chunks. 0B in use in bin. 0B client-requested in use in bin.
2025-12-05 12:37:31.208797: I external/local_tsl/tsl/framework/bfc_allocator.cc:1046] Bin (8388608): 	Total Chunks: 1, Chunks in use: 0. 9.50MiB allocated for chunks. 0B in use in bin. 0B client-requested in use in bin.
2025-12-05 12:37:31.208804: I external/local_tsl/tsl/framework/bfc_allocator.cc:1046] Bin (16777216): 	Total Chunks: 0, Chunks in use: 0. 0B allocated for chunks. 0B in use in bin. 0B client-requested in use in bin.
2025-12-05 12:37:31.208830: I external/local_tsl/tsl/framework/bfc_allocator.cc:1046] Bin (33554432): 	Total Chunks: 0, Chunks in use: 0. 0B allocated for chunks. 0B in use in bin. 0B client-requested in use in bin.
2025-12-05 12:37:31.208837: I external/local_tsl/tsl/framework/bfc_allocator.cc:1046] Bin (67108864): 	Total Chunks: 0, Chunks in use: 0. 0B allocated for chunks. 0B in use in bin. 0B client-requested in use in bin.
2025-12-05 12:37:31.208844: I external/local_tsl/tsl/framework/bfc_allocator.cc:1046] Bin (134217728): 	Total Chunks: 0, Chunks in use: 0. 0B allocated for chunks. 0B in use in bin. 0B client-requested in use in bin.
2025-12-05 12:37:31.208852: I external/local_tsl/tsl/framework/bfc_allocator.cc:1046] Bin (268435456): 	Total Chunks: 6, Chunks in use: 5. 5.94GiB allocated for chunks. 5.49GiB in use in bin. 5.49GiB client-requested in use in bin.
2025-12-05 12:37:31.208860: I external/local_tsl/tsl/framework/bfc_allocator.cc:1062] Bin for 1.10GiB was 256.00MiB, Chunk State: 
2025-12-05 12:37:31.208873: I external/local_tsl/tsl/framework/bfc_allocator.cc:1068]   Size: 461.04MiB | Requested Size: 432.0KiB | in_use: 0 | bin_num: 20, prev:   Size: 1.10GiB | Requested Size: 1.10GiB | in_use: 1 | bin_num: -1
2025-12-05 12:37:31.208879: I external/local_tsl/tsl/framework/bfc_allocator.cc:1075] Next region of size 6424821760
2025-12-05 12:37:31.208888: I external/local_tsl/tsl/framework/bfc_allocator.cc:1095] InUse at 7fd31c000000 of size 1280 next 1
2025-12-05 12:37:31.208894: I external/local_tsl/tsl/framework/bfc_allocator.cc:1095] InUse at 7fd31c000500 of size 256 next 2
2025-12-05 12:37:31.208900: I external/local_tsl/tsl/framework/bfc_allocator.cc:1095] InUse at 7fd31c000600 of size 256 next 3
2025-12-05 12:37:31.208906: I external/local_tsl/tsl/framework/bfc_allocator.cc:1095] InUse at 7fd31c000700 of size 256 next 5
2025-12-05 12:37:31.208912: I external/local_tsl/tsl/framework/bfc_allocator.cc:1095] InUse at 7fd31c000800 of size 512 next 6
2025-12-05 12:37:31.208918: I external/local_tsl/tsl/framework/bfc_allocator.cc:1095] InUse at 7fd31c000a00 of size 256 next 4
2025-12-05 12:37:31.208924: I external/local_tsl/tsl/framework/bfc_allocator.cc:1095] InUse at 7fd31c000b00 of size 256 next 7
2025-12-05 12:37:31.208929: I external/local_tsl/tsl/framework/bfc_allocator.cc:1095] InUse at 7fd31c000c00 of size 512 next 12
2025-12-05 12:37:31.208935: I external/local_tsl/tsl/framework/bfc_allocator.cc:1095] InUse at 7fd31c000e00 of size 512 next 15
2025-12-05 12:37:31.208940: I external/local_tsl/tsl/framework/bfc_allocator.cc:1095] InUse at 7fd31c001000 of size 512 next 17
2025-12-05 12:37:31.208946: I external/local_tsl/tsl/framework/bfc_allocator.cc:1095] InUse at 7fd31c001200 of size 512 next 19
2025-12-05 12:37:31.208951: I external/local_tsl/tsl/framework/bfc_allocator.cc:1095] InUse at 7fd31c001400 of size 256 next 10
2025-12-05 12:37:31.208956: I external/local_tsl/tsl/framework/bfc_allocator.cc:1095] InUse at 7fd31c001500 of size 256 next 11
2025-12-05 12:37:31.208962: I external/local_tsl/tsl/framework/bfc_allocator.cc:1095] InUse at 7fd31c001600 of size 2048 next 21
2025-12-05 12:37:31.208968: I external/local_tsl/tsl/framework/bfc_allocator.cc:1095] InUse at 7fd31c001e00 of size 256 next 22
2025-12-05 12:37:31.208974: I external/local_tsl/tsl/framework/bfc_allocator.cc:1095] InUse at 7fd31c001f00 of size 256 next 25
2025-12-05 12:37:31.208979: I external/local_tsl/tsl/framework/bfc_allocator.cc:1095] InUse at 7fd31c002000 of size 256 next 26
2025-12-05 12:37:31.208985: I external/local_tsl/tsl/framework/bfc_allocator.cc:1095] InUse at 7fd31c002100 of size 4096 next 29
2025-12-05 12:37:31.208990: I external/local_tsl/tsl/framework/bfc_allocator.cc:1095] InUse at 7fd31c003100 of size 256 next 27
2025-12-05 12:37:31.208996: I external/local_tsl/tsl/framework/bfc_allocator.cc:1095] InUse at 7fd31c003200 of size 256 next 28
2025-12-05 12:37:31.209003: I external/local_tsl/tsl/framework/bfc_allocator.cc:1095] InUse at 7fd31c003300 of size 512 next 34
2025-12-05 12:37:31.209008: I external/local_tsl/tsl/framework/bfc_allocator.cc:1095] InUse at 7fd31c003500 of size 512 next 32
2025-12-05 12:37:31.209014: I external/local_tsl/tsl/framework/bfc_allocator.cc:1095] InUse at 7fd31c003700 of size 512 next 33
2025-12-05 12:37:31.209019: I external/local_tsl/tsl/framework/bfc_allocator.cc:1095] InUse at 7fd31c003900 of size 512 next 35
2025-12-05 12:37:31.209025: I external/local_tsl/tsl/framework/bfc_allocator.cc:1095] InUse at 7fd31c003b00 of size 15104 next 8
2025-12-05 12:37:31.209031: I external/local_tsl/tsl/framework/bfc_allocator.cc:1095] InUse at 7fd31c007600 of size 13824 next 9
2025-12-05 12:37:31.209037: I external/local_tsl/tsl/framework/bfc_allocator.cc:1095] InUse at 7fd31c00ac00 of size 256 next 41
2025-12-05 12:37:31.209042: I external/local_tsl/tsl/framework/bfc_allocator.cc:1095] InUse at 7fd31c00ad00 of size 256 next 39
2025-12-05 12:37:31.209048: I external/local_tsl/tsl/framework/bfc_allocator.cc:1095] InUse at 7fd31c00ae00 of size 256 next 122
2025-12-05 12:37:31.209053: I external/local_tsl/tsl/framework/bfc_allocator.cc:1095] Free  at 7fd31c00af00 of size 256 next 45
2025-12-05 12:37:31.209059: I external/local_tsl/tsl/framework/bfc_allocator.cc:1095] InUse at 7fd31c00b000 of size 256 next 46
2025-12-05 12:37:31.209064: I external/local_tsl/tsl/framework/bfc_allocator.cc:1095] InUse at 7fd31c00b100 of size 256 next 49
2025-12-05 12:37:31.209070: I external/local_tsl/tsl/framework/bfc_allocator.cc:1095] InUse at 7fd31c00b200 of size 256 next 50
2025-12-05 12:37:31.209075: I external/local_tsl/tsl/framework/bfc_allocator.cc:1095] InUse at 7fd31c00b300 of size 512 next 52
2025-12-05 12:37:31.209080: I external/local_tsl/tsl/framework/bfc_allocator.cc:1095] InUse at 7fd31c00b500 of size 512 next 53
2025-12-05 12:37:31.209086: I external/local_tsl/tsl/framework/bfc_allocator.cc:1095] InUse at 7fd31c00b700 of size 512 next 55
2025-12-05 12:37:31.209091: I external/local_tsl/tsl/framework/bfc_allocator.cc:1095] InUse at 7fd31c00b900 of size 512 next 56
2025-12-05 12:37:31.209097: I external/local_tsl/tsl/framework/bfc_allocator.cc:1095] InUse at 7fd31c00bb00 of size 512 next 59
2025-12-05 12:37:31.209102: I external/local_tsl/tsl/framework/bfc_allocator.cc:1095] InUse at 7fd31c00bd00 of size 512 next 60
2025-12-05 12:37:31.209107: I external/local_tsl/tsl/framework/bfc_allocator.cc:1095] InUse at 7fd31c00bf00 of size 512 next 62
2025-12-05 12:37:31.209113: I external/local_tsl/tsl/framework/bfc_allocator.cc:1095] InUse at 7fd31c00c100 of size 512 next 63
2025-12-05 12:37:31.209118: I external/local_tsl/tsl/framework/bfc_allocator.cc:1095] InUse at 7fd31c00c300 of size 512 next 66
2025-12-05 12:37:31.209123: I external/local_tsl/tsl/framework/bfc_allocator.cc:1095] InUse at 7fd31c00c500 of size 512 next 67
2025-12-05 12:37:31.209129: I external/local_tsl/tsl/framework/bfc_allocator.cc:1095] InUse at 7fd31c00c700 of size 2048 next 70
2025-12-05 12:37:31.209135: I external/local_tsl/tsl/framework/bfc_allocator.cc:1095] InUse at 7fd31c00cf00 of size 2048 next 71
2025-12-05 12:37:31.209140: I external/local_tsl/tsl/framework/bfc_allocator.cc:1095] InUse at 7fd31c00d700 of size 512 next 77
2025-12-05 12:37:31.209145: I external/local_tsl/tsl/framework/bfc_allocator.cc:1095] InUse at 7fd31c00d900 of size 512 next 78
2025-12-05 12:37:31.209151: I external/local_tsl/tsl/framework/bfc_allocator.cc:1095] InUse at 7fd31c00db00 of size 512 next 81
2025-12-05 12:37:31.209156: I external/local_tsl/tsl/framework/bfc_allocator.cc:1095] InUse at 7fd31c00dd00 of size 512 next 82
2025-12-05 12:37:31.209161: I external/local_tsl/tsl/framework/bfc_allocator.cc:1095] InUse at 7fd31c00df00 of size 512 next 85
2025-12-05 12:37:31.209167: I external/local_tsl/tsl/framework/bfc_allocator.cc:1095] InUse at 7fd31c00e100 of size 512 next 43
2025-12-05 12:37:31.209174: I external/local_tsl/tsl/framework/bfc_allocator.cc:1095] InUse at 7fd31c00e300 of size 13824 next 44
2025-12-05 12:37:31.209179: I external/local_tsl/tsl/framework/bfc_allocator.cc:1095] InUse at 7fd31c011900 of size 13824 next 51
2025-12-05 12:37:31.209185: I external/local_tsl/tsl/framework/bfc_allocator.cc:1095] InUse at 7fd31c014f00 of size 4096 next 74
2025-12-05 12:37:31.209190: I external/local_tsl/tsl/framework/bfc_allocator.cc:1095] InUse at 7fd31c015f00 of size 4096 next 75
2025-12-05 12:37:31.209197: I external/local_tsl/tsl/framework/bfc_allocator.cc:1095] InUse at 7fd31c016f00 of size 539904 next 37
2025-12-05 12:37:31.209202: I external/local_tsl/tsl/framework/bfc_allocator.cc:1095] InUse at 7fd31c09ac00 of size 589824 next 14
2025-12-05 12:37:31.209208: I external/local_tsl/tsl/framework/bfc_allocator.cc:1095] InUse at 7fd31c12ac00 of size 589824 next 13
2025-12-05 12:37:31.209214: I external/local_tsl/tsl/framework/bfc_allocator.cc:1095] InUse at 7fd31c1bac00 of size 589824 next 16
2025-12-05 12:37:31.209219: I external/local_tsl/tsl/framework/bfc_allocator.cc:1095] InUse at 7fd31c24ac00 of size 589824 next 18
2025-12-05 12:37:31.209225: I external/local_tsl/tsl/framework/bfc_allocator.cc:1095] InUse at 7fd31c2dac00 of size 589824 next 20
2025-12-05 12:37:31.209230: I external/local_tsl/tsl/framework/bfc_allocator.cc:1095] InUse at 7fd31c36ac00 of size 589824 next 36
2025-12-05 12:37:31.209236: I external/local_tsl/tsl/framework/bfc_allocator.cc:1095] InUse at 7fd31c3fac00 of size 458752 next 24
2025-12-05 12:37:31.209242: I external/local_tsl/tsl/framework/bfc_allocator.cc:1095] InUse at 7fd31c46ac00 of size 1048576 next 23
2025-12-05 12:37:31.209248: I external/local_tsl/tsl/framework/bfc_allocator.cc:1095] InUse at 7fd31c56ac00 of size 589824 next 38
2025-12-05 12:37:31.209253: I external/local_tsl/tsl/framework/bfc_allocator.cc:1095] InUse at 7fd31c5fac00 of size 589824 next 40
2025-12-05 12:37:31.209259: I external/local_tsl/tsl/framework/bfc_allocator.cc:1095] InUse at 7fd31c68ac00 of size 589824 next 54
2025-12-05 12:37:31.209264: I external/local_tsl/tsl/framework/bfc_allocator.cc:1095] InUse at 7fd31c71ac00 of size 589824 next 57
2025-12-05 12:37:31.209270: I external/local_tsl/tsl/framework/bfc_allocator.cc:1095] InUse at 7fd31c7aac00 of size 589824 next 58
2025-12-05 12:37:31.209275: I external/local_tsl/tsl/framework/bfc_allocator.cc:1095] InUse at 7fd31c83ac00 of size 589824 next 61
2025-12-05 12:37:31.209281: I external/local_tsl/tsl/framework/bfc_allocator.cc:1095] InUse at 7fd31c8cac00 of size 655360 next 31
2025-12-05 12:37:31.209287: I external/local_tsl/tsl/framework/bfc_allocator.cc:1095] InUse at 7fd31c96ac00 of size 2097152 next 30
2025-12-05 12:37:31.209293: I external/local_tsl/tsl/framework/bfc_allocator.cc:1095] InUse at 7fd31cb6ac00 of size 1179648000 next 115
2025-12-05 12:37:31.209299: I external/local_tsl/tsl/framework/bfc_allocator.cc:1095] InUse at 7fd36306ac00 of size 1179648000 next 48
2025-12-05 12:37:31.209305: I external/local_tsl/tsl/framework/bfc_allocator.cc:1095] InUse at 7fd3a956ac00 of size 589824 next 64
2025-12-05 12:37:31.209310: I external/local_tsl/tsl/framework/bfc_allocator.cc:1095] InUse at 7fd3a95fac00 of size 589824 next 65
2025-12-05 12:37:31.209316: I external/local_tsl/tsl/framework/bfc_allocator.cc:1095] InUse at 7fd3a968ac00 of size 1048576 next 68
2025-12-05 12:37:31.209321: I external/local_tsl/tsl/framework/bfc_allocator.cc:1095] InUse at 7fd3a978ac00 of size 1048576 next 69
2025-12-05 12:37:31.209327: I external/local_tsl/tsl/framework/bfc_allocator.cc:1095] InUse at 7fd3a988ac00 of size 2097152 next 72
2025-12-05 12:37:31.209332: I external/local_tsl/tsl/framework/bfc_allocator.cc:1095] InUse at 7fd3a9a8ac00 of size 2097152 next 73
2025-12-05 12:37:31.209338: I external/local_tsl/tsl/framework/bfc_allocator.cc:1095] InUse at 7fd3a9c8ac00 of size 294912 next 76
2025-12-05 12:37:31.209344: I external/local_tsl/tsl/framework/bfc_allocator.cc:1095] InUse at 7fd3a9cd2c00 of size 589824 next 79
2025-12-05 12:37:31.209350: I external/local_tsl/tsl/framework/bfc_allocator.cc:1095] InUse at 7fd3a9d62c00 of size 589824 next 80
2025-12-05 12:37:31.209356: I external/local_tsl/tsl/framework/bfc_allocator.cc:1095] InUse at 7fd3a9df2c00 of size 589824 next 83
2025-12-05 12:37:31.209361: I external/local_tsl/tsl/framework/bfc_allocator.cc:1095] InUse at 7fd3a9e82c00 of size 589824 next 84
2025-12-05 12:37:31.209367: I external/local_tsl/tsl/framework/bfc_allocator.cc:1095] InUse at 7fd3a9f12c00 of size 589824 next 86
2025-12-05 12:37:31.209372: I external/local_tsl/tsl/framework/bfc_allocator.cc:1095] InUse at 7fd3a9fa2c00 of size 589824 next 87
2025-12-05 12:37:31.209378: I external/local_tsl/tsl/framework/bfc_allocator.cc:1095] InUse at 7fd3aa032c00 of size 512 next 88
2025-12-05 12:37:31.209383: I external/local_tsl/tsl/framework/bfc_allocator.cc:1095] InUse at 7fd3aa032e00 of size 512 next 89
2025-12-05 12:37:31.209389: I external/local_tsl/tsl/framework/bfc_allocator.cc:1095] InUse at 7fd3aa033000 of size 13824 next 90
2025-12-05 12:37:31.209394: I external/local_tsl/tsl/framework/bfc_allocator.cc:1095] InUse at 7fd3aa036600 of size 13824 next 91
2025-12-05 12:37:31.209400: I external/local_tsl/tsl/framework/bfc_allocator.cc:1095] InUse at 7fd3aa039c00 of size 256 next 92
2025-12-05 12:37:31.209405: I external/local_tsl/tsl/framework/bfc_allocator.cc:1095] InUse at 7fd3aa039d00 of size 256 next 93
2025-12-05 12:37:31.209411: I external/local_tsl/tsl/framework/bfc_allocator.cc:1095] InUse at 7fd3aa039e00 of size 256 next 94
2025-12-05 12:37:31.209416: I external/local_tsl/tsl/framework/bfc_allocator.cc:1095] InUse at 7fd3aa039f00 of size 256 next 95
2025-12-05 12:37:31.209422: I external/local_tsl/tsl/framework/bfc_allocator.cc:1095] InUse at 7fd3aa03a000 of size 256 next 96
2025-12-05 12:37:31.209427: I external/local_tsl/tsl/framework/bfc_allocator.cc:1095] InUse at 7fd3aa03a100 of size 256 next 97
2025-12-05 12:37:31.209433: I external/local_tsl/tsl/framework/bfc_allocator.cc:1095] InUse at 7fd3aa03a200 of size 256 next 98
2025-12-05 12:37:31.209438: I external/local_tsl/tsl/framework/bfc_allocator.cc:1095] InUse at 7fd3aa03a300 of size 3145728 next 99
2025-12-05 12:37:31.209444: I external/local_tsl/tsl/framework/bfc_allocator.cc:1095] InUse at 7fd3aa33a300 of size 256 next 100
2025-12-05 12:37:31.209450: I external/local_tsl/tsl/framework/bfc_allocator.cc:1095] InUse at 7fd3aa33a400 of size 256 next 101
2025-12-05 12:37:31.209455: I external/local_tsl/tsl/framework/bfc_allocator.cc:1095] InUse at 7fd3aa33a500 of size 3145728 next 102
2025-12-05 12:37:31.209461: I external/local_tsl/tsl/framework/bfc_allocator.cc:1095] InUse at 7fd3aa63a500 of size 3145728 next 103
2025-12-05 12:37:31.209466: I external/local_tsl/tsl/framework/bfc_allocator.cc:1095] InUse at 7fd3aa93a500 of size 256 next 107
2025-12-05 12:37:31.209472: I external/local_tsl/tsl/framework/bfc_allocator.cc:1095] InUse at 7fd3aa93a600 of size 256 next 105
2025-12-05 12:37:31.209477: I external/local_tsl/tsl/framework/bfc_allocator.cc:1095] InUse at 7fd3aa93a700 of size 256 next 104
2025-12-05 12:37:31.209483: I external/local_tsl/tsl/framework/bfc_allocator.cc:1095] InUse at 7fd3aa93a800 of size 256 next 123
2025-12-05 12:37:31.209488: I external/local_tsl/tsl/framework/bfc_allocator.cc:1095] Free  at 7fd3aa93a900 of size 441856 next 116
2025-12-05 12:37:31.209494: I external/local_tsl/tsl/framework/bfc_allocator.cc:1095] InUse at 7fd3aa9a6700 of size 256 next 112
2025-12-05 12:37:31.209499: I external/local_tsl/tsl/framework/bfc_allocator.cc:1095] InUse at 7fd3aa9a6800 of size 1179648000 next 110
2025-12-05 12:37:31.209505: I external/local_tsl/tsl/framework/bfc_allocator.cc:1095] InUse at 7fd3f0ea6800 of size 1179648000 next 137
2025-12-05 12:37:31.209510: I external/local_tsl/tsl/framework/bfc_allocator.cc:1095] Free  at 7fd4373a6800 of size 9961984 next 118
2025-12-05 12:37:31.209516: I external/local_tsl/tsl/framework/bfc_allocator.cc:1095] InUse at 7fd437d26a00 of size 256 next 117
2025-12-05 12:37:31.209522: I external/local_tsl/tsl/framework/bfc_allocator.cc:1095] InUse at 7fd437d26b00 of size 1179648000 next 120
2025-12-05 12:37:31.209528: I external/local_tsl/tsl/framework/bfc_allocator.cc:1095] Free  at 7fd47e226b00 of size 483431680 next 18446744073709551615
2025-12-05 12:37:31.209534: I external/local_tsl/tsl/framework/bfc_allocator.cc:1100]      Summary of in-use Chunks by size: 
2025-12-05 12:37:31.209542: I external/local_tsl/tsl/framework/bfc_allocator.cc:1103] 33 Chunks of size 256 totalling 8.2KiB
2025-12-05 12:37:31.209549: I external/local_tsl/tsl/framework/bfc_allocator.cc:1103] 27 Chunks of size 512 totalling 13.5KiB
2025-12-05 12:37:31.209555: I external/local_tsl/tsl/framework/bfc_allocator.cc:1103] 1 Chunks of size 1280 totalling 1.2KiB
2025-12-05 12:37:31.209561: I external/local_tsl/tsl/framework/bfc_allocator.cc:1103] 3 Chunks of size 2048 totalling 6.0KiB
2025-12-05 12:37:31.209568: I external/local_tsl/tsl/framework/bfc_allocator.cc:1103] 3 Chunks of size 4096 totalling 12.0KiB
2025-12-05 12:37:31.209574: I external/local_tsl/tsl/framework/bfc_allocator.cc:1103] 5 Chunks of size 13824 totalling 67.5KiB
2025-12-05 12:37:31.209580: I external/local_tsl/tsl/framework/bfc_allocator.cc:1103] 1 Chunks of size 15104 totalling 14.8KiB
2025-12-05 12:37:31.209587: I external/local_tsl/tsl/framework/bfc_allocator.cc:1103] 1 Chunks of size 294912 totalling 288.0KiB
2025-12-05 12:37:31.209593: I external/local_tsl/tsl/framework/bfc_allocator.cc:1103] 1 Chunks of size 458752 totalling 448.0KiB
2025-12-05 12:37:31.209599: I external/local_tsl/tsl/framework/bfc_allocator.cc:1103] 1 Chunks of size 539904 totalling 527.2KiB
2025-12-05 12:37:31.209606: I external/local_tsl/tsl/framework/bfc_allocator.cc:1103] 20 Chunks of size 589824 totalling 11.25MiB
2025-12-05 12:37:31.209612: I external/local_tsl/tsl/framework/bfc_allocator.cc:1103] 1 Chunks of size 655360 totalling 640.0KiB
2025-12-05 12:37:31.209619: I external/local_tsl/tsl/framework/bfc_allocator.cc:1103] 3 Chunks of size 1048576 totalling 3.00MiB
2025-12-05 12:37:31.209625: I external/local_tsl/tsl/framework/bfc_allocator.cc:1103] 3 Chunks of size 2097152 totalling 6.00MiB
2025-12-05 12:37:31.209631: I external/local_tsl/tsl/framework/bfc_allocator.cc:1103] 3 Chunks of size 3145728 totalling 9.00MiB
2025-12-05 12:37:31.209637: I external/local_tsl/tsl/framework/bfc_allocator.cc:1103] 5 Chunks of size 1179648000 totalling 5.49GiB
2025-12-05 12:37:31.209643: I external/local_tsl/tsl/framework/bfc_allocator.cc:1107] Sum Total of in-use chunks: 5.52GiB
2025-12-05 12:37:31.209650: I external/local_tsl/tsl/framework/bfc_allocator.cc:1109] Total bytes in pool: 6424821760 memory_limit_: 6424821760 available bytes: 0 curr_region_allocation_bytes_: 12849643520
2025-12-05 12:37:31.209662: I external/local_tsl/tsl/framework/bfc_allocator.cc:1114] Stats: 
Limit:                      6424821760
InUse:                      5930985984
MaxInUse:                   5930985984
NumAllocs:                     1649526
MaxAllocSize:               1190003968
Reserved:                            0
PeakReserved:                        0
LargestFreeBlock:                    0

2025-12-05 12:37:31.209674: W external/local_tsl/tsl/framework/bfc_allocator.cc:494] *********************************************************************************************_______
Traceback (most recent call last):
  File "/vol/home/s4949404/miniconda3/envs/IDL2/lib/python3.12/site-packages/jupyter_core/utils/__init__.py", line 154, in wrapped
    asyncio.get_running_loop()
RuntimeError: no running event loop

During handling of the above exception, another exception occurred:

Traceback (most recent call last):
  File "/vol/home/s4949404/miniconda3/envs/IDL2/bin/jupyter-nbconvert", line 11, in <module>
    sys.exit(main())
             ^^^^^^
  File "/vol/home/s4949404/miniconda3/envs/IDL2/lib/python3.12/site-packages/jupyter_core/application.py", line 284, in launch_instance
    super().launch_instance(argv=argv, **kwargs)
  File "/vol/home/s4949404/miniconda3/envs/IDL2/lib/python3.12/site-packages/traitlets/config/application.py", line 1075, in launch_instance
    app.start()
  File "/vol/home/s4949404/miniconda3/envs/IDL2/lib/python3.12/site-packages/nbconvert/nbconvertapp.py", line 420, in start
    self.convert_notebooks()
  File "/vol/home/s4949404/miniconda3/envs/IDL2/lib/python3.12/site-packages/nbconvert/nbconvertapp.py", line 597, in convert_notebooks
    self.convert_single_notebook(notebook_filename)
  File "/vol/home/s4949404/miniconda3/envs/IDL2/lib/python3.12/site-packages/nbconvert/nbconvertapp.py", line 563, in convert_single_notebook
    output, resources = self.export_single_notebook(
                        ^^^^^^^^^^^^^^^^^^^^^^^^^^^^
  File "/vol/home/s4949404/miniconda3/envs/IDL2/lib/python3.12/site-packages/nbconvert/nbconvertapp.py", line 487, in export_single_notebook
    output, resources = self.exporter.from_filename(
                        ^^^^^^^^^^^^^^^^^^^^^^^^^^^^
  File "/vol/home/s4949404/miniconda3/envs/IDL2/lib/python3.12/site-packages/nbconvert/exporters/exporter.py", line 201, in from_filename
    return self.from_file(f, resources=resources, **kw)
           ^^^^^^^^^^^^^^^^^^^^^^^^^^^^^^^^^^^^^^^^^^^^
  File "/vol/home/s4949404/miniconda3/envs/IDL2/lib/python3.12/site-packages/nbconvert/exporters/exporter.py", line 220, in from_file
    return self.from_notebook_node(
           ^^^^^^^^^^^^^^^^^^^^^^^^
  File "/vol/home/s4949404/miniconda3/envs/IDL2/lib/python3.12/site-packages/nbconvert/exporters/notebook.py", line 36, in from_notebook_node
    nb_copy, resources = super().from_notebook_node(nb, resources, **kw)
                         ^^^^^^^^^^^^^^^^^^^^^^^^^^^^^^^^^^^^^^^^^^^^^^^
  File "/vol/home/s4949404/miniconda3/envs/IDL2/lib/python3.12/site-packages/nbconvert/exporters/exporter.py", line 154, in from_notebook_node
    nb_copy, resources = self._preprocess(nb_copy, resources)
                         ^^^^^^^^^^^^^^^^^^^^^^^^^^^^^^^^^^^^
  File "/vol/home/s4949404/miniconda3/envs/IDL2/lib/python3.12/site-packages/nbconvert/exporters/exporter.py", line 353, in _preprocess
    nbc, resc = preprocessor(nbc, resc)
                ^^^^^^^^^^^^^^^^^^^^^^^
  File "/vol/home/s4949404/miniconda3/envs/IDL2/lib/python3.12/site-packages/nbconvert/preprocessors/base.py", line 48, in __call__
    return self.preprocess(nb, resources)
           ^^^^^^^^^^^^^^^^^^^^^^^^^^^^^^
  File "/vol/home/s4949404/miniconda3/envs/IDL2/lib/python3.12/site-packages/nbconvert/preprocessors/execute.py", line 103, in preprocess
    self.preprocess_cell(cell, resources, index)
  File "/vol/home/s4949404/miniconda3/envs/IDL2/lib/python3.12/site-packages/nbconvert/preprocessors/execute.py", line 124, in preprocess_cell
    cell = self.execute_cell(cell, index, store_history=True)
           ^^^^^^^^^^^^^^^^^^^^^^^^^^^^^^^^^^^^^^^^^^^^^^^^^^
  File "/vol/home/s4949404/miniconda3/envs/IDL2/lib/python3.12/site-packages/jupyter_core/utils/__init__.py", line 158, in wrapped
    return loop.run_until_complete(inner)
           ^^^^^^^^^^^^^^^^^^^^^^^^^^^^^^
  File "/vol/home/s4949404/miniconda3/envs/IDL2/lib/python3.12/asyncio/base_events.py", line 691, in run_until_complete
    return future.result()
           ^^^^^^^^^^^^^^^
  File "/vol/home/s4949404/miniconda3/envs/IDL2/lib/python3.12/site-packages/nbclient/client.py", line 1062, in async_execute_cell
    await self._check_raise_for_error(cell, cell_index, exec_reply)
  File "/vol/home/s4949404/miniconda3/envs/IDL2/lib/python3.12/site-packages/nbclient/client.py", line 918, in _check_raise_for_error
    raise CellExecutionError.from_cell_and_msg(cell, exec_reply_content)
nbclient.exceptions.CellExecutionError: An error occurred while executing the following cell:
------------------
def build_convolutional_autoencoder(data_shape, latent_dim, filters=128):
    encoder = build_conv_net(in_shape=data_shape, out_shape=latent_dim, filters=filters)
    decoder = build_deconv_net(latent_dim, activation_out='sigmoid', filters=filters)

    # We connect encoder and decoder into a single model
    autoencoder = tf.keras.Sequential([encoder, decoder])

    # Binary crossentropy loss - pairwise comparison between input and output pixels
    autoencoder.compile(loss='binary_crossentropy', optimizer='adam')

    return autoencoder


# Defining the model dimensions and building it
image_size = dataset.shape[1:]
latent_dim = 512
num_filters = 128
cae = build_convolutional_autoencoder(image_size, latent_dim, num_filters)


## Training the Convolutional autoencoder to reconstruct images
for epoch in range(50):
    print('\nEpoch: ', epoch)

    # Note that (X=y) when training autoencoders!
    # In this case we only care about qualitative performance, we don't split into train/test sets
    cae.fit(x=dataset, y=dataset, epochs=1, batch_size=64)

    samples = dataset[:9]
    reconstructed = cae.predict(samples)
    grid_plot(samples, epoch, name='Original', n=3, save=False)
    grid_plot(reconstructed, epoch, name='Reconstructed', n=3, save=False)
------------------

----- stderr -----
WARNING: All log messages before absl::InitializeLog() is called are written to STDERR
I0000 00:00:1764934275.189329 2469597 cuda_executor.cc:1015] successful NUMA node read from SysFS had negative value (-1), but there must be at least one NUMA node, so returning NUMA node zero. See more at https://github.com/torvalds/linux/blob/v6.0/Documentation/ABI/testing/sysfs-bus-pci#L344-L355
I0000 00:00:1764934275.232866 2469597 cuda_executor.cc:1015] successful NUMA node read from SysFS had negative value (-1), but there must be at least one NUMA node, so returning NUMA node zero. See more at https://github.com/torvalds/linux/blob/v6.0/Documentation/ABI/testing/sysfs-bus-pci#L344-L355
I0000 00:00:1764934275.233842 2469597 cuda_executor.cc:1015] successful NUMA node read from SysFS had negative value (-1), but there must be at least one NUMA node, so returning NUMA node zero. See more at https://github.com/torvalds/linux/blob/v6.0/Documentation/ABI/testing/sysfs-bus-pci#L344-L355
I0000 00:00:1764934275.235771 2469597 cuda_executor.cc:1015] successful NUMA node read from SysFS had negative value (-1), but there must be at least one NUMA node, so returning NUMA node zero. See more at https://github.com/torvalds/linux/blob/v6.0/Documentation/ABI/testing/sysfs-bus-pci#L344-L355
I0000 00:00:1764934275.236656 2469597 cuda_executor.cc:1015] successful NUMA node read from SysFS had negative value (-1), but there must be at least one NUMA node, so returning NUMA node zero. See more at https://github.com/torvalds/linux/blob/v6.0/Documentation/ABI/testing/sysfs-bus-pci#L344-L355
I0000 00:00:1764934275.237528 2469597 cuda_executor.cc:1015] successful NUMA node read from SysFS had negative value (-1), but there must be at least one NUMA node, so returning NUMA node zero. See more at https://github.com/torvalds/linux/blob/v6.0/Documentation/ABI/testing/sysfs-bus-pci#L344-L355
I0000 00:00:1764934275.497676 2469597 cuda_executor.cc:1015] successful NUMA node read from SysFS had negative value (-1), but there must be at least one NUMA node, so returning NUMA node zero. See more at https://github.com/torvalds/linux/blob/v6.0/Documentation/ABI/testing/sysfs-bus-pci#L344-L355
I0000 00:00:1764934275.498981 2469597 cuda_executor.cc:1015] successful NUMA node read from SysFS had negative value (-1), but there must be at least one NUMA node, so returning NUMA node zero. See more at https://github.com/torvalds/linux/blob/v6.0/Documentation/ABI/testing/sysfs-bus-pci#L344-L355
I0000 00:00:1764934275.539322 2469597 cuda_executor.cc:1015] successful NUMA node read from SysFS had negative value (-1), but there must be at least one NUMA node, so returning NUMA node zero. See more at https://github.com/torvalds/linux/blob/v6.0/Documentation/ABI/testing/sysfs-bus-pci#L344-L355
2025-12-05 12:31:15.540572: I tensorflow/core/common_runtime/gpu/gpu_device.cc:2021] Created device /job:localhost/replica:0/task:0/device:GPU:0 with 6127 MB memory:  -> device: 0, name: NVIDIA GeForce RTX 4060, pci bus id: 0000:01:00.0, compute capability: 8.9
----- stdout -----
Model: "Encoder"
----- stdout -----
_________________________________________________________________
----- stdout -----
 Layer (type)                Output Shape              Param #
----- stdout -----
=================================================================
----- stdout -----
 input_1 (InputLayer)        [(None, 64, 64, 3)]       0
----- stdout -----

----- stdout -----
 enc_input (Conv2D)          (None, 32, 32, 128)       3584
----- stdout -----

----- stdout -----
 conv2d (Conv2D)             (None, 16, 16, 128)       147584
----- stdout -----

----- stdout -----
 conv2d_1 (Conv2D)           (None, 8, 8, 128)         147584
----- stdout -----

----- stdout -----
 conv2d_2 (Conv2D)           (None, 4, 4, 128)         147584
----- stdout -----

----- stdout -----
 conv2d_3 (Conv2D)           (None, 2, 2, 128)         147584
----- stdout -----

----- stdout -----
 flatten (Flatten)           (None, 512)               0
----- stdout -----

----- stdout -----
 enc_output (Dense)          (None, 512)               262656
----- stdout -----

----- stdout -----
=================================================================
----- stdout -----
Total params: 856576 (3.27 MB)
----- stdout -----
Trainable params: 856576 (3.27 MB)
----- stdout -----
Non-trainable params: 0 (0.00 Byte)
----- stdout -----
_________________________________________________________________
----- stdout -----
Model: "Decoder"
----- stdout -----
_________________________________________________________________
----- stdout -----
 Layer (type)                Output Shape              Param #
----- stdout -----
=================================================================
----- stdout -----
 input_2 (InputLayer)        [(None, 512)]             0
----- stdout -----

----- stdout -----
 dec_input (Dense)           (None, 1024)              525312
----- stdout -----

----- stdout -----
 reshape (Reshape)           (None, 4, 4, 64)          0
----- stdout -----

----- stdout -----
 conv2d_transpose (Conv2DTr  (None, 8, 8, 128)         73856
----- stdout -----
 anspose)
----- stdout -----

----- stdout -----
 conv2d_transpose_1 (Conv2D  (None, 16, 16, 128)       147584
----- stdout -----
 Transpose)
----- stdout -----

----- stdout -----
 conv2d_transpose_2 (Conv2D  (None, 32, 32, 128)       147584
----- stdout -----
 Transpose)
----- stdout -----

----- stdout -----
 conv2d_transpose_3 (Conv2D  (None, 64, 64, 128)       147584
----- stdout -----
 Transpose)
----- stdout -----

----- stdout -----
 dec_output (Conv2D)         (None, 64, 64, 3)         3459
----- stdout -----

----- stdout -----
=================================================================
----- stdout -----
Total params: 1045379 (3.99 MB)
----- stdout -----
Trainable params: 1045379 (3.99 MB)
----- stdout -----
Non-trainable params: 0 (0.00 Byte)
----- stdout -----
_________________________________________________________________
----- stdout -----

Epoch:  0
----- stderr -----
2025-12-05 12:31:20.755039: I external/local_xla/xla/stream_executor/cuda/cuda_dnn.cc:531] Loaded cuDNN version 8907
----- stderr -----
W0000 00:00:1764934285.832927 2469828 gpu_timer.cc:114] Skipping the delay kernel, measurement accuracy will be reduced
----- stderr -----
W0000 00:00:1764934288.128178 2469828 gpu_timer.cc:114] Skipping the delay kernel, measurement accuracy will be reduced
----- stderr -----
W0000 00:00:1764934288.414921 2469828 gpu_timer.cc:114] Skipping the delay kernel, measurement accuracy will be reduced
W0000 00:00:1764934288.415872 2469828 gpu_timer.cc:114] Skipping the delay kernel, measurement accuracy will be reduced
W0000 00:00:1764934288.416740 2469828 gpu_timer.cc:114] Skipping the delay kernel, measurement accuracy will be reduced
W0000 00:00:1764934288.417702 2469828 gpu_timer.cc:114] Skipping the delay kernel, measurement accuracy will be reduced
W0000 00:00:1764934288.418562 2469828 gpu_timer.cc:114] Skipping the delay kernel, measurement accuracy will be reduced
W0000 00:00:1764934288.419544 2469828 gpu_timer.cc:114] Skipping the delay kernel, measurement accuracy will be reduced
----- stderr -----
W0000 00:00:1764934289.017489 2469828 gpu_timer.cc:114] Skipping the delay kernel, measurement accuracy will be reduced
W0000 00:00:1764934289.048198 2469828 gpu_timer.cc:114] Skipping the delay kernel, measurement accuracy will be reduced
W0000 00:00:1764934289.084005 2469828 gpu_timer.cc:114] Skipping the delay kernel, measurement accuracy will be reduced
----- stderr -----
W0000 00:00:1764934289.500762 2469828 gpu_timer.cc:114] Skipping the delay kernel, measurement accuracy will be reduced
W0000 00:00:1764934289.502401 2469828 gpu_timer.cc:114] Skipping the delay kernel, measurement accuracy will be reduced
W0000 00:00:1764934289.503791 2469828 gpu_timer.cc:114] Skipping the delay kernel, measurement accuracy will be reduced
W0000 00:00:1764934289.505126 2469828 gpu_timer.cc:114] Skipping the delay kernel, measurement accuracy will be reduced
W0000 00:00:1764934289.537860 2469828 gpu_timer.cc:114] Skipping the delay kernel, measurement accuracy will be reduced
W0000 00:00:1764934289.539286 2469828 gpu_timer.cc:114] Skipping the delay kernel, measurement accuracy will be reduced
W0000 00:00:1764934289.540712 2469828 gpu_timer.cc:114] Skipping the delay kernel, measurement accuracy will be reduced
W0000 00:00:1764934289.542151 2469828 gpu_timer.cc:114] Skipping the delay kernel, measurement accuracy will be reduced
W0000 00:00:1764934289.543622 2469828 gpu_timer.cc:114] Skipping the delay kernel, measurement accuracy will be reduced
W0000 00:00:1764934289.545348 2469828 gpu_timer.cc:114] Skipping the delay kernel, measurement accuracy will be reduced
W0000 00:00:1764934289.547052 2469828 gpu_timer.cc:114] Skipping the delay kernel, measurement accuracy will be reduced
W0000 00:00:1764934289.549052 2469828 gpu_timer.cc:114] Skipping the delay kernel, measurement accuracy will be reduced
W0000 00:00:1764934289.550744 2469828 gpu_timer.cc:114] Skipping the delay kernel, measurement accuracy will be reduced
W0000 00:00:1764934289.552581 2469828 gpu_timer.cc:114] Skipping the delay kernel, measurement accuracy will be reduced
W0000 00:00:1764934289.554787 2469828 gpu_timer.cc:114] Skipping the delay kernel, measurement accuracy will be reduced
----- stderr -----
W0000 00:00:1764934290.211859 2469828 gpu_timer.cc:114] Skipping the delay kernel, measurement accuracy will be reduced
W0000 00:00:1764934290.249290 2469828 gpu_timer.cc:114] Skipping the delay kernel, measurement accuracy will be reduced
W0000 00:00:1764934290.250315 2469828 gpu_timer.cc:114] Skipping the delay kernel, measurement accuracy will be reduced
W0000 00:00:1764934290.251172 2469828 gpu_timer.cc:114] Skipping the delay kernel, measurement accuracy will be reduced
W0000 00:00:1764934290.251974 2469828 gpu_timer.cc:114] Skipping the delay kernel, measurement accuracy will be reduced
W0000 00:00:1764934290.252905 2469828 gpu_timer.cc:114] Skipping the delay kernel, measurement accuracy will be reduced
W0000 00:00:1764934290.253728 2469828 gpu_timer.cc:114] Skipping the delay kernel, measurement accuracy will be reduced
W0000 00:00:1764934290.254688 2469828 gpu_timer.cc:114] Skipping the delay kernel, measurement accuracy will be reduced
W0000 00:00:1764934290.255656 2469828 gpu_timer.cc:114] Skipping the delay kernel, measurement accuracy will be reduced
W0000 00:00:1764934290.256555 2469828 gpu_timer.cc:114] Skipping the delay kernel, measurement accuracy will be reduced
W0000 00:00:1764934290.257369 2469828 gpu_timer.cc:114] Skipping the delay kernel, measurement accuracy will be reduced
W0000 00:00:1764934290.258276 2469828 gpu_timer.cc:114] Skipping the delay kernel, measurement accuracy will be reduced
W0000 00:00:1764934290.259109 2469828 gpu_timer.cc:114] Skipping the delay kernel, measurement accuracy will be reduced
W0000 00:00:1764934290.259959 2469828 gpu_timer.cc:114] Skipping the delay kernel, measurement accuracy will be reduced
W0000 00:00:1764934290.261013 2469828 gpu_timer.cc:114] Skipping the delay kernel, measurement accuracy will be reduced
W0000 00:00:1764934290.262100 2469828 gpu_timer.cc:114] Skipping the delay kernel, measurement accuracy will be reduced
W0000 00:00:1764934290.264019 2469828 gpu_timer.cc:114] Skipping the delay kernel, measurement accuracy will be reduced
W0000 00:00:1764934290.272486 2469828 gpu_timer.cc:114] Skipping the delay kernel, measurement accuracy will be reduced
W0000 00:00:1764934290.273197 2469828 gpu_timer.cc:114] Skipping the delay kernel, measurement accuracy will be reduced
W0000 00:00:1764934290.273857 2469828 gpu_timer.cc:114] Skipping the delay kernel, measurement accuracy will be reduced
W0000 00:00:1764934290.274537 2469828 gpu_timer.cc:114] Skipping the delay kernel, measurement accuracy will be reduced
W0000 00:00:1764934290.275239 2469828 gpu_timer.cc:114] Skipping the delay kernel, measurement accuracy will be reduced
W0000 00:00:1764934290.275887 2469828 gpu_timer.cc:114] Skipping the delay kernel, measurement accuracy will be reduced
W0000 00:00:1764934290.276537 2469828 gpu_timer.cc:114] Skipping the delay kernel, measurement accuracy will be reduced
W0000 00:00:1764934290.277247 2469828 gpu_timer.cc:114] Skipping the delay kernel, measurement accuracy will be reduced
W0000 00:00:1764934290.277903 2469828 gpu_timer.cc:114] Skipping the delay kernel, measurement accuracy will be reduced
W0000 00:00:1764934290.278569 2469828 gpu_timer.cc:114] Skipping the delay kernel, measurement accuracy will be reduced
W0000 00:00:1764934290.279244 2469828 gpu_timer.cc:114] Skipping the delay kernel, measurement accuracy will be reduced
W0000 00:00:1764934290.279932 2469828 gpu_timer.cc:114] Skipping the delay kernel, measurement accuracy will be reduced
W0000 00:00:1764934290.280649 2469828 gpu_timer.cc:114] Skipping the delay kernel, measurement accuracy will be reduced
W0000 00:00:1764934290.281355 2469828 gpu_timer.cc:114] Skipping the delay kernel, measurement accuracy will be reduced
W0000 00:00:1764934290.282055 2469828 gpu_timer.cc:114] Skipping the delay kernel, measurement accuracy will be reduced
W0000 00:00:1764934290.283903 2469828 gpu_timer.cc:114] Skipping the delay kernel, measurement accuracy will be reduced
W0000 00:00:1764934290.288726 2469828 gpu_timer.cc:114] Skipping the delay kernel, measurement accuracy will be reduced
W0000 00:00:1764934290.289392 2469828 gpu_timer.cc:114] Skipping the delay kernel, measurement accuracy will be reduced
W0000 00:00:1764934290.290020 2469828 gpu_timer.cc:114] Skipping the delay kernel, measurement accuracy will be reduced
W0000 00:00:1764934290.290678 2469828 gpu_timer.cc:114] Skipping the delay kernel, measurement accuracy will be reduced
W0000 00:00:1764934290.291312 2469828 gpu_timer.cc:114] Skipping the delay kernel, measurement accuracy will be reduced
W0000 00:00:1764934290.291972 2469828 gpu_timer.cc:114] Skipping the delay kernel, measurement accuracy will be reduced
W0000 00:00:1764934290.292613 2469828 gpu_timer.cc:114] Skipping the delay kernel, measurement accuracy will be reduced
W0000 00:00:1764934290.293253 2469828 gpu_timer.cc:114] Skipping the delay kernel, measurement accuracy will be reduced
W0000 00:00:1764934290.293907 2469828 gpu_timer.cc:114] Skipping the delay kernel, measurement accuracy will be reduced
W0000 00:00:1764934290.294603 2469828 gpu_timer.cc:114] Skipping the delay kernel, measurement accuracy will be reduced
W0000 00:00:1764934290.295272 2469828 gpu_timer.cc:114] Skipping the delay kernel, measurement accuracy will be reduced
W0000 00:00:1764934290.295958 2469828 gpu_timer.cc:114] Skipping the delay kernel, measurement accuracy will be reduced
W0000 00:00:1764934290.296650 2469828 gpu_timer.cc:114] Skipping the delay kernel, measurement accuracy will be reduced
W0000 00:00:1764934290.297344 2469828 gpu_timer.cc:114] Skipping the delay kernel, measurement accuracy will be reduced
W0000 00:00:1764934290.298055 2469828 gpu_timer.cc:114] Skipping the delay kernel, measurement accuracy will be reduced
W0000 00:00:1764934290.298997 2469828 gpu_timer.cc:114] Skipping the delay kernel, measurement accuracy will be reduced
----- stderr -----
W0000 00:00:1764934302.821247 2469828 gpu_timer.cc:114] Skipping the delay kernel, measurement accuracy will be reduced
W0000 00:00:1764934302.822087 2469828 gpu_timer.cc:114] Skipping the delay kernel, measurement accuracy will be reduced
----- stderr -----
W0000 00:00:1764934303.328151 2469828 gpu_timer.cc:114] Skipping the delay kernel, measurement accuracy will be reduced
W0000 00:00:1764934303.328803 2469828 gpu_timer.cc:114] Skipping the delay kernel, measurement accuracy will be reduced
W0000 00:00:1764934303.329465 2469828 gpu_timer.cc:114] Skipping the delay kernel, measurement accuracy will be reduced
W0000 00:00:1764934303.330106 2469828 gpu_timer.cc:114] Skipping the delay kernel, measurement accuracy will be reduced
W0000 00:00:1764934303.348944 2469828 gpu_timer.cc:114] Skipping the delay kernel, measurement accuracy will be reduced
W0000 00:00:1764934303.349690 2469828 gpu_timer.cc:114] Skipping the delay kernel, measurement accuracy will be reduced
W0000 00:00:1764934303.427262 2469828 gpu_timer.cc:114] Skipping the delay kernel, measurement accuracy will be reduced
W0000 00:00:1764934303.428061 2469828 gpu_timer.cc:114] Skipping the delay kernel, measurement accuracy will be reduced
----- stderr -----
W0000 00:00:1764934303.800292 2469828 gpu_timer.cc:114] Skipping the delay kernel, measurement accuracy will be reduced
W0000 00:00:1764934303.801356 2469828 gpu_timer.cc:114] Skipping the delay kernel, measurement accuracy will be reduced
W0000 00:00:1764934303.890272 2469828 gpu_timer.cc:114] Skipping the delay kernel, measurement accuracy will be reduced
W0000 00:00:1764934303.891031 2469828 gpu_timer.cc:114] Skipping the delay kernel, measurement accuracy will be reduced
W0000 00:00:1764934303.891703 2469828 gpu_timer.cc:114] Skipping the delay kernel, measurement accuracy will be reduced
W0000 00:00:1764934303.962835 2469828 gpu_timer.cc:114] Skipping the delay kernel, measurement accuracy will be reduced
W0000 00:00:1764934303.963679 2469828 gpu_timer.cc:114] Skipping the delay kernel, measurement accuracy will be reduced
W0000 00:00:1764934303.965185 2469828 gpu_timer.cc:114] Skipping the delay kernel, measurement accuracy will be reduced
----- stderr -----
W0000 00:00:1764934304.712275 2469828 gpu_timer.cc:114] Skipping the delay kernel, measurement accuracy will be reduced
W0000 00:00:1764934304.713252 2469828 gpu_timer.cc:114] Skipping the delay kernel, measurement accuracy will be reduced
W0000 00:00:1764934304.714194 2469828 gpu_timer.cc:114] Skipping the delay kernel, measurement accuracy will be reduced
W0000 00:00:1764934304.715154 2469828 gpu_timer.cc:114] Skipping the delay kernel, measurement accuracy will be reduced
W0000 00:00:1764934304.716147 2469828 gpu_timer.cc:114] Skipping the delay kernel, measurement accuracy will be reduced
W0000 00:00:1764934304.717052 2469828 gpu_timer.cc:114] Skipping the delay kernel, measurement accuracy will be reduced
W0000 00:00:1764934304.717959 2469828 gpu_timer.cc:114] Skipping the delay kernel, measurement accuracy will be reduced
W0000 00:00:1764934304.718949 2469828 gpu_timer.cc:114] Skipping the delay kernel, measurement accuracy will be reduced
W0000 00:00:1764934304.719932 2469828 gpu_timer.cc:114] Skipping the delay kernel, measurement accuracy will be reduced
W0000 00:00:1764934304.720934 2469828 gpu_timer.cc:114] Skipping the delay kernel, measurement accuracy will be reduced
W0000 00:00:1764934304.722044 2469828 gpu_timer.cc:114] Skipping the delay kernel, measurement accuracy will be reduced
W0000 00:00:1764934304.723262 2469828 gpu_timer.cc:114] Skipping the delay kernel, measurement accuracy will be reduced
W0000 00:00:1764934304.724469 2469828 gpu_timer.cc:114] Skipping the delay kernel, measurement accuracy will be reduced
W0000 00:00:1764934304.725500 2469828 gpu_timer.cc:114] Skipping the delay kernel, measurement accuracy will be reduced
W0000 00:00:1764934304.726767 2469828 gpu_timer.cc:114] Skipping the delay kernel, measurement accuracy will be reduced
W0000 00:00:1764934304.727952 2469828 gpu_timer.cc:114] Skipping the delay kernel, measurement accuracy will be reduced
W0000 00:00:1764934304.728931 2469828 gpu_timer.cc:114] Skipping the delay kernel, measurement accuracy will be reduced
W0000 00:00:1764934304.730841 2469828 gpu_timer.cc:114] Skipping the delay kernel, measurement accuracy will be reduced
W0000 00:00:1764934304.749099 2469828 gpu_timer.cc:114] Skipping the delay kernel, measurement accuracy will be reduced
W0000 00:00:1764934304.750693 2469828 gpu_timer.cc:114] Skipping the delay kernel, measurement accuracy will be reduced
W0000 00:00:1764934304.752184 2469828 gpu_timer.cc:114] Skipping the delay kernel, measurement accuracy will be reduced
W0000 00:00:1764934304.753829 2469828 gpu_timer.cc:114] Skipping the delay kernel, measurement accuracy will be reduced
W0000 00:00:1764934304.755362 2469828 gpu_timer.cc:114] Skipping the delay kernel, measurement accuracy will be reduced
W0000 00:00:1764934304.757075 2469828 gpu_timer.cc:114] Skipping the delay kernel, measurement accuracy will be reduced
W0000 00:00:1764934304.758888 2469828 gpu_timer.cc:114] Skipping the delay kernel, measurement accuracy will be reduced
W0000 00:00:1764934304.760678 2469828 gpu_timer.cc:114] Skipping the delay kernel, measurement accuracy will be reduced
W0000 00:00:1764934304.762472 2469828 gpu_timer.cc:114] Skipping the delay kernel, measurement accuracy will be reduced
W0000 00:00:1764934304.764339 2469828 gpu_timer.cc:114] Skipping the delay kernel, measurement accuracy will be reduced
W0000 00:00:1764934304.766845 2469828 gpu_timer.cc:114] Skipping the delay kernel, measurement accuracy will be reduced
W0000 00:00:1764934304.769474 2469828 gpu_timer.cc:114] Skipping the delay kernel, measurement accuracy will be reduced
W0000 00:00:1764934304.771703 2469828 gpu_timer.cc:114] Skipping the delay kernel, measurement accuracy will be reduced
W0000 00:00:1764934304.773703 2469828 gpu_timer.cc:114] Skipping the delay kernel, measurement accuracy will be reduced
W0000 00:00:1764934304.775729 2469828 gpu_timer.cc:114] Skipping the delay kernel, measurement accuracy will be reduced
W0000 00:00:1764934304.777968 2469828 gpu_timer.cc:114] Skipping the delay kernel, measurement accuracy will be reduced
W0000 00:00:1764934304.780072 2469828 gpu_timer.cc:114] Skipping the delay kernel, measurement accuracy will be reduced
W0000 00:00:1764934304.784930 2469828 gpu_timer.cc:114] Skipping the delay kernel, measurement accuracy will be reduced
W0000 00:00:1764934304.844053 2469828 gpu_timer.cc:114] Skipping the delay kernel, measurement accuracy will be reduced
W0000 00:00:1764934304.849242 2469828 gpu_timer.cc:114] Skipping the delay kernel, measurement accuracy will be reduced
W0000 00:00:1764934304.854117 2469828 gpu_timer.cc:114] Skipping the delay kernel, measurement accuracy will be reduced
W0000 00:00:1764934304.858947 2469828 gpu_timer.cc:114] Skipping the delay kernel, measurement accuracy will be reduced
W0000 00:00:1764934304.864144 2469828 gpu_timer.cc:114] Skipping the delay kernel, measurement accuracy will be reduced
W0000 00:00:1764934304.868114 2469828 gpu_timer.cc:114] Skipping the delay kernel, measurement accuracy will be reduced
W0000 00:00:1764934304.871969 2469828 gpu_timer.cc:114] Skipping the delay kernel, measurement accuracy will be reduced
W0000 00:00:1764934304.875885 2469828 gpu_timer.cc:114] Skipping the delay kernel, measurement accuracy will be reduced
W0000 00:00:1764934304.883563 2469828 gpu_timer.cc:114] Skipping the delay kernel, measurement accuracy will be reduced
W0000 00:00:1764934304.888268 2469828 gpu_timer.cc:114] Skipping the delay kernel, measurement accuracy will be reduced
W0000 00:00:1764934304.892670 2469828 gpu_timer.cc:114] Skipping the delay kernel, measurement accuracy will be reduced
W0000 00:00:1764934304.899161 2469828 gpu_timer.cc:114] Skipping the delay kernel, measurement accuracy will be reduced
W0000 00:00:1764934304.905465 2469828 gpu_timer.cc:114] Skipping the delay kernel, measurement accuracy will be reduced
W0000 00:00:1764934304.911809 2469828 gpu_timer.cc:114] Skipping the delay kernel, measurement accuracy will be reduced
----- stderr -----
W0000 00:00:1764934304.918195 2469828 gpu_timer.cc:114] Skipping the delay kernel, measurement accuracy will be reduced
W0000 00:00:1764934304.924803 2469828 gpu_timer.cc:114] Skipping the delay kernel, measurement accuracy will be reduced
W0000 00:00:1764934304.936003 2469828 gpu_timer.cc:114] Skipping the delay kernel, measurement accuracy will be reduced
----- stderr -----
W0000 00:00:1764934306.341052 2469828 gpu_timer.cc:114] Skipping the delay kernel, measurement accuracy will be reduced
W0000 00:00:1764934306.344014 2469828 gpu_timer.cc:114] Skipping the delay kernel, measurement accuracy will be reduced
W0000 00:00:1764934306.430447 2469828 gpu_timer.cc:114] Skipping the delay kernel, measurement accuracy will be reduced
W0000 00:00:1764934306.478521 2469828 gpu_timer.cc:114] Skipping the delay kernel, measurement accuracy will be reduced
W0000 00:00:1764934306.482401 2469828 gpu_timer.cc:114] Skipping the delay kernel, measurement accuracy will be reduced
W0000 00:00:1764934306.486253 2469828 gpu_timer.cc:114] Skipping the delay kernel, measurement accuracy will be reduced
W0000 00:00:1764934306.489373 2469828 gpu_timer.cc:114] Skipping the delay kernel, measurement accuracy will be reduced
W0000 00:00:1764934306.528542 2469828 gpu_timer.cc:114] Skipping the delay kernel, measurement accuracy will be reduced
----- stderr -----
W0000 00:00:1764934306.595395 2469828 gpu_timer.cc:114] Skipping the delay kernel, measurement accuracy will be reduced
W0000 00:00:1764934306.628804 2469828 gpu_timer.cc:114] Skipping the delay kernel, measurement accuracy will be reduced
W0000 00:00:1764934306.633092 2469828 gpu_timer.cc:114] Skipping the delay kernel, measurement accuracy will be reduced
W0000 00:00:1764934306.637967 2469828 gpu_timer.cc:114] Skipping the delay kernel, measurement accuracy will be reduced
W0000 00:00:1764934306.688891 2469828 gpu_timer.cc:114] Skipping the delay kernel, measurement accuracy will be reduced
W0000 00:00:1764934306.693239 2469828 gpu_timer.cc:114] Skipping the delay kernel, measurement accuracy will be reduced
W0000 00:00:1764934306.737165 2469828 gpu_timer.cc:114] Skipping the delay kernel, measurement accuracy will be reduced
W0000 00:00:1764934306.787043 2469828 gpu_timer.cc:114] Skipping the delay kernel, measurement accuracy will be reduced
W0000 00:00:1764934306.790096 2469828 gpu_timer.cc:114] Skipping the delay kernel, measurement accuracy will be reduced
----- stderr -----
W0000 00:00:1764934306.794525 2469828 gpu_timer.cc:114] Skipping the delay kernel, measurement accuracy will be reduced
W0000 00:00:1764934306.799925 2469828 gpu_timer.cc:114] Skipping the delay kernel, measurement accuracy will be reduced
W0000 00:00:1764934306.804315 2469828 gpu_timer.cc:114] Skipping the delay kernel, measurement accuracy will be reduced
W0000 00:00:1764934306.809882 2469828 gpu_timer.cc:114] Skipping the delay kernel, measurement accuracy will be reduced
W0000 00:00:1764934306.816438 2469828 gpu_timer.cc:114] Skipping the delay kernel, measurement accuracy will be reduced
W0000 00:00:1764934306.823046 2469828 gpu_timer.cc:114] Skipping the delay kernel, measurement accuracy will be reduced
W0000 00:00:1764934306.834199 2469828 gpu_timer.cc:114] Skipping the delay kernel, measurement accuracy will be reduced
W0000 00:00:1764934306.842123 2469828 gpu_timer.cc:114] Skipping the delay kernel, measurement accuracy will be reduced
W0000 00:00:1764934306.975842 2469828 gpu_timer.cc:114] Skipping the delay kernel, measurement accuracy will be reduced
W0000 00:00:1764934306.986710 2469828 gpu_timer.cc:114] Skipping the delay kernel, measurement accuracy will be reduced
W0000 00:00:1764934306.992489 2469828 gpu_timer.cc:114] Skipping the delay kernel, measurement accuracy will be reduced
----- stderr -----
W0000 00:00:1764934307.010066 2469828 gpu_timer.cc:114] Skipping the delay kernel, measurement accuracy will be reduced
W0000 00:00:1764934307.014802 2469828 gpu_timer.cc:114] Skipping the delay kernel, measurement accuracy will be reduced
----- stderr -----
W0000 00:00:1764934310.012976 2469828 gpu_timer.cc:114] Skipping the delay kernel, measurement accuracy will be reduced
W0000 00:00:1764934310.143208 2469828 gpu_timer.cc:114] Skipping the delay kernel, measurement accuracy will be reduced
W0000 00:00:1764934310.148534 2469828 gpu_timer.cc:114] Skipping the delay kernel, measurement accuracy will be reduced
W0000 00:00:1764934310.182613 2469828 gpu_timer.cc:114] Skipping the delay kernel, measurement accuracy will be reduced
W0000 00:00:1764934310.188228 2469828 gpu_timer.cc:114] Skipping the delay kernel, measurement accuracy will be reduced
----- stderr -----
W0000 00:00:1764934310.360260 2469828 gpu_timer.cc:114] Skipping the delay kernel, measurement accuracy will be reduced
W0000 00:00:1764934310.398458 2469828 gpu_timer.cc:114] Skipping the delay kernel, measurement accuracy will be reduced
W0000 00:00:1764934310.429653 2469828 gpu_timer.cc:114] Skipping the delay kernel, measurement accuracy will be reduced
W0000 00:00:1764934310.437567 2469828 gpu_timer.cc:114] Skipping the delay kernel, measurement accuracy will be reduced
W0000 00:00:1764934310.445478 2469828 gpu_timer.cc:114] Skipping the delay kernel, measurement accuracy will be reduced
W0000 00:00:1764934310.480216 2469828 gpu_timer.cc:114] Skipping the delay kernel, measurement accuracy will be reduced
W0000 00:00:1764934310.493208 2469828 gpu_timer.cc:114] Skipping the delay kernel, measurement accuracy will be reduced
W0000 00:00:1764934310.499714 2469828 gpu_timer.cc:114] Skipping the delay kernel, measurement accuracy will be reduced
W0000 00:00:1764934310.509068 2469828 gpu_timer.cc:114] Skipping the delay kernel, measurement accuracy will be reduced
W0000 00:00:1764934310.519184 2469828 gpu_timer.cc:114] Skipping the delay kernel, measurement accuracy will be reduced
W0000 00:00:1764934310.531096 2469828 gpu_timer.cc:114] Skipping the delay kernel, measurement accuracy will be reduced
W0000 00:00:1764934310.541114 2469828 gpu_timer.cc:114] Skipping the delay kernel, measurement accuracy will be reduced
W0000 00:00:1764934310.559306 2469828 gpu_timer.cc:114] Skipping the delay kernel, measurement accuracy will be reduced
----- stderr -----
W0000 00:00:1764934310.577161 2469828 gpu_timer.cc:114] Skipping the delay kernel, measurement accuracy will be reduced
W0000 00:00:1764934310.703050 2469828 gpu_timer.cc:114] Skipping the delay kernel, measurement accuracy will be reduced
W0000 00:00:1764934310.722631 2469828 gpu_timer.cc:114] Skipping the delay kernel, measurement accuracy will be reduced
W0000 00:00:1764934310.727234 2469828 gpu_timer.cc:114] Skipping the delay kernel, measurement accuracy will be reduced
W0000 00:00:1764934310.729997 2469828 gpu_timer.cc:114] Skipping the delay kernel, measurement accuracy will be reduced
W0000 00:00:1764934310.733777 2469828 gpu_timer.cc:114] Skipping the delay kernel, measurement accuracy will be reduced
W0000 00:00:1764934310.737776 2469828 gpu_timer.cc:114] Skipping the delay kernel, measurement accuracy will be reduced
W0000 00:00:1764934310.742054 2469828 gpu_timer.cc:114] Skipping the delay kernel, measurement accuracy will be reduced
W0000 00:00:1764934310.743346 2469828 gpu_timer.cc:114] Skipping the delay kernel, measurement accuracy will be reduced
W0000 00:00:1764934310.747922 2469828 gpu_timer.cc:114] Skipping the delay kernel, measurement accuracy will be reduced
W0000 00:00:1764934310.749513 2469828 gpu_timer.cc:114] Skipping the delay kernel, measurement accuracy will be reduced
W0000 00:00:1764934310.752291 2469828 gpu_timer.cc:114] Skipping the delay kernel, measurement accuracy will be reduced
W0000 00:00:1764934310.755085 2469828 gpu_timer.cc:114] Skipping the delay kernel, measurement accuracy will be reduced
W0000 00:00:1764934310.758069 2469828 gpu_timer.cc:114] Skipping the delay kernel, measurement accuracy will be reduced
W0000 00:00:1764934310.760942 2469828 gpu_timer.cc:114] Skipping the delay kernel, measurement accuracy will be reduced
W0000 00:00:1764934310.763832 2469828 gpu_timer.cc:114] Skipping the delay kernel, measurement accuracy will be reduced
W0000 00:00:1764934310.768946 2469828 gpu_timer.cc:114] Skipping the delay kernel, measurement accuracy will be reduced
W0000 00:00:1764934310.770224 2469828 gpu_timer.cc:114] Skipping the delay kernel, measurement accuracy will be reduced
----- stderr -----
W0000 00:00:1764934310.781830 2469828 gpu_timer.cc:114] Skipping the delay kernel, measurement accuracy will be reduced
W0000 00:00:1764934310.794003 2469828 gpu_timer.cc:114] Skipping the delay kernel, measurement accuracy will be reduced
W0000 00:00:1764934310.806420 2469828 gpu_timer.cc:114] Skipping the delay kernel, measurement accuracy will be reduced
W0000 00:00:1764934310.819175 2469828 gpu_timer.cc:114] Skipping the delay kernel, measurement accuracy will be reduced
WARNING: All log messages before absl::InitializeLog() is called are written to STDERR
I0000 00:00:1764934310.844775 2469828 service.cc:146] XLA service 0x7fd101bdeb70 initialized for platform CUDA (this does not guarantee that XLA will be used). Devices:
I0000 00:00:1764934310.867365 2469828 service.cc:154]   StreamExecutor device (0): NVIDIA GeForce RTX 4060, Compute Capability 8.9
----- stderr -----
2025-12-05 12:31:51.609596: I tensorflow/compiler/mlir/tensorflow/utils/dump_mlir_util.cc:268] disabling MLIR crash reproducer, set env var `MLIR_CRASH_REPRODUCER_DIRECTORY` to enable.
----- stderr -----
I0000 00:00:1764934312.805271 2469828 device_compiler.h:188] Compiled cluster using XLA!  This line is logged at most once for the lifetime of the process.
W0000 00:00:1764934313.002770 2469828 gpu_timer.cc:114] Skipping the delay kernel, measurement accuracy will be reduced
W0000 00:00:1764934313.005688 2469828 gpu_timer.cc:114] Skipping the delay kernel, measurement accuracy will be reduced
----- stderr -----
W0000 00:00:1764934313.008515 2469828 gpu_timer.cc:114] Skipping the delay kernel, measurement accuracy will be reduced
W0000 00:00:1764934313.011583 2469828 gpu_timer.cc:114] Skipping the delay kernel, measurement accuracy will be reduced
W0000 00:00:1764934313.067926 2469828 gpu_timer.cc:114] Skipping the delay kernel, measurement accuracy will be reduced
W0000 00:00:1764934313.103547 2469828 gpu_timer.cc:114] Skipping the delay kernel, measurement accuracy will be reduced
W0000 00:00:1764934313.107187 2469828 gpu_timer.cc:114] Skipping the delay kernel, measurement accuracy will be reduced
W0000 00:00:1764934313.110503 2469828 gpu_timer.cc:114] Skipping the delay kernel, measurement accuracy will be reduced
W0000 00:00:1764934313.113759 2469828 gpu_timer.cc:114] Skipping the delay kernel, measurement accuracy will be reduced
W0000 00:00:1764934313.116943 2469828 gpu_timer.cc:114] Skipping the delay kernel, measurement accuracy will be reduced
W0000 00:00:1764934313.120293 2469828 gpu_timer.cc:114] Skipping the delay kernel, measurement accuracy will be reduced
W0000 00:00:1764934313.123908 2469828 gpu_timer.cc:114] Skipping the delay kernel, measurement accuracy will be reduced
W0000 00:00:1764934313.127165 2469828 gpu_timer.cc:114] Skipping the delay kernel, measurement accuracy will be reduced
W0000 00:00:1764934313.130722 2469828 gpu_timer.cc:114] Skipping the delay kernel, measurement accuracy will be reduced
W0000 00:00:1764934313.134248 2469828 gpu_timer.cc:114] Skipping the delay kernel, measurement accuracy will be reduced
W0000 00:00:1764934313.137661 2469828 gpu_timer.cc:114] Skipping the delay kernel, measurement accuracy will be reduced
W0000 00:00:1764934313.141171 2469828 gpu_timer.cc:114] Skipping the delay kernel, measurement accuracy will be reduced
W0000 00:00:1764934313.144638 2469828 gpu_timer.cc:114] Skipping the delay kernel, measurement accuracy will be reduced
W0000 00:00:1764934313.148096 2469828 gpu_timer.cc:114] Skipping the delay kernel, measurement accuracy will be reduced
W0000 00:00:1764934313.151552 2469828 gpu_timer.cc:114] Skipping the delay kernel, measurement accuracy will be reduced
W0000 00:00:1764934313.155016 2469828 gpu_timer.cc:114] Skipping the delay kernel, measurement accuracy will be reduced
W0000 00:00:1764934313.159139 2469828 gpu_timer.cc:114] Skipping the delay kernel, measurement accuracy will be reduced
W0000 00:00:1764934313.163377 2469828 gpu_timer.cc:114] Skipping the delay kernel, measurement accuracy will be reduced
W0000 00:00:1764934313.168152 2469828 gpu_timer.cc:114] Skipping the delay kernel, measurement accuracy will be reduced
W0000 00:00:1764934313.172078 2469828 gpu_timer.cc:114] Skipping the delay kernel, measurement accuracy will be reduced
W0000 00:00:1764934313.175803 2469828 gpu_timer.cc:114] Skipping the delay kernel, measurement accuracy will be reduced
W0000 00:00:1764934313.180285 2469828 gpu_timer.cc:114] Skipping the delay kernel, measurement accuracy will be reduced
W0000 00:00:1764934313.184835 2469828 gpu_timer.cc:114] Skipping the delay kernel, measurement accuracy will be reduced
W0000 00:00:1764934313.189958 2469828 gpu_timer.cc:114] Skipping the delay kernel, measurement accuracy will be reduced
W0000 00:00:1764934313.194279 2469828 gpu_timer.cc:114] Skipping the delay kernel, measurement accuracy will be reduced
W0000 00:00:1764934313.199277 2469828 gpu_timer.cc:114] Skipping the delay kernel, measurement accuracy will be reduced
W0000 00:00:1764934313.205719 2469828 gpu_timer.cc:114] Skipping the delay kernel, measurement accuracy will be reduced
----- stderr -----
W0000 00:00:1764934313.215795 2469828 gpu_timer.cc:114] Skipping the delay kernel, measurement accuracy will be reduced
W0000 00:00:1764934313.284666 2469828 gpu_timer.cc:114] Skipping the delay kernel, measurement accuracy will be reduced
W0000 00:00:1764934313.287688 2469828 gpu_timer.cc:114] Skipping the delay kernel, measurement accuracy will be reduced
W0000 00:00:1764934313.290624 2469828 gpu_timer.cc:114] Skipping the delay kernel, measurement accuracy will be reduced
W0000 00:00:1764934313.293638 2469828 gpu_timer.cc:114] Skipping the delay kernel, measurement accuracy will be reduced
W0000 00:00:1764934313.296668 2469828 gpu_timer.cc:114] Skipping the delay kernel, measurement accuracy will be reduced
W0000 00:00:1764934313.300441 2469828 gpu_timer.cc:114] Skipping the delay kernel, measurement accuracy will be reduced
W0000 00:00:1764934313.304151 2469828 gpu_timer.cc:114] Skipping the delay kernel, measurement accuracy will be reduced
W0000 00:00:1764934313.307758 2469828 gpu_timer.cc:114] Skipping the delay kernel, measurement accuracy will be reduced
W0000 00:00:1764934313.311678 2469828 gpu_timer.cc:114] Skipping the delay kernel, measurement accuracy will be reduced
W0000 00:00:1764934313.315622 2469828 gpu_timer.cc:114] Skipping the delay kernel, measurement accuracy will be reduced
W0000 00:00:1764934313.320263 2469828 gpu_timer.cc:114] Skipping the delay kernel, measurement accuracy will be reduced
W0000 00:00:1764934313.324049 2469828 gpu_timer.cc:114] Skipping the delay kernel, measurement accuracy will be reduced
W0000 00:00:1764934313.328599 2469828 gpu_timer.cc:114] Skipping the delay kernel, measurement accuracy will be reduced
W0000 00:00:1764934313.333962 2469828 gpu_timer.cc:114] Skipping the delay kernel, measurement accuracy will be reduced
W0000 00:00:1764934313.338626 2469828 gpu_timer.cc:114] Skipping the delay kernel, measurement accuracy will be reduced
W0000 00:00:1764934313.343686 2469828 gpu_timer.cc:114] Skipping the delay kernel, measurement accuracy will be reduced
W0000 00:00:1764934313.348431 2469828 gpu_timer.cc:114] Skipping the delay kernel, measurement accuracy will be reduced
W0000 00:00:1764934313.353468 2469828 gpu_timer.cc:114] Skipping the delay kernel, measurement accuracy will be reduced
W0000 00:00:1764934313.371276 2469828 gpu_timer.cc:114] Skipping the delay kernel, measurement accuracy will be reduced
W0000 00:00:1764934313.375521 2469828 gpu_timer.cc:114] Skipping the delay kernel, measurement accuracy will be reduced
W0000 00:00:1764934313.379517 2469828 gpu_timer.cc:114] Skipping the delay kernel, measurement accuracy will be reduced
----- stderr -----
W0000 00:00:1764934313.466047 2469828 gpu_timer.cc:114] Skipping the delay kernel, measurement accuracy will be reduced
W0000 00:00:1764934313.467392 2469828 gpu_timer.cc:114] Skipping the delay kernel, measurement accuracy will be reduced
W0000 00:00:1764934313.468661 2469828 gpu_timer.cc:114] Skipping the delay kernel, measurement accuracy will be reduced
W0000 00:00:1764934313.469982 2469828 gpu_timer.cc:114] Skipping the delay kernel, measurement accuracy will be reduced
W0000 00:00:1764934313.471273 2469828 gpu_timer.cc:114] Skipping the delay kernel, measurement accuracy will be reduced
W0000 00:00:1764934313.472575 2469828 gpu_timer.cc:114] Skipping the delay kernel, measurement accuracy will be reduced
W0000 00:00:1764934313.473827 2469828 gpu_timer.cc:114] Skipping the delay kernel, measurement accuracy will be reduced
W0000 00:00:1764934313.475131 2469828 gpu_timer.cc:114] Skipping the delay kernel, measurement accuracy will be reduced
W0000 00:00:1764934313.476426 2469828 gpu_timer.cc:114] Skipping the delay kernel, measurement accuracy will be reduced
W0000 00:00:1764934313.477721 2469828 gpu_timer.cc:114] Skipping the delay kernel, measurement accuracy will be reduced
W0000 00:00:1764934313.479028 2469828 gpu_timer.cc:114] Skipping the delay kernel, measurement accuracy will be reduced
W0000 00:00:1764934313.480196 2469828 gpu_timer.cc:114] Skipping the delay kernel, measurement accuracy will be reduced
W0000 00:00:1764934313.481519 2469828 gpu_timer.cc:114] Skipping the delay kernel, measurement accuracy will be reduced
W0000 00:00:1764934313.482840 2469828 gpu_timer.cc:114] Skipping the delay kernel, measurement accuracy will be reduced
W0000 00:00:1764934313.484142 2469828 gpu_timer.cc:114] Skipping the delay kernel, measurement accuracy will be reduced
W0000 00:00:1764934313.485331 2469828 gpu_timer.cc:114] Skipping the delay kernel, measurement accuracy will be reduced
W0000 00:00:1764934313.486798 2469828 gpu_timer.cc:114] Skipping the delay kernel, measurement accuracy will be reduced
W0000 00:00:1764934313.488430 2469828 gpu_timer.cc:114] Skipping the delay kernel, measurement accuracy will be reduced
W0000 00:00:1764934313.489761 2469828 gpu_timer.cc:114] Skipping the delay kernel, measurement accuracy will be reduced
W0000 00:00:1764934313.491206 2469828 gpu_timer.cc:114] Skipping the delay kernel, measurement accuracy will be reduced
W0000 00:00:1764934313.492595 2469828 gpu_timer.cc:114] Skipping the delay kernel, measurement accuracy will be reduced
W0000 00:00:1764934313.494003 2469828 gpu_timer.cc:114] Skipping the delay kernel, measurement accuracy will be reduced
W0000 00:00:1764934313.495468 2469828 gpu_timer.cc:114] Skipping the delay kernel, measurement accuracy will be reduced
W0000 00:00:1764934313.496685 2469828 gpu_timer.cc:114] Skipping the delay kernel, measurement accuracy will be reduced
W0000 00:00:1764934313.497922 2469828 gpu_timer.cc:114] Skipping the delay kernel, measurement accuracy will be reduced
W0000 00:00:1764934313.499201 2469828 gpu_timer.cc:114] Skipping the delay kernel, measurement accuracy will be reduced
W0000 00:00:1764934313.500540 2469828 gpu_timer.cc:114] Skipping the delay kernel, measurement accuracy will be reduced
W0000 00:00:1764934313.502058 2469828 gpu_timer.cc:114] Skipping the delay kernel, measurement accuracy will be reduced
W0000 00:00:1764934313.503618 2469828 gpu_timer.cc:114] Skipping the delay kernel, measurement accuracy will be reduced
W0000 00:00:1764934313.505409 2469828 gpu_timer.cc:114] Skipping the delay kernel, measurement accuracy will be reduced
W0000 00:00:1764934313.506977 2469828 gpu_timer.cc:114] Skipping the delay kernel, measurement accuracy will be reduced
W0000 00:00:1764934313.508661 2469828 gpu_timer.cc:114] Skipping the delay kernel, measurement accuracy will be reduced
W0000 00:00:1764934313.510608 2469828 gpu_timer.cc:114] Skipping the delay kernel, measurement accuracy will be reduced
W0000 00:00:1764934313.515296 2469828 gpu_timer.cc:114] Skipping the delay kernel, measurement accuracy will be reduced
W0000 00:00:1764934313.559676 2469828 gpu_timer.cc:114] Skipping the delay kernel, measurement accuracy will be reduced
W0000 00:00:1764934313.561206 2469828 gpu_timer.cc:114] Skipping the delay kernel, measurement accuracy will be reduced
W0000 00:00:1764934313.562638 2469828 gpu_timer.cc:114] Skipping the delay kernel, measurement accuracy will be reduced
W0000 00:00:1764934313.564032 2469828 gpu_timer.cc:114] Skipping the delay kernel, measurement accuracy will be reduced
W0000 00:00:1764934313.565394 2469828 gpu_timer.cc:114] Skipping the delay kernel, measurement accuracy will be reduced
W0000 00:00:1764934313.566817 2469828 gpu_timer.cc:114] Skipping the delay kernel, measurement accuracy will be reduced
W0000 00:00:1764934313.568535 2469828 gpu_timer.cc:114] Skipping the delay kernel, measurement accuracy will be reduced
W0000 00:00:1764934313.569942 2469828 gpu_timer.cc:114] Skipping the delay kernel, measurement accuracy will be reduced
W0000 00:00:1764934313.571124 2469828 gpu_timer.cc:114] Skipping the delay kernel, measurement accuracy will be reduced
W0000 00:00:1764934313.572742 2469828 gpu_timer.cc:114] Skipping the delay kernel, measurement accuracy will be reduced
W0000 00:00:1764934313.573928 2469828 gpu_timer.cc:114] Skipping the delay kernel, measurement accuracy will be reduced
W0000 00:00:1764934313.575680 2469828 gpu_timer.cc:114] Skipping the delay kernel, measurement accuracy will be reduced
W0000 00:00:1764934313.577469 2469828 gpu_timer.cc:114] Skipping the delay kernel, measurement accuracy will be reduced
W0000 00:00:1764934313.579244 2469828 gpu_timer.cc:114] Skipping the delay kernel, measurement accuracy will be reduced
W0000 00:00:1764934313.580726 2469828 gpu_timer.cc:114] Skipping the delay kernel, measurement accuracy will be reduced
W0000 00:00:1764934313.582400 2469828 gpu_timer.cc:114] Skipping the delay kernel, measurement accuracy will be reduced
W0000 00:00:1764934313.583594 2469828 gpu_timer.cc:114] Skipping the delay kernel, measurement accuracy will be reduced
W0000 00:00:1764934313.584765 2469828 gpu_timer.cc:114] Skipping the delay kernel, measurement accuracy will be reduced
W0000 00:00:1764934313.586193 2469828 gpu_timer.cc:114] Skipping the delay kernel, measurement accuracy will be reduced
W0000 00:00:1764934313.587912 2469828 gpu_timer.cc:114] Skipping the delay kernel, measurement accuracy will be reduced
W0000 00:00:1764934313.589715 2469828 gpu_timer.cc:114] Skipping the delay kernel, measurement accuracy will be reduced
W0000 00:00:1764934313.591577 2469828 gpu_timer.cc:114] Skipping the delay kernel, measurement accuracy will be reduced
----- stderr -----
W0000 00:00:1764934313.708654 2469828 gpu_timer.cc:114] Skipping the delay kernel, measurement accuracy will be reduced
W0000 00:00:1764934313.709574 2469828 gpu_timer.cc:114] Skipping the delay kernel, measurement accuracy will be reduced
W0000 00:00:1764934313.710431 2469828 gpu_timer.cc:114] Skipping the delay kernel, measurement accuracy will be reduced
W0000 00:00:1764934313.711292 2469828 gpu_timer.cc:114] Skipping the delay kernel, measurement accuracy will be reduced
W0000 00:00:1764934313.712118 2469828 gpu_timer.cc:114] Skipping the delay kernel, measurement accuracy will be reduced
W0000 00:00:1764934313.712949 2469828 gpu_timer.cc:114] Skipping the delay kernel, measurement accuracy will be reduced
W0000 00:00:1764934313.713782 2469828 gpu_timer.cc:114] Skipping the delay kernel, measurement accuracy will be reduced
W0000 00:00:1764934313.714614 2469828 gpu_timer.cc:114] Skipping the delay kernel, measurement accuracy will be reduced
W0000 00:00:1764934313.715444 2469828 gpu_timer.cc:114] Skipping the delay kernel, measurement accuracy will be reduced
W0000 00:00:1764934313.716273 2469828 gpu_timer.cc:114] Skipping the delay kernel, measurement accuracy will be reduced
W0000 00:00:1764934313.717039 2469828 gpu_timer.cc:114] Skipping the delay kernel, measurement accuracy will be reduced
W0000 00:00:1764934313.717874 2469828 gpu_timer.cc:114] Skipping the delay kernel, measurement accuracy will be reduced
W0000 00:00:1764934313.718704 2469828 gpu_timer.cc:114] Skipping the delay kernel, measurement accuracy will be reduced
W0000 00:00:1764934313.719438 2469828 gpu_timer.cc:114] Skipping the delay kernel, measurement accuracy will be reduced
W0000 00:00:1764934313.720287 2469828 gpu_timer.cc:114] Skipping the delay kernel, measurement accuracy will be reduced
W0000 00:00:1764934313.721136 2469828 gpu_timer.cc:114] Skipping the delay kernel, measurement accuracy will be reduced
W0000 00:00:1764934313.722009 2469828 gpu_timer.cc:114] Skipping the delay kernel, measurement accuracy will be reduced
W0000 00:00:1764934313.722972 2469828 gpu_timer.cc:114] Skipping the delay kernel, measurement accuracy will be reduced
W0000 00:00:1764934313.723825 2469828 gpu_timer.cc:114] Skipping the delay kernel, measurement accuracy will be reduced
W0000 00:00:1764934313.724573 2469828 gpu_timer.cc:114] Skipping the delay kernel, measurement accuracy will be reduced
W0000 00:00:1764934313.725443 2469828 gpu_timer.cc:114] Skipping the delay kernel, measurement accuracy will be reduced
W0000 00:00:1764934313.726318 2469828 gpu_timer.cc:114] Skipping the delay kernel, measurement accuracy will be reduced
W0000 00:00:1764934313.727190 2469828 gpu_timer.cc:114] Skipping the delay kernel, measurement accuracy will be reduced
W0000 00:00:1764934313.728068 2469828 gpu_timer.cc:114] Skipping the delay kernel, measurement accuracy will be reduced
W0000 00:00:1764934313.728894 2469828 gpu_timer.cc:114] Skipping the delay kernel, measurement accuracy will be reduced
W0000 00:00:1764934313.729638 2469828 gpu_timer.cc:114] Skipping the delay kernel, measurement accuracy will be reduced
W0000 00:00:1764934313.730472 2469828 gpu_timer.cc:114] Skipping the delay kernel, measurement accuracy will be reduced
W0000 00:00:1764934313.731231 2469828 gpu_timer.cc:114] Skipping the delay kernel, measurement accuracy will be reduced
W0000 00:00:1764934313.732014 2469828 gpu_timer.cc:114] Skipping the delay kernel, measurement accuracy will be reduced
W0000 00:00:1764934313.732969 2469828 gpu_timer.cc:114] Skipping the delay kernel, measurement accuracy will be reduced
W0000 00:00:1764934313.733961 2469828 gpu_timer.cc:114] Skipping the delay kernel, measurement accuracy will be reduced
W0000 00:00:1764934313.735823 2469828 gpu_timer.cc:114] Skipping the delay kernel, measurement accuracy will be reduced
W0000 00:00:1764934313.748947 2469828 gpu_timer.cc:114] Skipping the delay kernel, measurement accuracy will be reduced
W0000 00:00:1764934313.749931 2469828 gpu_timer.cc:114] Skipping the delay kernel, measurement accuracy will be reduced
W0000 00:00:1764934313.750816 2469828 gpu_timer.cc:114] Skipping the delay kernel, measurement accuracy will be reduced
W0000 00:00:1764934313.751712 2469828 gpu_timer.cc:114] Skipping the delay kernel, measurement accuracy will be reduced
W0000 00:00:1764934313.752573 2469828 gpu_timer.cc:114] Skipping the delay kernel, measurement accuracy will be reduced
W0000 00:00:1764934313.753461 2469828 gpu_timer.cc:114] Skipping the delay kernel, measurement accuracy will be reduced
W0000 00:00:1764934313.754381 2469828 gpu_timer.cc:114] Skipping the delay kernel, measurement accuracy will be reduced
W0000 00:00:1764934313.755257 2469828 gpu_timer.cc:114] Skipping the delay kernel, measurement accuracy will be reduced
W0000 00:00:1764934313.755990 2469828 gpu_timer.cc:114] Skipping the delay kernel, measurement accuracy will be reduced
W0000 00:00:1764934313.756884 2469828 gpu_timer.cc:114] Skipping the delay kernel, measurement accuracy will be reduced
W0000 00:00:1764934313.757621 2469828 gpu_timer.cc:114] Skipping the delay kernel, measurement accuracy will be reduced
W0000 00:00:1764934313.758584 2469828 gpu_timer.cc:114] Skipping the delay kernel, measurement accuracy will be reduced
W0000 00:00:1764934313.759510 2469828 gpu_timer.cc:114] Skipping the delay kernel, measurement accuracy will be reduced
W0000 00:00:1764934313.760457 2469828 gpu_timer.cc:114] Skipping the delay kernel, measurement accuracy will be reduced
W0000 00:00:1764934313.761342 2469828 gpu_timer.cc:114] Skipping the delay kernel, measurement accuracy will be reduced
W0000 00:00:1764934313.762273 2469828 gpu_timer.cc:114] Skipping the delay kernel, measurement accuracy will be reduced
W0000 00:00:1764934313.763019 2469828 gpu_timer.cc:114] Skipping the delay kernel, measurement accuracy will be reduced
W0000 00:00:1764934313.763776 2469828 gpu_timer.cc:114] Skipping the delay kernel, measurement accuracy will be reduced
W0000 00:00:1764934313.764645 2469828 gpu_timer.cc:114] Skipping the delay kernel, measurement accuracy will be reduced
W0000 00:00:1764934313.765510 2469828 gpu_timer.cc:114] Skipping the delay kernel, measurement accuracy will be reduced
W0000 00:00:1764934313.766398 2469828 gpu_timer.cc:114] Skipping the delay kernel, measurement accuracy will be reduced
W0000 00:00:1764934313.767373 2469828 gpu_timer.cc:114] Skipping the delay kernel, measurement accuracy will be reduced
W0000 00:00:1764934313.768369 2469828 gpu_timer.cc:114] Skipping the delay kernel, measurement accuracy will be reduced
W0000 00:00:1764934313.814328 2469828 gpu_timer.cc:114] Skipping the delay kernel, measurement accuracy will be reduced
W0000 00:00:1764934313.814995 2469828 gpu_timer.cc:114] Skipping the delay kernel, measurement accuracy will be reduced
W0000 00:00:1764934313.815789 2469828 gpu_timer.cc:114] Skipping the delay kernel, measurement accuracy will be reduced
W0000 00:00:1764934313.816376 2469828 gpu_timer.cc:114] Skipping the delay kernel, measurement accuracy will be reduced
W0000 00:00:1764934313.816963 2469828 gpu_timer.cc:114] Skipping the delay kernel, measurement accuracy will be reduced
W0000 00:00:1764934313.817539 2469828 gpu_timer.cc:114] Skipping the delay kernel, measurement accuracy will be reduced
W0000 00:00:1764934313.818193 2469828 gpu_timer.cc:114] Skipping the delay kernel, measurement accuracy will be reduced
W0000 00:00:1764934313.818997 2469828 gpu_timer.cc:114] Skipping the delay kernel, measurement accuracy will be reduced
W0000 00:00:1764934313.819644 2469828 gpu_timer.cc:114] Skipping the delay kernel, measurement accuracy will be reduced
W0000 00:00:1764934313.820293 2469828 gpu_timer.cc:114] Skipping the delay kernel, measurement accuracy will be reduced
W0000 00:00:1764934313.820881 2469828 gpu_timer.cc:114] Skipping the delay kernel, measurement accuracy will be reduced
W0000 00:00:1764934313.821536 2469828 gpu_timer.cc:114] Skipping the delay kernel, measurement accuracy will be reduced
W0000 00:00:1764934313.822167 2469828 gpu_timer.cc:114] Skipping the delay kernel, measurement accuracy will be reduced
W0000 00:00:1764934313.822755 2469828 gpu_timer.cc:114] Skipping the delay kernel, measurement accuracy will be reduced
W0000 00:00:1764934313.823446 2469828 gpu_timer.cc:114] Skipping the delay kernel, measurement accuracy will be reduced
W0000 00:00:1764934313.824064 2469828 gpu_timer.cc:114] Skipping the delay kernel, measurement accuracy will be reduced
W0000 00:00:1764934313.824652 2469828 gpu_timer.cc:114] Skipping the delay kernel, measurement accuracy will be reduced
W0000 00:00:1764934313.825286 2469828 gpu_timer.cc:114] Skipping the delay kernel, measurement accuracy will be reduced
W0000 00:00:1764934313.825862 2469828 gpu_timer.cc:114] Skipping the delay kernel, measurement accuracy will be reduced
W0000 00:00:1764934313.826452 2469828 gpu_timer.cc:114] Skipping the delay kernel, measurement accuracy will be reduced
W0000 00:00:1764934313.827418 2469828 gpu_timer.cc:114] Skipping the delay kernel, measurement accuracy will be reduced
W0000 00:00:1764934313.834185 2469828 gpu_timer.cc:114] Skipping the delay kernel, measurement accuracy will be reduced
W0000 00:00:1764934313.834817 2469828 gpu_timer.cc:114] Skipping the delay kernel, measurement accuracy will be reduced
W0000 00:00:1764934313.835397 2469828 gpu_timer.cc:114] Skipping the delay kernel, measurement accuracy will be reduced
W0000 00:00:1764934313.835973 2469828 gpu_timer.cc:114] Skipping the delay kernel, measurement accuracy will be reduced
W0000 00:00:1764934313.836548 2469828 gpu_timer.cc:114] Skipping the delay kernel, measurement accuracy will be reduced
W0000 00:00:1764934313.837127 2469828 gpu_timer.cc:114] Skipping the delay kernel, measurement accuracy will be reduced
W0000 00:00:1764934313.837702 2469828 gpu_timer.cc:114] Skipping the delay kernel, measurement accuracy will be reduced
W0000 00:00:1764934313.838291 2469828 gpu_timer.cc:114] Skipping the delay kernel, measurement accuracy will be reduced
W0000 00:00:1764934313.838871 2469828 gpu_timer.cc:114] Skipping the delay kernel, measurement accuracy will be reduced
W0000 00:00:1764934313.839470 2469828 gpu_timer.cc:114] Skipping the delay kernel, measurement accuracy will be reduced
W0000 00:00:1764934313.840057 2469828 gpu_timer.cc:114] Skipping the delay kernel, measurement accuracy will be reduced
W0000 00:00:1764934313.840646 2469828 gpu_timer.cc:114] Skipping the delay kernel, measurement accuracy will be reduced
W0000 00:00:1764934313.841229 2469828 gpu_timer.cc:114] Skipping the delay kernel, measurement accuracy will be reduced
W0000 00:00:1764934313.841811 2469828 gpu_timer.cc:114] Skipping the delay kernel, measurement accuracy will be reduced
W0000 00:00:1764934313.842393 2469828 gpu_timer.cc:114] Skipping the delay kernel, measurement accuracy will be reduced
W0000 00:00:1764934313.842996 2469828 gpu_timer.cc:114] Skipping the delay kernel, measurement accuracy will be reduced
W0000 00:00:1764934313.843583 2469828 gpu_timer.cc:114] Skipping the delay kernel, measurement accuracy will be reduced
W0000 00:00:1764934313.844198 2469828 gpu_timer.cc:114] Skipping the delay kernel, measurement accuracy will be reduced
W0000 00:00:1764934313.844816 2469828 gpu_timer.cc:114] Skipping the delay kernel, measurement accuracy will be reduced
W0000 00:00:1764934313.845429 2469828 gpu_timer.cc:114] Skipping the delay kernel, measurement accuracy will be reduced
W0000 00:00:1764934313.846030 2469828 gpu_timer.cc:114] Skipping the delay kernel, measurement accuracy will be reduced
W0000 00:00:1764934313.846641 2469828 gpu_timer.cc:114] Skipping the delay kernel, measurement accuracy will be reduced
W0000 00:00:1764934313.847237 2469828 gpu_timer.cc:114] Skipping the delay kernel, measurement accuracy will be reduced
W0000 00:00:1764934313.847835 2469828 gpu_timer.cc:114] Skipping the delay kernel, measurement accuracy will be reduced
W0000 00:00:1764934313.848444 2469828 gpu_timer.cc:114] Skipping the delay kernel, measurement accuracy will be reduced
W0000 00:00:1764934313.849113 2469828 gpu_timer.cc:114] Skipping the delay kernel, measurement accuracy will be reduced
W0000 00:00:1764934313.849725 2469828 gpu_timer.cc:114] Skipping the delay kernel, measurement accuracy will be reduced
W0000 00:00:1764934313.850342 2469828 gpu_timer.cc:114] Skipping the delay kernel, measurement accuracy will be reduced
W0000 00:00:1764934313.850961 2469828 gpu_timer.cc:114] Skipping the delay kernel, measurement accuracy will be reduced
W0000 00:00:1764934313.851587 2469828 gpu_timer.cc:114] Skipping the delay kernel, measurement accuracy will be reduced
W0000 00:00:1764934313.852239 2469828 gpu_timer.cc:114] Skipping the delay kernel, measurement accuracy will be reduced
W0000 00:00:1764934313.852892 2469828 gpu_timer.cc:114] Skipping the delay kernel, measurement accuracy will be reduced
W0000 00:00:1764934313.853539 2469828 gpu_timer.cc:114] Skipping the delay kernel, measurement accuracy will be reduced
W0000 00:00:1764934313.854949 2469828 gpu_timer.cc:114] Skipping the delay kernel, measurement accuracy will be reduced
----- stderr -----
W0000 00:00:1764934314.048922 2469828 gpu_timer.cc:114] Skipping the delay kernel, measurement accuracy will be reduced
W0000 00:00:1764934314.049596 2469828 gpu_timer.cc:114] Skipping the delay kernel, measurement accuracy will be reduced
W0000 00:00:1764934314.050171 2469828 gpu_timer.cc:114] Skipping the delay kernel, measurement accuracy will be reduced
W0000 00:00:1764934314.050893 2469828 gpu_timer.cc:114] Skipping the delay kernel, measurement accuracy will be reduced
W0000 00:00:1764934314.051470 2469828 gpu_timer.cc:114] Skipping the delay kernel, measurement accuracy will be reduced
W0000 00:00:1764934314.052045 2469828 gpu_timer.cc:114] Skipping the delay kernel, measurement accuracy will be reduced
W0000 00:00:1764934314.052628 2469828 gpu_timer.cc:114] Skipping the delay kernel, measurement accuracy will be reduced
W0000 00:00:1764934314.053264 2469828 gpu_timer.cc:114] Skipping the delay kernel, measurement accuracy will be reduced
W0000 00:00:1764934314.054168 2469828 gpu_timer.cc:114] Skipping the delay kernel, measurement accuracy will be reduced
W0000 00:00:1764934314.054746 2469828 gpu_timer.cc:114] Skipping the delay kernel, measurement accuracy will be reduced
W0000 00:00:1764934314.055323 2469828 gpu_timer.cc:114] Skipping the delay kernel, measurement accuracy will be reduced
W0000 00:00:1764934314.055922 2469828 gpu_timer.cc:114] Skipping the delay kernel, measurement accuracy will be reduced
W0000 00:00:1764934314.056502 2469828 gpu_timer.cc:114] Skipping the delay kernel, measurement accuracy will be reduced
W0000 00:00:1764934314.057508 2469828 gpu_timer.cc:114] Skipping the delay kernel, measurement accuracy will be reduced
W0000 00:00:1764934314.058094 2469828 gpu_timer.cc:114] Skipping the delay kernel, measurement accuracy will be reduced
W0000 00:00:1764934314.058701 2469828 gpu_timer.cc:114] Skipping the delay kernel, measurement accuracy will be reduced
W0000 00:00:1764934314.059303 2469828 gpu_timer.cc:114] Skipping the delay kernel, measurement accuracy will be reduced
W0000 00:00:1764934314.061213 2469828 gpu_timer.cc:114] Skipping the delay kernel, measurement accuracy will be reduced
W0000 00:00:1764934314.065138 2469828 gpu_timer.cc:114] Skipping the delay kernel, measurement accuracy will be reduced
W0000 00:00:1764934314.065740 2469828 gpu_timer.cc:114] Skipping the delay kernel, measurement accuracy will be reduced
W0000 00:00:1764934314.066302 2469828 gpu_timer.cc:114] Skipping the delay kernel, measurement accuracy will be reduced
W0000 00:00:1764934314.066888 2469828 gpu_timer.cc:114] Skipping the delay kernel, measurement accuracy will be reduced
W0000 00:00:1764934314.067455 2469828 gpu_timer.cc:114] Skipping the delay kernel, measurement accuracy will be reduced
W0000 00:00:1764934314.068128 2469828 gpu_timer.cc:114] Skipping the delay kernel, measurement accuracy will be reduced
W0000 00:00:1764934314.068677 2469828 gpu_timer.cc:114] Skipping the delay kernel, measurement accuracy will be reduced
W0000 00:00:1764934314.069270 2469828 gpu_timer.cc:114] Skipping the delay kernel, measurement accuracy will be reduced
W0000 00:00:1764934314.069838 2469828 gpu_timer.cc:114] Skipping the delay kernel, measurement accuracy will be reduced
W0000 00:00:1764934314.070415 2469828 gpu_timer.cc:114] Skipping the delay kernel, measurement accuracy will be reduced
W0000 00:00:1764934314.070972 2469828 gpu_timer.cc:114] Skipping the delay kernel, measurement accuracy will be reduced
W0000 00:00:1764934314.071531 2469828 gpu_timer.cc:114] Skipping the delay kernel, measurement accuracy will be reduced
W0000 00:00:1764934314.072086 2469828 gpu_timer.cc:114] Skipping the delay kernel, measurement accuracy will be reduced
W0000 00:00:1764934314.072646 2469828 gpu_timer.cc:114] Skipping the delay kernel, measurement accuracy will be reduced
W0000 00:00:1764934314.073208 2469828 gpu_timer.cc:114] Skipping the delay kernel, measurement accuracy will be reduced
W0000 00:00:1764934314.073970 2469828 gpu_timer.cc:114] Skipping the delay kernel, measurement accuracy will be reduced
W0000 00:00:1764934314.074731 2469828 gpu_timer.cc:114] Skipping the delay kernel, measurement accuracy will be reduced
W0000 00:00:1764934314.075494 2469828 gpu_timer.cc:114] Skipping the delay kernel, measurement accuracy will be reduced
W0000 00:00:1764934314.076255 2469828 gpu_timer.cc:114] Skipping the delay kernel, measurement accuracy will be reduced
W0000 00:00:1764934314.119300 2469828 gpu_timer.cc:114] Skipping the delay kernel, measurement accuracy will be reduced
W0000 00:00:1764934314.119981 2469828 gpu_timer.cc:114] Skipping the delay kernel, measurement accuracy will be reduced
W0000 00:00:1764934314.120635 2469828 gpu_timer.cc:114] Skipping the delay kernel, measurement accuracy will be reduced
W0000 00:00:1764934314.121249 2469828 gpu_timer.cc:114] Skipping the delay kernel, measurement accuracy will be reduced
W0000 00:00:1764934314.121911 2469828 gpu_timer.cc:114] Skipping the delay kernel, measurement accuracy will be reduced
W0000 00:00:1764934314.122524 2469828 gpu_timer.cc:114] Skipping the delay kernel, measurement accuracy will be reduced
W0000 00:00:1764934314.123318 2469828 gpu_timer.cc:114] Skipping the delay kernel, measurement accuracy will be reduced
W0000 00:00:1764934314.123988 2469828 gpu_timer.cc:114] Skipping the delay kernel, measurement accuracy will be reduced
W0000 00:00:1764934314.124653 2469828 gpu_timer.cc:114] Skipping the delay kernel, measurement accuracy will be reduced
W0000 00:00:1764934314.125354 2469828 gpu_timer.cc:114] Skipping the delay kernel, measurement accuracy will be reduced
W0000 00:00:1764934314.125986 2469828 gpu_timer.cc:114] Skipping the delay kernel, measurement accuracy will be reduced
W0000 00:00:1764934314.127009 2469828 gpu_timer.cc:114] Skipping the delay kernel, measurement accuracy will be reduced
W0000 00:00:1764934314.127619 2469828 gpu_timer.cc:114] Skipping the delay kernel, measurement accuracy will be reduced
W0000 00:00:1764934314.128295 2469828 gpu_timer.cc:114] Skipping the delay kernel, measurement accuracy will be reduced
W0000 00:00:1764934314.128912 2469828 gpu_timer.cc:114] Skipping the delay kernel, measurement accuracy will be reduced
W0000 00:00:1764934314.129826 2469828 gpu_timer.cc:114] Skipping the delay kernel, measurement accuracy will be reduced
W0000 00:00:1764934314.130566 2469828 gpu_timer.cc:114] Skipping the delay kernel, measurement accuracy will be reduced
W0000 00:00:1764934314.132395 2469828 gpu_timer.cc:114] Skipping the delay kernel, measurement accuracy will be reduced
W0000 00:00:1764934314.141802 2469828 gpu_timer.cc:114] Skipping the delay kernel, measurement accuracy will be reduced
W0000 00:00:1764934314.142649 2469828 gpu_timer.cc:114] Skipping the delay kernel, measurement accuracy will be reduced
W0000 00:00:1764934314.143264 2469828 gpu_timer.cc:114] Skipping the delay kernel, measurement accuracy will be reduced
W0000 00:00:1764934314.143865 2469828 gpu_timer.cc:114] Skipping the delay kernel, measurement accuracy will be reduced
W0000 00:00:1764934314.144492 2469828 gpu_timer.cc:114] Skipping the delay kernel, measurement accuracy will be reduced
W0000 00:00:1764934314.145098 2469828 gpu_timer.cc:114] Skipping the delay kernel, measurement accuracy will be reduced
W0000 00:00:1764934314.146032 2469828 gpu_timer.cc:114] Skipping the delay kernel, measurement accuracy will be reduced
W0000 00:00:1764934314.146653 2469828 gpu_timer.cc:114] Skipping the delay kernel, measurement accuracy will be reduced
W0000 00:00:1764934314.147295 2469828 gpu_timer.cc:114] Skipping the delay kernel, measurement accuracy will be reduced
W0000 00:00:1764934314.147900 2469828 gpu_timer.cc:114] Skipping the delay kernel, measurement accuracy will be reduced
W0000 00:00:1764934314.148483 2469828 gpu_timer.cc:114] Skipping the delay kernel, measurement accuracy will be reduced
W0000 00:00:1764934314.149079 2469828 gpu_timer.cc:114] Skipping the delay kernel, measurement accuracy will be reduced
W0000 00:00:1764934314.149673 2469828 gpu_timer.cc:114] Skipping the delay kernel, measurement accuracy will be reduced
W0000 00:00:1764934314.150273 2469828 gpu_timer.cc:114] Skipping the delay kernel, measurement accuracy will be reduced
W0000 00:00:1764934314.150912 2469828 gpu_timer.cc:114] Skipping the delay kernel, measurement accuracy will be reduced
W0000 00:00:1764934314.151683 2469828 gpu_timer.cc:114] Skipping the delay kernel, measurement accuracy will be reduced
W0000 00:00:1764934314.152460 2469828 gpu_timer.cc:114] Skipping the delay kernel, measurement accuracy will be reduced
W0000 00:00:1764934314.153239 2469828 gpu_timer.cc:114] Skipping the delay kernel, measurement accuracy will be reduced
W0000 00:00:1764934314.154016 2469828 gpu_timer.cc:114] Skipping the delay kernel, measurement accuracy will be reduced
----- stdout -----
  1/375 [..............................] - ETA: 3:45:06 - loss: 0.6946
----- stdout -----
  3/375 [..............................] - ETA: 12s - loss: 0.6902
----- stderr -----
W0000 00:00:1764934314.277595 2469828 gpu_timer.cc:114] Skipping the delay kernel, measurement accuracy will be reduced
W0000 00:00:1764934314.278793 2469828 gpu_timer.cc:114] Skipping the delay kernel, measurement accuracy will be reduced
W0000 00:00:1764934314.279829 2469828 gpu_timer.cc:114] Skipping the delay kernel, measurement accuracy will be reduced
W0000 00:00:1764934314.280993 2469828 gpu_timer.cc:114] Skipping the delay kernel, measurement accuracy will be reduced
W0000 00:00:1764934314.282009 2469828 gpu_timer.cc:114] Skipping the delay kernel, measurement accuracy will be reduced
W0000 00:00:1764934314.283061 2469828 gpu_timer.cc:114] Skipping the delay kernel, measurement accuracy will be reduced
W0000 00:00:1764934314.284232 2469828 gpu_timer.cc:114] Skipping the delay kernel, measurement accuracy will be reduced
W0000 00:00:1764934314.285170 2469828 gpu_timer.cc:114] Skipping the delay kernel, measurement accuracy will be reduced
W0000 00:00:1764934314.286325 2469828 gpu_timer.cc:114] Skipping the delay kernel, measurement accuracy will be reduced
W0000 00:00:1764934314.287658 2469828 gpu_timer.cc:114] Skipping the delay kernel, measurement accuracy will be reduced
W0000 00:00:1764934314.289532 2469828 gpu_timer.cc:114] Skipping the delay kernel, measurement accuracy will be reduced
W0000 00:00:1764934314.290740 2469828 gpu_timer.cc:114] Skipping the delay kernel, measurement accuracy will be reduced
W0000 00:00:1764934314.291728 2469828 gpu_timer.cc:114] Skipping the delay kernel, measurement accuracy will be reduced
W0000 00:00:1764934314.292999 2469828 gpu_timer.cc:114] Skipping the delay kernel, measurement accuracy will be reduced
W0000 00:00:1764934314.294139 2469828 gpu_timer.cc:114] Skipping the delay kernel, measurement accuracy will be reduced
W0000 00:00:1764934314.295080 2469828 gpu_timer.cc:114] Skipping the delay kernel, measurement accuracy will be reduced
W0000 00:00:1764934314.296245 2469828 gpu_timer.cc:114] Skipping the delay kernel, measurement accuracy will be reduced
W0000 00:00:1764934314.298209 2469828 gpu_timer.cc:114] Skipping the delay kernel, measurement accuracy will be reduced
W0000 00:00:1764934314.299166 2469828 gpu_timer.cc:114] Skipping the delay kernel, measurement accuracy will be reduced
W0000 00:00:1764934314.300156 2469828 gpu_timer.cc:114] Skipping the delay kernel, measurement accuracy will be reduced
W0000 00:00:1764934314.302883 2469828 gpu_timer.cc:114] Skipping the delay kernel, measurement accuracy will be reduced
----- stdout -----
  5/375 [..............................] - ETA: 12s - loss: 0.6793
----- stdout -----
  7/375 [..............................] - ETA: 12s - loss: 0.6474
----- stdout -----
  9/375 [..............................] - ETA: 12s - loss: 0.6234
----- stdout -----
 11/375 [..............................] - ETA: 12s - loss: 0.6041
----- stdout -----
 13/375 [>.............................] - ETA: 12s - loss: 0.5903
----- stdout -----
 15/375 [>.............................] - ETA: 12s - loss: 0.5774
----- stdout -----
 17/375 [>.............................] - ETA: 12s - loss: 0.5676
----- stdout -----
 19/375 [>.............................] - ETA: 12s - loss: 0.5583
----- stdout -----
 21/375 [>.............................] - ETA: 12s - loss: 0.5510
----- stdout -----
 23/375 [>.............................] - ETA: 12s - loss: 0.5446
----- stdout -----
 25/375 [=>............................] - ETA: 12s - loss: 0.5384
----- stdout -----
 27/375 [=>............................] - ETA: 12s - loss: 0.5336
----- stdout -----
 29/375 [=>............................] - ETA: 11s - loss: 0.5302
----- stdout -----
 31/375 [=>............................] - ETA: 11s - loss: 0.5277
----- stdout -----
 33/375 [=>............................] - ETA: 11s - loss: 0.5244
----- stdout -----
 35/375 [=>............................] - ETA: 11s - loss: 0.5214
----- stdout -----
 37/375 [=>............................] - ETA: 11s - loss: 0.5178
----- stdout -----
 39/375 [==>...........................] - ETA: 11s - loss: 0.5145
----- stdout -----
 41/375 [==>...........................] - ETA: 11s - loss: 0.5114
----- stdout -----
 43/375 [==>...........................] - ETA: 11s - loss: 0.5088
----- stdout -----
 45/375 [==>...........................] - ETA: 11s - loss: 0.5065
----- stdout -----
 47/375 [==>...........................] - ETA: 11s - loss: 0.5043
----- stdout -----
 49/375 [==>...........................] - ETA: 11s - loss: 0.5024
----- stdout -----
 51/375 [===>..........................] - ETA: 11s - loss: 0.5000
----- stdout -----
 53/375 [===>..........................] - ETA: 11s - loss: 0.4986
----- stdout -----
 55/375 [===>..........................] - ETA: 11s - loss: 0.4963
----- stdout -----
 57/375 [===>..........................] - ETA: 10s - loss: 0.4947
----- stdout -----
 59/375 [===>..........................] - ETA: 10s - loss: 0.4922
----- stdout -----
 61/375 [===>..........................] - ETA: 10s - loss: 0.4909
----- stdout -----
 63/375 [====>.........................] - ETA: 10s - loss: 0.4892
----- stdout -----
 65/375 [====>.........................] - ETA: 10s - loss: 0.4880
----- stdout -----
 67/375 [====>.........................] - ETA: 10s - loss: 0.4866
----- stdout -----
 69/375 [====>.........................] - ETA: 10s - loss: 0.4851
----- stdout -----
 71/375 [====>.........................] - ETA: 10s - loss: 0.4834
----- stdout -----
 73/375 [====>.........................] - ETA: 10s - loss: 0.4817
----- stdout -----
 75/375 [=====>........................] - ETA: 10s - loss: 0.4801
----- stdout -----
 77/375 [=====>........................] - ETA: 10s - loss: 0.4789
----- stdout -----
 79/375 [=====>........................] - ETA: 10s - loss: 0.4769
----- stdout -----
 81/375 [=====>........................] - ETA: 10s - loss: 0.4757
----- stdout -----
 83/375 [=====>........................] - ETA: 10s - loss: 0.4741
----- stdout -----
 85/375 [=====>........................] - ETA: 10s - loss: 0.4728
----- stdout -----
 87/375 [=====>........................] - ETA: 9s - loss: 0.4713
----- stdout -----
 89/375 [======>.......................] - ETA: 9s - loss: 0.4698
----- stdout -----
 91/375 [======>.......................] - ETA: 9s - loss: 0.4689
----- stdout -----
 93/375 [======>.......................] - ETA: 9s - loss: 0.4679
----- stdout -----
 95/375 [======>.......................] - ETA: 9s - loss: 0.4669
----- stdout -----
 97/375 [======>.......................] - ETA: 9s - loss: 0.4658
----- stdout -----
 99/375 [======>.......................] - ETA: 9s - loss: 0.4645
----- stdout -----
101/375 [=======>......................] - ETA: 9s - loss: 0.4635
----- stdout -----
103/375 [=======>......................] - ETA: 9s - loss: 0.4625
----- stdout -----
105/375 [=======>......................] - ETA: 9s - loss: 0.4617
----- stdout -----
107/375 [=======>......................] - ETA: 9s - loss: 0.4610
----- stdout -----
109/375 [=======>......................] - ETA: 9s - loss: 0.4599
----- stdout -----
111/375 [=======>......................] - ETA: 9s - loss: 0.4593
----- stdout -----
113/375 [========>.....................] - ETA: 9s - loss: 0.4584
----- stdout -----
115/375 [========>.....................] - ETA: 8s - loss: 0.4571
----- stdout -----
117/375 [========>.....................] - ETA: 8s - loss: 0.4562
----- stdout -----
119/375 [========>.....................] - ETA: 8s - loss: 0.4554
----- stdout -----
121/375 [========>.....................] - ETA: 8s - loss: 0.4546
----- stdout -----
123/375 [========>.....................] - ETA: 8s - loss: 0.4534
----- stdout -----
125/375 [=========>....................] - ETA: 8s - loss: 0.4527
----- stdout -----
127/375 [=========>....................] - ETA: 8s - loss: 0.4516
----- stdout -----
129/375 [=========>....................] - ETA: 8s - loss: 0.4504
----- stdout -----
131/375 [=========>....................] - ETA: 8s - loss: 0.4495
----- stdout -----
133/375 [=========>....................] - ETA: 8s - loss: 0.4482
----- stdout -----
135/375 [=========>....................] - ETA: 8s - loss: 0.4473
----- stdout -----
137/375 [=========>....................] - ETA: 8s - loss: 0.4465
----- stdout -----
139/375 [==========>...................] - ETA: 8s - loss: 0.4456
----- stdout -----
141/375 [==========>...................] - ETA: 8s - loss: 0.4446
----- stdout -----
143/375 [==========>...................] - ETA: 8s - loss: 0.4440
----- stdout -----
145/375 [==========>...................] - ETA: 7s - loss: 0.4433
----- stdout -----
147/375 [==========>...................] - ETA: 7s - loss: 0.4424
----- stdout -----
149/375 [==========>...................] - ETA: 7s - loss: 0.4417
----- stdout -----
151/375 [===========>..................] - ETA: 7s - loss: 0.4405
----- stdout -----
153/375 [===========>..................] - ETA: 7s - loss: 0.4400
----- stdout -----
155/375 [===========>..................] - ETA: 7s - loss: 0.4394
----- stdout -----
157/375 [===========>..................] - ETA: 7s - loss: 0.4389
----- stdout -----
159/375 [===========>..................] - ETA: 7s - loss: 0.4382
----- stdout -----
161/375 [===========>..................] - ETA: 7s - loss: 0.4377
----- stdout -----
163/375 [============>.................] - ETA: 7s - loss: 0.4370
----- stdout -----
165/375 [============>.................] - ETA: 7s - loss: 0.4364
----- stdout -----
167/375 [============>.................] - ETA: 7s - loss: 0.4359
----- stdout -----
169/375 [============>.................] - ETA: 7s - loss: 0.4351
----- stdout -----
171/375 [============>.................] - ETA: 7s - loss: 0.4345
----- stdout -----
173/375 [============>.................] - ETA: 6s - loss: 0.4339
----- stdout -----
175/375 [=============>................] - ETA: 6s - loss: 0.4330
----- stdout -----
177/375 [=============>................] - ETA: 6s - loss: 0.4323
----- stdout -----
179/375 [=============>................] - ETA: 6s - loss: 0.4316
----- stdout -----
181/375 [=============>................] - ETA: 6s - loss: 0.4309
----- stdout -----
183/375 [=============>................] - ETA: 6s - loss: 0.4305
----- stdout -----
185/375 [=============>................] - ETA: 6s - loss: 0.4299
----- stdout -----
187/375 [=============>................] - ETA: 6s - loss: 0.4293
----- stdout -----
189/375 [==============>...............] - ETA: 6s - loss: 0.4289
----- stdout -----
191/375 [==============>...............] - ETA: 6s - loss: 0.4284
----- stdout -----
193/375 [==============>...............] - ETA: 6s - loss: 0.4275
----- stdout -----
195/375 [==============>...............] - ETA: 6s - loss: 0.4270
----- stdout -----
197/375 [==============>...............] - ETA: 6s - loss: 0.4265
----- stdout -----
199/375 [==============>...............] - ETA: 6s - loss: 0.4259
----- stdout -----
201/375 [===============>..............] - ETA: 6s - loss: 0.4254
----- stdout -----
203/375 [===============>..............] - ETA: 5s - loss: 0.4249
----- stdout -----
205/375 [===============>..............] - ETA: 5s - loss: 0.4244
----- stdout -----
207/375 [===============>..............] - ETA: 5s - loss: 0.4239
----- stdout -----
209/375 [===============>..............] - ETA: 5s - loss: 0.4234
----- stdout -----
211/375 [===============>..............] - ETA: 5s - loss: 0.4229
----- stdout -----
213/375 [================>.............] - ETA: 5s - loss: 0.4225
----- stdout -----
215/375 [================>.............] - ETA: 5s - loss: 0.4221
----- stdout -----
217/375 [================>.............] - ETA: 5s - loss: 0.4216
----- stdout -----
219/375 [================>.............] - ETA: 5s - loss: 0.4213
----- stdout -----
221/375 [================>.............] - ETA: 5s - loss: 0.4209
----- stdout -----
223/375 [================>.............] - ETA: 5s - loss: 0.4205
----- stdout -----
225/375 [=================>............] - ETA: 5s - loss: 0.4200
----- stdout -----
227/375 [=================>............] - ETA: 5s - loss: 0.4196
----- stdout -----
229/375 [=================>............] - ETA: 5s - loss: 0.4193
----- stdout -----
231/375 [=================>............] - ETA: 4s - loss: 0.4190
----- stdout -----
233/375 [=================>............] - ETA: 4s - loss: 0.4184
----- stdout -----
235/375 [=================>............] - ETA: 4s - loss: 0.4179
----- stdout -----
237/375 [=================>............] - ETA: 4s - loss: 0.4174
----- stdout -----
239/375 [==================>...........] - ETA: 4s - loss: 0.4170
----- stdout -----
241/375 [==================>...........] - ETA: 4s - loss: 0.4167
----- stdout -----
243/375 [==================>...........] - ETA: 4s - loss: 0.4163
----- stdout -----
245/375 [==================>...........] - ETA: 4s - loss: 0.4158
----- stdout -----
247/375 [==================>...........] - ETA: 4s - loss: 0.4155
----- stdout -----
249/375 [==================>...........] - ETA: 4s - loss: 0.4152
----- stdout -----
251/375 [===================>..........] - ETA: 4s - loss: 0.4146
----- stdout -----
253/375 [===================>..........] - ETA: 4s - loss: 0.4141
----- stdout -----
255/375 [===================>..........] - ETA: 4s - loss: 0.4136
----- stdout -----
257/375 [===================>..........] - ETA: 4s - loss: 0.4133
----- stdout -----
259/375 [===================>..........] - ETA: 4s - loss: 0.4128
----- stdout -----
261/375 [===================>..........] - ETA: 3s - loss: 0.4123
----- stdout -----
263/375 [====================>.........] - ETA: 3s - loss: 0.4118
----- stdout -----
265/375 [====================>.........] - ETA: 3s - loss: 0.4113
----- stdout -----
267/375 [====================>.........] - ETA: 3s - loss: 0.4108
----- stdout -----
269/375 [====================>.........] - ETA: 3s - loss: 0.4103
----- stdout -----
271/375 [====================>.........] - ETA: 3s - loss: 0.4099
----- stdout -----
273/375 [====================>.........] - ETA: 3s - loss: 0.4094
----- stdout -----
275/375 [=====================>........] - ETA: 3s - loss: 0.4089
----- stdout -----
277/375 [=====================>........] - ETA: 3s - loss: 0.4084
----- stdout -----
279/375 [=====================>........] - ETA: 3s - loss: 0.4080
----- stdout -----
281/375 [=====================>........] - ETA: 3s - loss: 0.4076
----- stdout -----
283/375 [=====================>........] - ETA: 3s - loss: 0.4073
----- stdout -----
285/375 [=====================>........] - ETA: 3s - loss: 0.4068
----- stdout -----
287/375 [=====================>........] - ETA: 3s - loss: 0.4063
----- stdout -----
289/375 [======================>.......] - ETA: 2s - loss: 0.4060
----- stdout -----
291/375 [======================>.......] - ETA: 2s - loss: 0.4057
----- stdout -----
293/375 [======================>.......] - ETA: 2s - loss: 0.4052
----- stdout -----
295/375 [======================>.......] - ETA: 2s - loss: 0.4047
----- stdout -----
297/375 [======================>.......] - ETA: 2s - loss: 0.4045
----- stdout -----
299/375 [======================>.......] - ETA: 2s - loss: 0.4041
----- stdout -----
301/375 [=======================>......] - ETA: 2s - loss: 0.4038
----- stdout -----
303/375 [=======================>......] - ETA: 2s - loss: 0.4035
----- stdout -----
305/375 [=======================>......] - ETA: 2s - loss: 0.4032
----- stdout -----
307/375 [=======================>......] - ETA: 2s - loss: 0.4030
----- stdout -----
309/375 [=======================>......] - ETA: 2s - loss: 0.4025
----- stdout -----
311/375 [=======================>......] - ETA: 2s - loss: 0.4021
----- stdout -----
313/375 [========================>.....] - ETA: 2s - loss: 0.4017
----- stdout -----
315/375 [========================>.....] - ETA: 2s - loss: 0.4015
----- stdout -----
317/375 [========================>.....] - ETA: 2s - loss: 0.4011
----- stdout -----
319/375 [========================>.....] - ETA: 1s - loss: 0.4008
----- stdout -----
321/375 [========================>.....] - ETA: 1s - loss: 0.4005
----- stdout -----
323/375 [========================>.....] - ETA: 1s - loss: 0.4002
----- stdout -----
325/375 [=========================>....] - ETA: 1s - loss: 0.3999
----- stdout -----
327/375 [=========================>....] - ETA: 1s - loss: 0.3995
----- stdout -----
329/375 [=========================>....] - ETA: 1s - loss: 0.3992
----- stdout -----
331/375 [=========================>....] - ETA: 1s - loss: 0.3988
----- stdout -----
333/375 [=========================>....] - ETA: 1s - loss: 0.3985
----- stdout -----
335/375 [=========================>....] - ETA: 1s - loss: 0.3982
----- stdout -----
337/375 [=========================>....] - ETA: 1s - loss: 0.3978
----- stdout -----
339/375 [==========================>...] - ETA: 1s - loss: 0.3975
----- stdout -----
341/375 [==========================>...] - ETA: 1s - loss: 0.3972
----- stdout -----
343/375 [==========================>...] - ETA: 1s - loss: 0.3968
----- stdout -----
345/375 [==========================>...] - ETA: 1s - loss: 0.3965
----- stdout -----
347/375 [==========================>...] - ETA: 0s - loss: 0.3963
----- stdout -----
349/375 [==========================>...] - ETA: 0s - loss: 0.3960
----- stdout -----
351/375 [===========================>..] - ETA: 0s - loss: 0.3957
----- stdout -----
353/375 [===========================>..] - ETA: 0s - loss: 0.3954
----- stdout -----
355/375 [===========================>..] - ETA: 0s - loss: 0.3951
----- stdout -----
357/375 [===========================>..] - ETA: 0s - loss: 0.3949
----- stdout -----
359/375 [===========================>..] - ETA: 0s - loss: 0.3946
----- stdout -----
361/375 [===========================>..] - ETA: 0s - loss: 0.3942
----- stdout -----
363/375 [============================>.] - ETA: 0s - loss: 0.3939
----- stdout -----
365/375 [============================>.] - ETA: 0s - loss: 0.3936
----- stdout -----
367/375 [============================>.] - ETA: 0s - loss: 0.3933
----- stdout -----
369/375 [============================>.] - ETA: 0s - loss: 0.3930
----- stdout -----
371/375 [============================>.] - ETA: 0s - loss: 0.3927
----- stdout -----
373/375 [============================>.] - ETA: 0s - loss: 0.3923
----- stdout -----
375/375 [==============================] - ETA: 0s - loss: 0.3920
----- stdout -----
375/375 [==============================] - 49s 35ms/step - loss: 0.3920
----- stderr -----
W0000 00:00:1764934327.410811 2469830 gpu_timer.cc:114] Skipping the delay kernel, measurement accuracy will be reduced
W0000 00:00:1764934327.411428 2469830 gpu_timer.cc:114] Skipping the delay kernel, measurement accuracy will be reduced
W0000 00:00:1764934327.411984 2469830 gpu_timer.cc:114] Skipping the delay kernel, measurement accuracy will be reduced
W0000 00:00:1764934327.412540 2469830 gpu_timer.cc:114] Skipping the delay kernel, measurement accuracy will be reduced
W0000 00:00:1764934327.413094 2469830 gpu_timer.cc:114] Skipping the delay kernel, measurement accuracy will be reduced
W0000 00:00:1764934327.413650 2469830 gpu_timer.cc:114] Skipping the delay kernel, measurement accuracy will be reduced
W0000 00:00:1764934327.414222 2469830 gpu_timer.cc:114] Skipping the delay kernel, measurement accuracy will be reduced
W0000 00:00:1764934327.414791 2469830 gpu_timer.cc:114] Skipping the delay kernel, measurement accuracy will be reduced
W0000 00:00:1764934327.415454 2469830 gpu_timer.cc:114] Skipping the delay kernel, measurement accuracy will be reduced
W0000 00:00:1764934327.416119 2469830 gpu_timer.cc:114] Skipping the delay kernel, measurement accuracy will be reduced
W0000 00:00:1764934327.416687 2469830 gpu_timer.cc:114] Skipping the delay kernel, measurement accuracy will be reduced
W0000 00:00:1764934327.417260 2469830 gpu_timer.cc:114] Skipping the delay kernel, measurement accuracy will be reduced
W0000 00:00:1764934327.417952 2469830 gpu_timer.cc:114] Skipping the delay kernel, measurement accuracy will be reduced
W0000 00:00:1764934327.418631 2469830 gpu_timer.cc:114] Skipping the delay kernel, measurement accuracy will be reduced
W0000 00:00:1764934327.422932 2469830 gpu_timer.cc:114] Skipping the delay kernel, measurement accuracy will be reduced
W0000 00:00:1764934327.423779 2469830 gpu_timer.cc:114] Skipping the delay kernel, measurement accuracy will be reduced
W0000 00:00:1764934327.424540 2469830 gpu_timer.cc:114] Skipping the delay kernel, measurement accuracy will be reduced
W0000 00:00:1764934327.425302 2469830 gpu_timer.cc:114] Skipping the delay kernel, measurement accuracy will be reduced
W0000 00:00:1764934327.426171 2469830 gpu_timer.cc:114] Skipping the delay kernel, measurement accuracy will be reduced
W0000 00:00:1764934327.426791 2469830 gpu_timer.cc:114] Skipping the delay kernel, measurement accuracy will be reduced
W0000 00:00:1764934327.427608 2469830 gpu_timer.cc:114] Skipping the delay kernel, measurement accuracy will be reduced
W0000 00:00:1764934327.428263 2469830 gpu_timer.cc:114] Skipping the delay kernel, measurement accuracy will be reduced
W0000 00:00:1764934327.428932 2469830 gpu_timer.cc:114] Skipping the delay kernel, measurement accuracy will be reduced
W0000 00:00:1764934327.429574 2469830 gpu_timer.cc:114] Skipping the delay kernel, measurement accuracy will be reduced
W0000 00:00:1764934327.430201 2469830 gpu_timer.cc:114] Skipping the delay kernel, measurement accuracy will be reduced
W0000 00:00:1764934327.430919 2469830 gpu_timer.cc:114] Skipping the delay kernel, measurement accuracy will be reduced
W0000 00:00:1764934327.431587 2469830 gpu_timer.cc:114] Skipping the delay kernel, measurement accuracy will be reduced
W0000 00:00:1764934327.432253 2469830 gpu_timer.cc:114] Skipping the delay kernel, measurement accuracy will be reduced
W0000 00:00:1764934327.432925 2469830 gpu_timer.cc:114] Skipping the delay kernel, measurement accuracy will be reduced
W0000 00:00:1764934327.435395 2469830 gpu_timer.cc:114] Skipping the delay kernel, measurement accuracy will be reduced
W0000 00:00:1764934327.440516 2469830 gpu_timer.cc:114] Skipping the delay kernel, measurement accuracy will be reduced
W0000 00:00:1764934327.441141 2469830 gpu_timer.cc:114] Skipping the delay kernel, measurement accuracy will be reduced
W0000 00:00:1764934327.441733 2469830 gpu_timer.cc:114] Skipping the delay kernel, measurement accuracy will be reduced
W0000 00:00:1764934327.442352 2469830 gpu_timer.cc:114] Skipping the delay kernel, measurement accuracy will be reduced
W0000 00:00:1764934327.442966 2469830 gpu_timer.cc:114] Skipping the delay kernel, measurement accuracy will be reduced
W0000 00:00:1764934327.443577 2469830 gpu_timer.cc:114] Skipping the delay kernel, measurement accuracy will be reduced
W0000 00:00:1764934327.444180 2469830 gpu_timer.cc:114] Skipping the delay kernel, measurement accuracy will be reduced
W0000 00:00:1764934327.444781 2469830 gpu_timer.cc:114] Skipping the delay kernel, measurement accuracy will be reduced
W0000 00:00:1764934327.445397 2469830 gpu_timer.cc:114] Skipping the delay kernel, measurement accuracy will be reduced
W0000 00:00:1764934327.446056 2469830 gpu_timer.cc:114] Skipping the delay kernel, measurement accuracy will be reduced
W0000 00:00:1764934327.446680 2469830 gpu_timer.cc:114] Skipping the delay kernel, measurement accuracy will be reduced
W0000 00:00:1764934327.447301 2469830 gpu_timer.cc:114] Skipping the delay kernel, measurement accuracy will be reduced
W0000 00:00:1764934327.447941 2469830 gpu_timer.cc:114] Skipping the delay kernel, measurement accuracy will be reduced
W0000 00:00:1764934327.448604 2469830 gpu_timer.cc:114] Skipping the delay kernel, measurement accuracy will be reduced
W0000 00:00:1764934327.449266 2469830 gpu_timer.cc:114] Skipping the delay kernel, measurement accuracy will be reduced
W0000 00:00:1764934327.450383 2469830 gpu_timer.cc:114] Skipping the delay kernel, measurement accuracy will be reduced
W0000 00:00:1764934327.454705 2469830 gpu_timer.cc:114] Skipping the delay kernel, measurement accuracy will be reduced
W0000 00:00:1764934327.455315 2469830 gpu_timer.cc:114] Skipping the delay kernel, measurement accuracy will be reduced
W0000 00:00:1764934327.455896 2469830 gpu_timer.cc:114] Skipping the delay kernel, measurement accuracy will be reduced
W0000 00:00:1764934327.456505 2469830 gpu_timer.cc:114] Skipping the delay kernel, measurement accuracy will be reduced
W0000 00:00:1764934327.457091 2469830 gpu_timer.cc:114] Skipping the delay kernel, measurement accuracy will be reduced
W0000 00:00:1764934327.457704 2469830 gpu_timer.cc:114] Skipping the delay kernel, measurement accuracy will be reduced
W0000 00:00:1764934327.458299 2469830 gpu_timer.cc:114] Skipping the delay kernel, measurement accuracy will be reduced
W0000 00:00:1764934327.458895 2469830 gpu_timer.cc:114] Skipping the delay kernel, measurement accuracy will be reduced
W0000 00:00:1764934327.459499 2469830 gpu_timer.cc:114] Skipping the delay kernel, measurement accuracy will be reduced
W0000 00:00:1764934327.460155 2469830 gpu_timer.cc:114] Skipping the delay kernel, measurement accuracy will be reduced
W0000 00:00:1764934327.460774 2469830 gpu_timer.cc:114] Skipping the delay kernel, measurement accuracy will be reduced
W0000 00:00:1764934327.461401 2469830 gpu_timer.cc:114] Skipping the delay kernel, measurement accuracy will be reduced
W0000 00:00:1764934327.462040 2469830 gpu_timer.cc:114] Skipping the delay kernel, measurement accuracy will be reduced
W0000 00:00:1764934327.462694 2469830 gpu_timer.cc:114] Skipping the delay kernel, measurement accuracy will be reduced
W0000 00:00:1764934327.463351 2469830 gpu_timer.cc:114] Skipping the delay kernel, measurement accuracy will be reduced
W0000 00:00:1764934327.464090 2469830 gpu_timer.cc:114] Skipping the delay kernel, measurement accuracy will be reduced
W0000 00:00:1764934327.468408 2469830 gpu_timer.cc:114] Skipping the delay kernel, measurement accuracy will be reduced
W0000 00:00:1764934327.469004 2469830 gpu_timer.cc:114] Skipping the delay kernel, measurement accuracy will be reduced
W0000 00:00:1764934327.469578 2469830 gpu_timer.cc:114] Skipping the delay kernel, measurement accuracy will be reduced
W0000 00:00:1764934327.470186 2469830 gpu_timer.cc:114] Skipping the delay kernel, measurement accuracy will be reduced
W0000 00:00:1764934327.470764 2469830 gpu_timer.cc:114] Skipping the delay kernel, measurement accuracy will be reduced
W0000 00:00:1764934327.471372 2469830 gpu_timer.cc:114] Skipping the delay kernel, measurement accuracy will be reduced
W0000 00:00:1764934327.471965 2469830 gpu_timer.cc:114] Skipping the delay kernel, measurement accuracy will be reduced
W0000 00:00:1764934327.472558 2469830 gpu_timer.cc:114] Skipping the delay kernel, measurement accuracy will be reduced
W0000 00:00:1764934327.473154 2469830 gpu_timer.cc:114] Skipping the delay kernel, measurement accuracy will be reduced
W0000 00:00:1764934327.473790 2469830 gpu_timer.cc:114] Skipping the delay kernel, measurement accuracy will be reduced
W0000 00:00:1764934327.474404 2469830 gpu_timer.cc:114] Skipping the delay kernel, measurement accuracy will be reduced
W0000 00:00:1764934327.475031 2469830 gpu_timer.cc:114] Skipping the delay kernel, measurement accuracy will be reduced
W0000 00:00:1764934327.475670 2469830 gpu_timer.cc:114] Skipping the delay kernel, measurement accuracy will be reduced
W0000 00:00:1764934327.476306 2469830 gpu_timer.cc:114] Skipping the delay kernel, measurement accuracy will be reduced
W0000 00:00:1764934327.476959 2469830 gpu_timer.cc:114] Skipping the delay kernel, measurement accuracy will be reduced
W0000 00:00:1764934327.477664 2469830 gpu_timer.cc:114] Skipping the delay kernel, measurement accuracy will be reduced
W0000 00:00:1764934327.481202 2469830 gpu_timer.cc:114] Skipping the delay kernel, measurement accuracy will be reduced
W0000 00:00:1764934327.481778 2469830 gpu_timer.cc:114] Skipping the delay kernel, measurement accuracy will be reduced
W0000 00:00:1764934327.482331 2469830 gpu_timer.cc:114] Skipping the delay kernel, measurement accuracy will be reduced
W0000 00:00:1764934327.482889 2469830 gpu_timer.cc:114] Skipping the delay kernel, measurement accuracy will be reduced
W0000 00:00:1764934327.483443 2469830 gpu_timer.cc:114] Skipping the delay kernel, measurement accuracy will be reduced
W0000 00:00:1764934327.483999 2469830 gpu_timer.cc:114] Skipping the delay kernel, measurement accuracy will be reduced
W0000 00:00:1764934327.484556 2469830 gpu_timer.cc:114] Skipping the delay kernel, measurement accuracy will be reduced
W0000 00:00:1764934327.485118 2469830 gpu_timer.cc:114] Skipping the delay kernel, measurement accuracy will be reduced
W0000 00:00:1764934327.485692 2469830 gpu_timer.cc:114] Skipping the delay kernel, measurement accuracy will be reduced
W0000 00:00:1764934327.486252 2469830 gpu_timer.cc:114] Skipping the delay kernel, measurement accuracy will be reduced
W0000 00:00:1764934327.486812 2469830 gpu_timer.cc:114] Skipping the delay kernel, measurement accuracy will be reduced
W0000 00:00:1764934327.487374 2469830 gpu_timer.cc:114] Skipping the delay kernel, measurement accuracy will be reduced
W0000 00:00:1764934327.487934 2469830 gpu_timer.cc:114] Skipping the delay kernel, measurement accuracy will be reduced
W0000 00:00:1764934327.488511 2469830 gpu_timer.cc:114] Skipping the delay kernel, measurement accuracy will be reduced
W0000 00:00:1764934327.489079 2469830 gpu_timer.cc:114] Skipping the delay kernel, measurement accuracy will be reduced
W0000 00:00:1764934327.489653 2469830 gpu_timer.cc:114] Skipping the delay kernel, measurement accuracy will be reduced
W0000 00:00:1764934327.490225 2469830 gpu_timer.cc:114] Skipping the delay kernel, measurement accuracy will be reduced
W0000 00:00:1764934327.491063 2469830 gpu_timer.cc:114] Skipping the delay kernel, measurement accuracy will be reduced
W0000 00:00:1764934327.493847 2469830 gpu_timer.cc:114] Skipping the delay kernel, measurement accuracy will be reduced
W0000 00:00:1764934327.494462 2469830 gpu_timer.cc:114] Skipping the delay kernel, measurement accuracy will be reduced
W0000 00:00:1764934327.495050 2469830 gpu_timer.cc:114] Skipping the delay kernel, measurement accuracy will be reduced
W0000 00:00:1764934327.495625 2469830 gpu_timer.cc:114] Skipping the delay kernel, measurement accuracy will be reduced
W0000 00:00:1764934327.496208 2469830 gpu_timer.cc:114] Skipping the delay kernel, measurement accuracy will be reduced
W0000 00:00:1764934327.496790 2469830 gpu_timer.cc:114] Skipping the delay kernel, measurement accuracy will be reduced
W0000 00:00:1764934327.497412 2469830 gpu_timer.cc:114] Skipping the delay kernel, measurement accuracy will be reduced
W0000 00:00:1764934327.497996 2469830 gpu_timer.cc:114] Skipping the delay kernel, measurement accuracy will be reduced
W0000 00:00:1764934327.498578 2469830 gpu_timer.cc:114] Skipping the delay kernel, measurement accuracy will be reduced
W0000 00:00:1764934327.499178 2469830 gpu_timer.cc:114] Skipping the delay kernel, measurement accuracy will be reduced
W0000 00:00:1764934327.499774 2469830 gpu_timer.cc:114] Skipping the delay kernel, measurement accuracy will be reduced
W0000 00:00:1764934327.500394 2469830 gpu_timer.cc:114] Skipping the delay kernel, measurement accuracy will be reduced
W0000 00:00:1764934327.500983 2469830 gpu_timer.cc:114] Skipping the delay kernel, measurement accuracy will be reduced
W0000 00:00:1764934327.501591 2469830 gpu_timer.cc:114] Skipping the delay kernel, measurement accuracy will be reduced
W0000 00:00:1764934327.502198 2469830 gpu_timer.cc:114] Skipping the delay kernel, measurement accuracy will be reduced
W0000 00:00:1764934327.502809 2469830 gpu_timer.cc:114] Skipping the delay kernel, measurement accuracy will be reduced
W0000 00:00:1764934327.503392 2469830 gpu_timer.cc:114] Skipping the delay kernel, measurement accuracy will be reduced
W0000 00:00:1764934327.504737 2469830 gpu_timer.cc:114] Skipping the delay kernel, measurement accuracy will be reduced
W0000 00:00:1764934327.509087 2469830 gpu_timer.cc:114] Skipping the delay kernel, measurement accuracy will be reduced
W0000 00:00:1764934327.509896 2469830 gpu_timer.cc:114] Skipping the delay kernel, measurement accuracy will be reduced
W0000 00:00:1764934327.510700 2469830 gpu_timer.cc:114] Skipping the delay kernel, measurement accuracy will be reduced
W0000 00:00:1764934327.511474 2469830 gpu_timer.cc:114] Skipping the delay kernel, measurement accuracy will be reduced
W0000 00:00:1764934327.512239 2469830 gpu_timer.cc:114] Skipping the delay kernel, measurement accuracy will be reduced
W0000 00:00:1764934327.513011 2469830 gpu_timer.cc:114] Skipping the delay kernel, measurement accuracy will be reduced
W0000 00:00:1764934327.513771 2469830 gpu_timer.cc:114] Skipping the delay kernel, measurement accuracy will be reduced
W0000 00:00:1764934327.514687 2469830 gpu_timer.cc:114] Skipping the delay kernel, measurement accuracy will be reduced
W0000 00:00:1764934327.515595 2469830 gpu_timer.cc:114] Skipping the delay kernel, measurement accuracy will be reduced
W0000 00:00:1764934327.516383 2469830 gpu_timer.cc:114] Skipping the delay kernel, measurement accuracy will be reduced
W0000 00:00:1764934327.517181 2469830 gpu_timer.cc:114] Skipping the delay kernel, measurement accuracy will be reduced
W0000 00:00:1764934327.517976 2469830 gpu_timer.cc:114] Skipping the delay kernel, measurement accuracy will be reduced
W0000 00:00:1764934327.518823 2469830 gpu_timer.cc:114] Skipping the delay kernel, measurement accuracy will be reduced
W0000 00:00:1764934327.519567 2469830 gpu_timer.cc:114] Skipping the delay kernel, measurement accuracy will be reduced
W0000 00:00:1764934327.520313 2469830 gpu_timer.cc:114] Skipping the delay kernel, measurement accuracy will be reduced
W0000 00:00:1764934327.521017 2469830 gpu_timer.cc:114] Skipping the delay kernel, measurement accuracy will be reduced
W0000 00:00:1764934327.521737 2469830 gpu_timer.cc:114] Skipping the delay kernel, measurement accuracy will be reduced
W0000 00:00:1764934327.529505 2469830 gpu_timer.cc:114] Skipping the delay kernel, measurement accuracy will be reduced
W0000 00:00:1764934327.533742 2469830 gpu_timer.cc:114] Skipping the delay kernel, measurement accuracy will be reduced
W0000 00:00:1764934327.534857 2469830 gpu_timer.cc:114] Skipping the delay kernel, measurement accuracy will be reduced
W0000 00:00:1764934327.535967 2469830 gpu_timer.cc:114] Skipping the delay kernel, measurement accuracy will be reduced
W0000 00:00:1764934327.537114 2469830 gpu_timer.cc:114] Skipping the delay kernel, measurement accuracy will be reduced
W0000 00:00:1764934327.538325 2469830 gpu_timer.cc:114] Skipping the delay kernel, measurement accuracy will be reduced
W0000 00:00:1764934327.539385 2469830 gpu_timer.cc:114] Skipping the delay kernel, measurement accuracy will be reduced
W0000 00:00:1764934327.540445 2469830 gpu_timer.cc:114] Skipping the delay kernel, measurement accuracy will be reduced
W0000 00:00:1764934327.541632 2469830 gpu_timer.cc:114] Skipping the delay kernel, measurement accuracy will be reduced
W0000 00:00:1764934327.542817 2469830 gpu_timer.cc:114] Skipping the delay kernel, measurement accuracy will be reduced
W0000 00:00:1764934327.544038 2469830 gpu_timer.cc:114] Skipping the delay kernel, measurement accuracy will be reduced
W0000 00:00:1764934327.545436 2469830 gpu_timer.cc:114] Skipping the delay kernel, measurement accuracy will be reduced
W0000 00:00:1764934327.547012 2469830 gpu_timer.cc:114] Skipping the delay kernel, measurement accuracy will be reduced
W0000 00:00:1764934327.548649 2469830 gpu_timer.cc:114] Skipping the delay kernel, measurement accuracy will be reduced
W0000 00:00:1764934327.550136 2469830 gpu_timer.cc:114] Skipping the delay kernel, measurement accuracy will be reduced
W0000 00:00:1764934327.551552 2469830 gpu_timer.cc:114] Skipping the delay kernel, measurement accuracy will be reduced
W0000 00:00:1764934327.552970 2469830 gpu_timer.cc:114] Skipping the delay kernel, measurement accuracy will be reduced
W0000 00:00:1764934327.554404 2469830 gpu_timer.cc:114] Skipping the delay kernel, measurement accuracy will be reduced
W0000 00:00:1764934327.558818 2469830 gpu_timer.cc:114] Skipping the delay kernel, measurement accuracy will be reduced
W0000 00:00:1764934327.592781 2469830 gpu_timer.cc:114] Skipping the delay kernel, measurement accuracy will be reduced
W0000 00:00:1764934327.593677 2469830 gpu_timer.cc:114] Skipping the delay kernel, measurement accuracy will be reduced
W0000 00:00:1764934327.594853 2469830 gpu_timer.cc:114] Skipping the delay kernel, measurement accuracy will be reduced
W0000 00:00:1764934327.596014 2469830 gpu_timer.cc:114] Skipping the delay kernel, measurement accuracy will be reduced
W0000 00:00:1764934327.597030 2469830 gpu_timer.cc:114] Skipping the delay kernel, measurement accuracy will be reduced
W0000 00:00:1764934327.598201 2469830 gpu_timer.cc:114] Skipping the delay kernel, measurement accuracy will be reduced
W0000 00:00:1764934327.599243 2469830 gpu_timer.cc:114] Skipping the delay kernel, measurement accuracy will be reduced
W0000 00:00:1764934327.600410 2469830 gpu_timer.cc:114] Skipping the delay kernel, measurement accuracy will be reduced
W0000 00:00:1764934327.601457 2469830 gpu_timer.cc:114] Skipping the delay kernel, measurement accuracy will be reduced
W0000 00:00:1764934327.602430 2469830 gpu_timer.cc:114] Skipping the delay kernel, measurement accuracy will be reduced
W0000 00:00:1764934327.603620 2469830 gpu_timer.cc:114] Skipping the delay kernel, measurement accuracy will be reduced
W0000 00:00:1764934327.604848 2469830 gpu_timer.cc:114] Skipping the delay kernel, measurement accuracy will be reduced
W0000 00:00:1764934327.606023 2469830 gpu_timer.cc:114] Skipping the delay kernel, measurement accuracy will be reduced
W0000 00:00:1764934327.607488 2469830 gpu_timer.cc:114] Skipping the delay kernel, measurement accuracy will be reduced
W0000 00:00:1764934327.608985 2469830 gpu_timer.cc:114] Skipping the delay kernel, measurement accuracy will be reduced
W0000 00:00:1764934327.610310 2469830 gpu_timer.cc:114] Skipping the delay kernel, measurement accuracy will be reduced
----- stdout -----
1/1 [==============================] - ETA: 0s
----- stdout -----
1/1 [==============================] - 0s 307ms/step
----- stderr -----
W0000 00:00:1764934327.611402 2469830 gpu_timer.cc:114] Skipping the delay kernel, measurement accuracy will be reduced
W0000 00:00:1764934327.612767 2469830 gpu_timer.cc:114] Skipping the delay kernel, measurement accuracy will be reduced
W0000 00:00:1764934327.613863 2469830 gpu_timer.cc:114] Skipping the delay kernel, measurement accuracy will be reduced
W0000 00:00:1764934327.615366 2469830 gpu_timer.cc:114] Skipping the delay kernel, measurement accuracy will be reduced
W0000 00:00:1764934327.616861 2469830 gpu_timer.cc:114] Skipping the delay kernel, measurement accuracy will be reduced
W0000 00:00:1764934327.618409 2469830 gpu_timer.cc:114] Skipping the delay kernel, measurement accuracy will be reduced
W0000 00:00:1764934327.619645 2469830 gpu_timer.cc:114] Skipping the delay kernel, measurement accuracy will be reduced
W0000 00:00:1764934327.620748 2469830 gpu_timer.cc:114] Skipping the delay kernel, measurement accuracy will be reduced
W0000 00:00:1764934327.622883 2469830 gpu_timer.cc:114] Skipping the delay kernel, measurement accuracy will be reduced
W0000 00:00:1764934327.624450 2469830 gpu_timer.cc:114] Skipping the delay kernel, measurement accuracy will be reduced
W0000 00:00:1764934327.626113 2469830 gpu_timer.cc:114] Skipping the delay kernel, measurement accuracy will be reduced
W0000 00:00:1764934327.627090 2469830 gpu_timer.cc:114] Skipping the delay kernel, measurement accuracy will be reduced
W0000 00:00:1764934327.629039 2469830 gpu_timer.cc:114] Skipping the delay kernel, measurement accuracy will be reduced
W0000 00:00:1764934327.631810 2469830 gpu_timer.cc:114] Skipping the delay kernel, measurement accuracy will be reduced
W0000 00:00:1764934327.633155 2469830 gpu_timer.cc:114] Skipping the delay kernel, measurement accuracy will be reduced
W0000 00:00:1764934327.634361 2469830 gpu_timer.cc:114] Skipping the delay kernel, measurement accuracy will be reduced
W0000 00:00:1764934327.635712 2469830 gpu_timer.cc:114] Skipping the delay kernel, measurement accuracy will be reduced
----- stdout -----

Epoch:  1
----- stdout -----
  1/375 [..............................] - ETA: 14s - loss: 0.3250
----- stdout -----
  3/375 [..............................] - ETA: 12s - loss: 0.3405
----- stdout -----
  5/375 [..............................] - ETA: 12s - loss: 0.3379
----- stdout -----
  7/375 [..............................] - ETA: 12s - loss: 0.3394
----- stdout -----
  9/375 [..............................] - ETA: 12s - loss: 0.3380
----- stdout -----
 11/375 [..............................] - ETA: 12s - loss: 0.3396
----- stdout -----
 13/375 [>.............................] - ETA: 12s - loss: 0.3394
----- stdout -----
 15/375 [>.............................] - ETA: 12s - loss: 0.3383
----- stdout -----
 17/375 [>.............................] - ETA: 12s - loss: 0.3396
----- stdout -----
 19/375 [>.............................] - ETA: 12s - loss: 0.3384
----- stdout -----
 21/375 [>.............................] - ETA: 12s - loss: 0.3386
----- stdout -----
 23/375 [>.............................] - ETA: 12s - loss: 0.3384
----- stdout -----
 25/375 [=>............................] - ETA: 12s - loss: 0.3386
----- stdout -----
 27/375 [=>............................] - ETA: 12s - loss: 0.3371
----- stdout -----
 29/375 [=>............................] - ETA: 12s - loss: 0.3362
----- stdout -----
 31/375 [=>............................] - ETA: 11s - loss: 0.3360
----- stdout -----
 33/375 [=>............................] - ETA: 11s - loss: 0.3361
----- stdout -----
 35/375 [=>............................] - ETA: 11s - loss: 0.3362
----- stdout -----
 37/375 [=>............................] - ETA: 11s - loss: 0.3358
----- stdout -----
 39/375 [==>...........................] - ETA: 11s - loss: 0.3351
----- stdout -----
 41/375 [==>...........................] - ETA: 11s - loss: 0.3355
----- stdout -----
 43/375 [==>...........................] - ETA: 11s - loss: 0.3351
----- stdout -----
 45/375 [==>...........................] - ETA: 11s - loss: 0.3349
----- stdout -----
 47/375 [==>...........................] - ETA: 11s - loss: 0.3352
----- stdout -----
 49/375 [==>...........................] - ETA: 11s - loss: 0.3350
----- stdout -----
 51/375 [===>..........................] - ETA: 11s - loss: 0.3347
----- stdout -----
 53/375 [===>..........................] - ETA: 11s - loss: 0.3346
----- stdout -----
 55/375 [===>..........................] - ETA: 11s - loss: 0.3341
----- stdout -----
 57/375 [===>..........................] - ETA: 11s - loss: 0.3344
----- stdout -----
 59/375 [===>..........................] - ETA: 10s - loss: 0.3349
----- stdout -----
 61/375 [===>..........................] - ETA: 10s - loss: 0.3350
----- stdout -----
 63/375 [====>.........................] - ETA: 10s - loss: 0.3352
----- stdout -----
 65/375 [====>.........................] - ETA: 10s - loss: 0.3348
----- stdout -----
 67/375 [====>.........................] - ETA: 10s - loss: 0.3351
----- stdout -----
 69/375 [====>.........................] - ETA: 10s - loss: 0.3353
----- stdout -----
 71/375 [====>.........................] - ETA: 10s - loss: 0.3360
----- stdout -----
 73/375 [====>.........................] - ETA: 10s - loss: 0.3361
----- stdout -----
 75/375 [=====>........................] - ETA: 10s - loss: 0.3355
----- stdout -----
 77/375 [=====>........................] - ETA: 10s - loss: 0.3356
----- stdout -----
 79/375 [=====>........................] - ETA: 10s - loss: 0.3354
----- stdout -----
 81/375 [=====>........................] - ETA: 10s - loss: 0.3354
----- stdout -----
 83/375 [=====>........................] - ETA: 10s - loss: 0.3351
----- stdout -----
 85/375 [=====>........................] - ETA: 10s - loss: 0.3351
----- stdout -----
 87/375 [=====>........................] - ETA: 10s - loss: 0.3351
----- stdout -----
 89/375 [======>.......................] - ETA: 9s - loss: 0.3353
----- stdout -----
 91/375 [======>.......................] - ETA: 9s - loss: 0.3353
----- stdout -----
 93/375 [======>.......................] - ETA: 9s - loss: 0.3354
----- stdout -----
 95/375 [======>.......................] - ETA: 9s - loss: 0.3352
----- stdout -----
 97/375 [======>.......................] - ETA: 9s - loss: 0.3349
----- stdout -----
 99/375 [======>.......................] - ETA: 9s - loss: 0.3350
----- stdout -----
101/375 [=======>......................] - ETA: 9s - loss: 0.3348
----- stdout -----
103/375 [=======>......................] - ETA: 9s - loss: 0.3346
----- stdout -----
105/375 [=======>......................] - ETA: 9s - loss: 0.3346
----- stdout -----
107/375 [=======>......................] - ETA: 9s - loss: 0.3344
----- stdout -----
109/375 [=======>......................] - ETA: 9s - loss: 0.3343
----- stdout -----
111/375 [=======>......................] - ETA: 9s - loss: 0.3341
----- stdout -----
113/375 [========>.....................] - ETA: 9s - loss: 0.3339
----- stdout -----
115/375 [========>.....................] - ETA: 9s - loss: 0.3336
----- stdout -----
117/375 [========>.....................] - ETA: 8s - loss: 0.3335
----- stdout -----
119/375 [========>.....................] - ETA: 8s - loss: 0.3333
----- stdout -----
121/375 [========>.....................] - ETA: 8s - loss: 0.3334
----- stdout -----
123/375 [========>.....................] - ETA: 8s - loss: 0.3333
----- stdout -----
125/375 [=========>....................] - ETA: 8s - loss: 0.3329
----- stdout -----
127/375 [=========>....................] - ETA: 8s - loss: 0.3325
----- stdout -----
129/375 [=========>....................] - ETA: 8s - loss: 0.3323
----- stdout -----
131/375 [=========>....................] - ETA: 8s - loss: 0.3323
----- stdout -----
133/375 [=========>....................] - ETA: 8s - loss: 0.3323
----- stdout -----
135/375 [=========>....................] - ETA: 8s - loss: 0.3323
----- stdout -----
137/375 [=========>....................] - ETA: 8s - loss: 0.3323
----- stdout -----
139/375 [==========>...................] - ETA: 8s - loss: 0.3324
----- stdout -----
141/375 [==========>...................] - ETA: 8s - loss: 0.3324
----- stdout -----
143/375 [==========>...................] - ETA: 8s - loss: 0.3328
----- stdout -----
145/375 [==========>...................] - ETA: 7s - loss: 0.3329
----- stdout -----
147/375 [==========>...................] - ETA: 7s - loss: 0.3329
----- stdout -----
149/375 [==========>...................] - ETA: 7s - loss: 0.3327
----- stdout -----
151/375 [===========>..................] - ETA: 7s - loss: 0.3324
----- stdout -----
153/375 [===========>..................] - ETA: 7s - loss: 0.3325
----- stdout -----
155/375 [===========>..................] - ETA: 7s - loss: 0.3327
----- stdout -----
157/375 [===========>..................] - ETA: 7s - loss: 0.3328
----- stdout -----
159/375 [===========>..................] - ETA: 7s - loss: 0.3326
----- stdout -----
161/375 [===========>..................] - ETA: 7s - loss: 0.3327
----- stdout -----
163/375 [============>.................] - ETA: 7s - loss: 0.3325
----- stdout -----
165/375 [============>.................] - ETA: 7s - loss: 0.3323
----- stdout -----
167/375 [============>.................] - ETA: 7s - loss: 0.3324
----- stdout -----
169/375 [============>.................] - ETA: 7s - loss: 0.3324
----- stdout -----
171/375 [============>.................] - ETA: 7s - loss: 0.3323
----- stdout -----
173/375 [============>.................] - ETA: 7s - loss: 0.3323
----- stdout -----
175/375 [=============>................] - ETA: 6s - loss: 0.3322
----- stdout -----
177/375 [=============>................] - ETA: 6s - loss: 0.3320
----- stdout -----
179/375 [=============>................] - ETA: 6s - loss: 0.3317
----- stdout -----
181/375 [=============>................] - ETA: 6s - loss: 0.3316
----- stdout -----
183/375 [=============>................] - ETA: 6s - loss: 0.3317
----- stdout -----
185/375 [=============>................] - ETA: 6s - loss: 0.3318
----- stdout -----
187/375 [=============>................] - ETA: 6s - loss: 0.3318
----- stdout -----
189/375 [==============>...............] - ETA: 6s - loss: 0.3318
----- stdout -----
191/375 [==============>...............] - ETA: 6s - loss: 0.3317
----- stdout -----
193/375 [==============>...............] - ETA: 6s - loss: 0.3316
----- stdout -----
195/375 [==============>...............] - ETA: 6s - loss: 0.3316
----- stdout -----
197/375 [==============>...............] - ETA: 6s - loss: 0.3316
----- stdout -----
199/375 [==============>...............] - ETA: 6s - loss: 0.3315
----- stdout -----
201/375 [===============>..............] - ETA: 6s - loss: 0.3315
----- stdout -----
203/375 [===============>..............] - ETA: 5s - loss: 0.3314
----- stdout -----
205/375 [===============>..............] - ETA: 5s - loss: 0.3313
----- stdout -----
207/375 [===============>..............] - ETA: 5s - loss: 0.3313
----- stdout -----
209/375 [===============>..............] - ETA: 5s - loss: 0.3313
----- stdout -----
211/375 [===============>..............] - ETA: 5s - loss: 0.3313
----- stdout -----
213/375 [================>.............] - ETA: 5s - loss: 0.3312
----- stdout -----
215/375 [================>.............] - ETA: 5s - loss: 0.3312
----- stdout -----
217/375 [================>.............] - ETA: 5s - loss: 0.3310
----- stdout -----
219/375 [================>.............] - ETA: 5s - loss: 0.3309
----- stdout -----
221/375 [================>.............] - ETA: 5s - loss: 0.3309
----- stdout -----
223/375 [================>.............] - ETA: 5s - loss: 0.3308
----- stdout -----
225/375 [=================>............] - ETA: 5s - loss: 0.3309
----- stdout -----
227/375 [=================>............] - ETA: 5s - loss: 0.3308
----- stdout -----
229/375 [=================>............] - ETA: 5s - loss: 0.3308
----- stdout -----
231/375 [=================>............] - ETA: 5s - loss: 0.3309
----- stdout -----
233/375 [=================>............] - ETA: 4s - loss: 0.3308
----- stdout -----
235/375 [=================>............] - ETA: 4s - loss: 0.3307
----- stdout -----
237/375 [=================>............] - ETA: 4s - loss: 0.3307
----- stdout -----
239/375 [==================>...........] - ETA: 4s - loss: 0.3308
----- stdout -----
241/375 [==================>...........] - ETA: 4s - loss: 0.3307
----- stdout -----
243/375 [==================>...........] - ETA: 4s - loss: 0.3305
----- stdout -----
245/375 [==================>...........] - ETA: 4s - loss: 0.3305
----- stdout -----
247/375 [==================>...........] - ETA: 4s - loss: 0.3304
----- stdout -----
249/375 [==================>...........] - ETA: 4s - loss: 0.3304
----- stdout -----
251/375 [===================>..........] - ETA: 4s - loss: 0.3303
----- stdout -----
253/375 [===================>..........] - ETA: 4s - loss: 0.3301
----- stdout -----
255/375 [===================>..........] - ETA: 4s - loss: 0.3299
----- stdout -----
257/375 [===================>..........] - ETA: 4s - loss: 0.3299
----- stdout -----
259/375 [===================>..........] - ETA: 4s - loss: 0.3300
----- stdout -----
261/375 [===================>..........] - ETA: 3s - loss: 0.3299
----- stdout -----
263/375 [====================>.........] - ETA: 3s - loss: 0.3297
----- stdout -----
265/375 [====================>.........] - ETA: 3s - loss: 0.3297
----- stdout -----
267/375 [====================>.........] - ETA: 3s - loss: 0.3297
----- stdout -----
269/375 [====================>.........] - ETA: 3s - loss: 0.3297
----- stdout -----
271/375 [====================>.........] - ETA: 3s - loss: 0.3298
----- stdout -----
273/375 [====================>.........] - ETA: 3s - loss: 0.3296
----- stdout -----
275/375 [=====================>........] - ETA: 3s - loss: 0.3296
----- stdout -----
277/375 [=====================>........] - ETA: 3s - loss: 0.3294
----- stdout -----
279/375 [=====================>........] - ETA: 3s - loss: 0.3293
----- stdout -----
281/375 [=====================>........] - ETA: 3s - loss: 0.3293
----- stdout -----
283/375 [=====================>........] - ETA: 3s - loss: 0.3292
----- stdout -----
285/375 [=====================>........] - ETA: 3s - loss: 0.3292
----- stdout -----
287/375 [=====================>........] - ETA: 3s - loss: 0.3292
----- stdout -----
289/375 [======================>.......] - ETA: 2s - loss: 0.3293
----- stdout -----
291/375 [======================>.......] - ETA: 2s - loss: 0.3291
----- stdout -----
293/375 [======================>.......] - ETA: 2s - loss: 0.3291
----- stdout -----
295/375 [======================>.......] - ETA: 2s - loss: 0.3290
----- stdout -----
297/375 [======================>.......] - ETA: 2s - loss: 0.3288
----- stdout -----
299/375 [======================>.......] - ETA: 2s - loss: 0.3288
----- stdout -----
301/375 [=======================>......] - ETA: 2s - loss: 0.3288
----- stdout -----
303/375 [=======================>......] - ETA: 2s - loss: 0.3288
----- stdout -----
305/375 [=======================>......] - ETA: 2s - loss: 0.3287
----- stdout -----
307/375 [=======================>......] - ETA: 2s - loss: 0.3286
----- stdout -----
309/375 [=======================>......] - ETA: 2s - loss: 0.3286
----- stdout -----
311/375 [=======================>......] - ETA: 2s - loss: 0.3286
----- stdout -----
313/375 [========================>.....] - ETA: 2s - loss: 0.3285
----- stdout -----
315/375 [========================>.....] - ETA: 2s - loss: 0.3285
----- stdout -----
317/375 [========================>.....] - ETA: 2s - loss: 0.3284
----- stdout -----
319/375 [========================>.....] - ETA: 1s - loss: 0.3284
----- stdout -----
321/375 [========================>.....] - ETA: 1s - loss: 0.3284
----- stdout -----
323/375 [========================>.....] - ETA: 1s - loss: 0.3282
----- stdout -----
325/375 [=========================>....] - ETA: 1s - loss: 0.3281
----- stdout -----
327/375 [=========================>....] - ETA: 1s - loss: 0.3281
----- stdout -----
329/375 [=========================>....] - ETA: 1s - loss: 0.3280
----- stdout -----
331/375 [=========================>....] - ETA: 1s - loss: 0.3279
----- stdout -----
333/375 [=========================>....] - ETA: 1s - loss: 0.3278
----- stdout -----
335/375 [=========================>....] - ETA: 1s - loss: 0.3279
----- stdout -----
337/375 [=========================>....] - ETA: 1s - loss: 0.3276
----- stdout -----
339/375 [==========================>...] - ETA: 1s - loss: 0.3276
----- stdout -----
341/375 [==========================>...] - ETA: 1s - loss: 0.3275
----- stdout -----
343/375 [==========================>...] - ETA: 1s - loss: 0.3275
----- stdout -----
345/375 [==========================>...] - ETA: 1s - loss: 0.3274
----- stdout -----
347/375 [==========================>...] - ETA: 0s - loss: 0.3273
----- stdout -----
349/375 [==========================>...] - ETA: 0s - loss: 0.3273
----- stdout -----
351/375 [===========================>..] - ETA: 0s - loss: 0.3272
----- stdout -----
353/375 [===========================>..] - ETA: 0s - loss: 0.3272
----- stdout -----
355/375 [===========================>..] - ETA: 0s - loss: 0.3272
----- stdout -----
357/375 [===========================>..] - ETA: 0s - loss: 0.3273
----- stdout -----
359/375 [===========================>..] - ETA: 0s - loss: 0.3272
----- stdout -----
361/375 [===========================>..] - ETA: 0s - loss: 0.3272
----- stdout -----
363/375 [============================>.] - ETA: 0s - loss: 0.3271
----- stdout -----
365/375 [============================>.] - ETA: 0s - loss: 0.3270
----- stdout -----
367/375 [============================>.] - ETA: 0s - loss: 0.3268
----- stdout -----
369/375 [============================>.] - ETA: 0s - loss: 0.3268
----- stdout -----
371/375 [============================>.] - ETA: 0s - loss: 0.3267
----- stdout -----
373/375 [============================>.] - ETA: 0s - loss: 0.3266
----- stdout -----
375/375 [==============================] - ETA: 0s - loss: 0.3266
----- stdout -----
375/375 [==============================] - 13s 35ms/step - loss: 0.3266
----- stdout -----
1/1 [==============================] - ETA: 0s
----- stdout -----
1/1 [==============================] - 0s 12ms/step
----- stdout -----

Epoch:  2
----- stdout -----
  1/375 [..............................] - ETA: 14s - loss: 0.3253
----- stdout -----
  3/375 [..............................] - ETA: 12s - loss: 0.3231
----- stdout -----
  5/375 [..............................] - ETA: 12s - loss: 0.3217
----- stdout -----
  7/375 [..............................] - ETA: 12s - loss: 0.3233
----- stdout -----
  9/375 [..............................] - ETA: 12s - loss: 0.3239
----- stdout -----
 11/375 [..............................] - ETA: 12s - loss: 0.3222
----- stdout -----
 13/375 [>.............................] - ETA: 12s - loss: 0.3229
----- stdout -----
 15/375 [>.............................] - ETA: 12s - loss: 0.3216
----- stdout -----
 17/375 [>.............................] - ETA: 12s - loss: 0.3231
----- stdout -----
 19/375 [>.............................] - ETA: 12s - loss: 0.3227
----- stdout -----
 21/375 [>.............................] - ETA: 12s - loss: 0.3207
----- stdout -----
 23/375 [>.............................] - ETA: 12s - loss: 0.3194
----- stdout -----
 25/375 [=>............................] - ETA: 12s - loss: 0.3211
----- stdout -----
 27/375 [=>............................] - ETA: 12s - loss: 0.3217
----- stdout -----
 29/375 [=>............................] - ETA: 12s - loss: 0.3208
----- stdout -----
 31/375 [=>............................] - ETA: 12s - loss: 0.3195
----- stdout -----
 33/375 [=>............................] - ETA: 11s - loss: 0.3192
----- stdout -----
 35/375 [=>............................] - ETA: 11s - loss: 0.3196
----- stdout -----
 37/375 [=>............................] - ETA: 11s - loss: 0.3198
----- stdout -----
 39/375 [==>...........................] - ETA: 11s - loss: 0.3204
----- stdout -----
 41/375 [==>...........................] - ETA: 11s - loss: 0.3202
----- stdout -----
 43/375 [==>...........................] - ETA: 11s - loss: 0.3207
----- stdout -----
 45/375 [==>...........................] - ETA: 11s - loss: 0.3209
----- stdout -----
 47/375 [==>...........................] - ETA: 11s - loss: 0.3218
----- stdout -----
 49/375 [==>...........................] - ETA: 11s - loss: 0.3216
----- stdout -----
 51/375 [===>..........................] - ETA: 11s - loss: 0.3210
----- stdout -----
 53/375 [===>..........................] - ETA: 11s - loss: 0.3212
----- stdout -----
 55/375 [===>..........................] - ETA: 11s - loss: 0.3213
----- stdout -----
 57/375 [===>..........................] - ETA: 11s - loss: 0.3210
----- stdout -----
 59/375 [===>..........................] - ETA: 11s - loss: 0.3204
----- stdout -----
 61/375 [===>..........................] - ETA: 10s - loss: 0.3207
----- stdout -----
 63/375 [====>.........................] - ETA: 10s - loss: 0.3210
----- stdout -----
 65/375 [====>.........................] - ETA: 10s - loss: 0.3208
----- stdout -----
 67/375 [====>.........................] - ETA: 10s - loss: 0.3207
----- stdout -----
 69/375 [====>.........................] - ETA: 10s - loss: 0.3204
----- stdout -----
 71/375 [====>.........................] - ETA: 10s - loss: 0.3202
----- stdout -----
 73/375 [====>.........................] - ETA: 10s - loss: 0.3201
----- stdout -----
 75/375 [=====>........................] - ETA: 10s - loss: 0.3202
----- stdout -----
 77/375 [=====>........................] - ETA: 10s - loss: 0.3201
----- stdout -----
 79/375 [=====>........................] - ETA: 10s - loss: 0.3200
----- stdout -----
 81/375 [=====>........................] - ETA: 10s - loss: 0.3201
----- stdout -----
 83/375 [=====>........................] - ETA: 10s - loss: 0.3198
----- stdout -----
 85/375 [=====>........................] - ETA: 10s - loss: 0.3192
----- stdout -----
 87/375 [=====>........................] - ETA: 10s - loss: 0.3190
----- stdout -----
 89/375 [======>.......................] - ETA: 9s - loss: 0.3193
----- stdout -----
 91/375 [======>.......................] - ETA: 9s - loss: 0.3193
----- stdout -----
 93/375 [======>.......................] - ETA: 9s - loss: 0.3194
----- stdout -----
 95/375 [======>.......................] - ETA: 9s - loss: 0.3191
----- stdout -----
 97/375 [======>.......................] - ETA: 9s - loss: 0.3195
----- stdout -----
 99/375 [======>.......................] - ETA: 9s - loss: 0.3193
----- stdout -----
101/375 [=======>......................] - ETA: 9s - loss: 0.3193
----- stdout -----
103/375 [=======>......................] - ETA: 9s - loss: 0.3193
----- stdout -----
105/375 [=======>......................] - ETA: 9s - loss: 0.3195
----- stdout -----
107/375 [=======>......................] - ETA: 9s - loss: 0.3195
----- stdout -----
109/375 [=======>......................] - ETA: 9s - loss: 0.3198
----- stdout -----
111/375 [=======>......................] - ETA: 9s - loss: 0.3195
----- stdout -----
113/375 [========>.....................] - ETA: 9s - loss: 0.3196
----- stdout -----
115/375 [========>.....................] - ETA: 9s - loss: 0.3199
----- stdout -----
117/375 [========>.....................] - ETA: 8s - loss: 0.3196
----- stdout -----
119/375 [========>.....................] - ETA: 8s - loss: 0.3197
----- stdout -----
121/375 [========>.....................] - ETA: 8s - loss: 0.3196
----- stdout -----
123/375 [========>.....................] - ETA: 8s - loss: 0.3196
----- stdout -----
125/375 [=========>....................] - ETA: 8s - loss: 0.3191
----- stdout -----
127/375 [=========>....................] - ETA: 8s - loss: 0.3191
----- stdout -----
129/375 [=========>....................] - ETA: 8s - loss: 0.3189
----- stdout -----
131/375 [=========>....................] - ETA: 8s - loss: 0.3190
----- stdout -----
133/375 [=========>....................] - ETA: 8s - loss: 0.3190
----- stdout -----
135/375 [=========>....................] - ETA: 8s - loss: 0.3191
----- stdout -----
137/375 [=========>....................] - ETA: 8s - loss: 0.3188
----- stdout -----
139/375 [==========>...................] - ETA: 8s - loss: 0.3189
----- stdout -----
141/375 [==========>...................] - ETA: 8s - loss: 0.3188
----- stdout -----
143/375 [==========>...................] - ETA: 8s - loss: 0.3190
----- stdout -----
145/375 [==========>...................] - ETA: 8s - loss: 0.3188
----- stdout -----
147/375 [==========>...................] - ETA: 7s - loss: 0.3186
----- stdout -----
149/375 [==========>...................] - ETA: 7s - loss: 0.3186
----- stdout -----
151/375 [===========>..................] - ETA: 7s - loss: 0.3184
----- stdout -----
153/375 [===========>..................] - ETA: 7s - loss: 0.3184
----- stdout -----
155/375 [===========>..................] - ETA: 7s - loss: 0.3182
----- stdout -----
157/375 [===========>..................] - ETA: 7s - loss: 0.3179
----- stdout -----
159/375 [===========>..................] - ETA: 7s - loss: 0.3178
----- stdout -----
161/375 [===========>..................] - ETA: 7s - loss: 0.3179
----- stdout -----
163/375 [============>.................] - ETA: 7s - loss: 0.3177
----- stdout -----
165/375 [============>.................] - ETA: 7s - loss: 0.3176
----- stdout -----
167/375 [============>.................] - ETA: 7s - loss: 0.3173
----- stdout -----
169/375 [============>.................] - ETA: 7s - loss: 0.3173
----- stdout -----
171/375 [============>.................] - ETA: 7s - loss: 0.3170
----- stdout -----
173/375 [============>.................] - ETA: 7s - loss: 0.3170
----- stdout -----
175/375 [=============>................] - ETA: 6s - loss: 0.3169
----- stdout -----
177/375 [=============>................] - ETA: 6s - loss: 0.3168
----- stdout -----
179/375 [=============>................] - ETA: 6s - loss: 0.3168
----- stdout -----
181/375 [=============>................] - ETA: 6s - loss: 0.3167
----- stdout -----
183/375 [=============>................] - ETA: 6s - loss: 0.3167
----- stdout -----
185/375 [=============>................] - ETA: 6s - loss: 0.3167
----- stdout -----
187/375 [=============>................] - ETA: 6s - loss: 0.3166
----- stdout -----
189/375 [==============>...............] - ETA: 6s - loss: 0.3166
----- stdout -----
191/375 [==============>...............] - ETA: 6s - loss: 0.3164
----- stdout -----
193/375 [==============>...............] - ETA: 6s - loss: 0.3163
----- stdout -----
195/375 [==============>...............] - ETA: 6s - loss: 0.3163
----- stdout -----
197/375 [==============>...............] - ETA: 6s - loss: 0.3165
----- stdout -----
199/375 [==============>...............] - ETA: 6s - loss: 0.3166
----- stdout -----
201/375 [===============>..............] - ETA: 6s - loss: 0.3165
----- stdout -----
203/375 [===============>..............] - ETA: 5s - loss: 0.3166
----- stdout -----
205/375 [===============>..............] - ETA: 5s - loss: 0.3166
----- stdout -----
207/375 [===============>..............] - ETA: 5s - loss: 0.3165
----- stdout -----
209/375 [===============>..............] - ETA: 5s - loss: 0.3165
----- stdout -----
211/375 [===============>..............] - ETA: 5s - loss: 0.3165
----- stdout -----
213/375 [================>.............] - ETA: 5s - loss: 0.3163
----- stdout -----
215/375 [================>.............] - ETA: 5s - loss: 0.3162
----- stdout -----
217/375 [================>.............] - ETA: 5s - loss: 0.3162
----- stdout -----
219/375 [================>.............] - ETA: 5s - loss: 0.3161
----- stdout -----
221/375 [================>.............] - ETA: 5s - loss: 0.3160
----- stdout -----
223/375 [================>.............] - ETA: 5s - loss: 0.3159
----- stdout -----
225/375 [=================>............] - ETA: 5s - loss: 0.3157
----- stdout -----
227/375 [=================>............] - ETA: 5s - loss: 0.3157
----- stdout -----
229/375 [=================>............] - ETA: 5s - loss: 0.3157
----- stdout -----
231/375 [=================>............] - ETA: 5s - loss: 0.3156
----- stdout -----
233/375 [=================>............] - ETA: 4s - loss: 0.3156
----- stdout -----
235/375 [=================>............] - ETA: 4s - loss: 0.3157
----- stdout -----
237/375 [=================>............] - ETA: 4s - loss: 0.3157
----- stdout -----
239/375 [==================>...........] - ETA: 4s - loss: 0.3155
----- stdout -----
241/375 [==================>...........] - ETA: 4s - loss: 0.3155
----- stdout -----
243/375 [==================>...........] - ETA: 4s - loss: 0.3154
----- stdout -----
245/375 [==================>...........] - ETA: 4s - loss: 0.3152
----- stdout -----
247/375 [==================>...........] - ETA: 4s - loss: 0.3153
----- stdout -----
249/375 [==================>...........] - ETA: 4s - loss: 0.3153
----- stdout -----
251/375 [===================>..........] - ETA: 4s - loss: 0.3153
----- stdout -----
253/375 [===================>..........] - ETA: 4s - loss: 0.3154
----- stdout -----
255/375 [===================>..........] - ETA: 4s - loss: 0.3153
----- stdout -----
257/375 [===================>..........] - ETA: 4s - loss: 0.3153
----- stdout -----
259/375 [===================>..........] - ETA: 4s - loss: 0.3153
----- stdout -----
261/375 [===================>..........] - ETA: 3s - loss: 0.3153
----- stdout -----
263/375 [====================>.........] - ETA: 3s - loss: 0.3153
----- stdout -----
265/375 [====================>.........] - ETA: 3s - loss: 0.3153
----- stdout -----
267/375 [====================>.........] - ETA: 3s - loss: 0.3152
----- stdout -----
269/375 [====================>.........] - ETA: 3s - loss: 0.3151
----- stdout -----
271/375 [====================>.........] - ETA: 3s - loss: 0.3152
----- stdout -----
273/375 [====================>.........] - ETA: 3s - loss: 0.3151
----- stdout -----
275/375 [=====================>........] - ETA: 3s - loss: 0.3151
----- stdout -----
277/375 [=====================>........] - ETA: 3s - loss: 0.3151
----- stdout -----
279/375 [=====================>........] - ETA: 3s - loss: 0.3151
----- stdout -----
281/375 [=====================>........] - ETA: 3s - loss: 0.3151
----- stdout -----
283/375 [=====================>........] - ETA: 3s - loss: 0.3151
----- stdout -----
285/375 [=====================>........] - ETA: 3s - loss: 0.3151
----- stdout -----
287/375 [=====================>........] - ETA: 3s - loss: 0.3151
----- stdout -----
289/375 [======================>.......] - ETA: 2s - loss: 0.3151
----- stdout -----
291/375 [======================>.......] - ETA: 2s - loss: 0.3151
----- stdout -----
293/375 [======================>.......] - ETA: 2s - loss: 0.3150
----- stdout -----
295/375 [======================>.......] - ETA: 2s - loss: 0.3150
----- stdout -----
297/375 [======================>.......] - ETA: 2s - loss: 0.3150
----- stdout -----
299/375 [======================>.......] - ETA: 2s - loss: 0.3149
----- stdout -----
301/375 [=======================>......] - ETA: 2s - loss: 0.3150
----- stdout -----
303/375 [=======================>......] - ETA: 2s - loss: 0.3149
----- stdout -----
305/375 [=======================>......] - ETA: 2s - loss: 0.3149
----- stdout -----
307/375 [=======================>......] - ETA: 2s - loss: 0.3150
----- stdout -----
309/375 [=======================>......] - ETA: 2s - loss: 0.3149
----- stdout -----
311/375 [=======================>......] - ETA: 2s - loss: 0.3149
----- stdout -----
313/375 [========================>.....] - ETA: 2s - loss: 0.3149
----- stdout -----
315/375 [========================>.....] - ETA: 2s - loss: 0.3149
----- stdout -----
317/375 [========================>.....] - ETA: 2s - loss: 0.3150
----- stdout -----
319/375 [========================>.....] - ETA: 1s - loss: 0.3151
----- stdout -----
321/375 [========================>.....] - ETA: 1s - loss: 0.3150
----- stdout -----
323/375 [========================>.....] - ETA: 1s - loss: 0.3151
----- stdout -----
325/375 [=========================>....] - ETA: 1s - loss: 0.3151
----- stdout -----
327/375 [=========================>....] - ETA: 1s - loss: 0.3150
----- stdout -----
329/375 [=========================>....] - ETA: 1s - loss: 0.3151
----- stdout -----
331/375 [=========================>....] - ETA: 1s - loss: 0.3150
----- stdout -----
333/375 [=========================>....] - ETA: 1s - loss: 0.3149
----- stdout -----
335/375 [=========================>....] - ETA: 1s - loss: 0.3150
----- stdout -----
337/375 [=========================>....] - ETA: 1s - loss: 0.3151
----- stdout -----
339/375 [==========================>...] - ETA: 1s - loss: 0.3150
----- stdout -----
341/375 [==========================>...] - ETA: 1s - loss: 0.3151
----- stdout -----
343/375 [==========================>...] - ETA: 1s - loss: 0.3150
----- stdout -----
345/375 [==========================>...] - ETA: 1s - loss: 0.3150
----- stdout -----
347/375 [==========================>...] - ETA: 0s - loss: 0.3151
----- stdout -----
349/375 [==========================>...] - ETA: 0s - loss: 0.3149
----- stdout -----
351/375 [===========================>..] - ETA: 0s - loss: 0.3149
----- stdout -----
353/375 [===========================>..] - ETA: 0s - loss: 0.3149
----- stdout -----
355/375 [===========================>..] - ETA: 0s - loss: 0.3148
----- stdout -----
357/375 [===========================>..] - ETA: 0s - loss: 0.3148
----- stdout -----
359/375 [===========================>..] - ETA: 0s - loss: 0.3148
----- stdout -----
361/375 [===========================>..] - ETA: 0s - loss: 0.3149
----- stdout -----
363/375 [============================>.] - ETA: 0s - loss: 0.3149
----- stdout -----
365/375 [============================>.] - ETA: 0s - loss: 0.3148
----- stdout -----
367/375 [============================>.] - ETA: 0s - loss: 0.3147
----- stdout -----
369/375 [============================>.] - ETA: 0s - loss: 0.3148
----- stdout -----
371/375 [============================>.] - ETA: 0s - loss: 0.3148
----- stdout -----
373/375 [============================>.] - ETA: 0s - loss: 0.3147
----- stdout -----
375/375 [==============================] - ETA: 0s - loss: 0.3146
----- stdout -----
375/375 [==============================] - 13s 35ms/step - loss: 0.3146
----- stdout -----
1/1 [==============================] - ETA: 0s
----- stdout -----
1/1 [==============================] - 0s 12ms/step
----- stdout -----

Epoch:  3
----- stdout -----
  1/375 [..............................] - ETA: 14s - loss: 0.3021
----- stdout -----
  3/375 [..............................] - ETA: 13s - loss: 0.3018
----- stdout -----
  5/375 [..............................] - ETA: 12s - loss: 0.3121
----- stdout -----
  7/375 [..............................] - ETA: 12s - loss: 0.3123
----- stdout -----
  9/375 [..............................] - ETA: 12s - loss: 0.3131
----- stdout -----
 11/375 [..............................] - ETA: 12s - loss: 0.3108
----- stdout -----
 13/375 [>.............................] - ETA: 12s - loss: 0.3083
----- stdout -----
 15/375 [>.............................] - ETA: 12s - loss: 0.3083
----- stdout -----
 17/375 [>.............................] - ETA: 12s - loss: 0.3061
----- stdout -----
 19/375 [>.............................] - ETA: 12s - loss: 0.3074
----- stdout -----
 21/375 [>.............................] - ETA: 12s - loss: 0.3077
----- stdout -----
 23/375 [>.............................] - ETA: 12s - loss: 0.3066
----- stdout -----
 25/375 [=>............................] - ETA: 12s - loss: 0.3078
----- stdout -----
 27/375 [=>............................] - ETA: 12s - loss: 0.3067
----- stdout -----
 29/375 [=>............................] - ETA: 12s - loss: 0.3083
----- stdout -----
 31/375 [=>............................] - ETA: 11s - loss: 0.3086
----- stdout -----
 33/375 [=>............................] - ETA: 11s - loss: 0.3090
----- stdout -----
 35/375 [=>............................] - ETA: 11s - loss: 0.3093
----- stdout -----
 37/375 [=>............................] - ETA: 11s - loss: 0.3100
----- stdout -----
 39/375 [==>...........................] - ETA: 11s - loss: 0.3104
----- stdout -----
 41/375 [==>...........................] - ETA: 11s - loss: 0.3106
----- stdout -----
 43/375 [==>...........................] - ETA: 11s - loss: 0.3108
----- stdout -----
 45/375 [==>...........................] - ETA: 11s - loss: 0.3104
----- stdout -----
 47/375 [==>...........................] - ETA: 11s - loss: 0.3109
----- stdout -----
 49/375 [==>...........................] - ETA: 11s - loss: 0.3111
----- stdout -----
 51/375 [===>..........................] - ETA: 11s - loss: 0.3111
----- stdout -----
 53/375 [===>..........................] - ETA: 11s - loss: 0.3113
----- stdout -----
 55/375 [===>..........................] - ETA: 11s - loss: 0.3111
----- stdout -----
 57/375 [===>..........................] - ETA: 11s - loss: 0.3105
----- stdout -----
 59/375 [===>..........................] - ETA: 11s - loss: 0.3098
----- stdout -----
 61/375 [===>..........................] - ETA: 10s - loss: 0.3094
----- stdout -----
 63/375 [====>.........................] - ETA: 10s - loss: 0.3094
----- stdout -----
 65/375 [====>.........................] - ETA: 10s - loss: 0.3094
----- stdout -----
 67/375 [====>.........................] - ETA: 10s - loss: 0.3098
----- stdout -----
 69/375 [====>.........................] - ETA: 10s - loss: 0.3097
----- stdout -----
 71/375 [====>.........................] - ETA: 10s - loss: 0.3096
----- stdout -----
 73/375 [====>.........................] - ETA: 10s - loss: 0.3094
----- stdout -----
 75/375 [=====>........................] - ETA: 10s - loss: 0.3094
----- stdout -----
 77/375 [=====>........................] - ETA: 10s - loss: 0.3094
----- stdout -----
 79/375 [=====>........................] - ETA: 10s - loss: 0.3092
----- stdout -----
 81/375 [=====>........................] - ETA: 10s - loss: 0.3096
----- stdout -----
 83/375 [=====>........................] - ETA: 10s - loss: 0.3094
----- stdout -----
 85/375 [=====>........................] - ETA: 10s - loss: 0.3094
----- stdout -----
 87/375 [=====>........................] - ETA: 10s - loss: 0.3098
----- stdout -----
 89/375 [======>.......................] - ETA: 9s - loss: 0.3099
----- stdout -----
 91/375 [======>.......................] - ETA: 9s - loss: 0.3100
----- stdout -----
 93/375 [======>.......................] - ETA: 9s - loss: 0.3097
----- stdout -----
 95/375 [======>.......................] - ETA: 9s - loss: 0.3099
----- stdout -----
 97/375 [======>.......................] - ETA: 9s - loss: 0.3099
----- stdout -----
 99/375 [======>.......................] - ETA: 9s - loss: 0.3102
----- stdout -----
101/375 [=======>......................] - ETA: 9s - loss: 0.3101
----- stdout -----
103/375 [=======>......................] - ETA: 9s - loss: 0.3102
----- stdout -----
105/375 [=======>......................] - ETA: 9s - loss: 0.3099
----- stdout -----
107/375 [=======>......................] - ETA: 9s - loss: 0.3099
----- stdout -----
109/375 [=======>......................] - ETA: 9s - loss: 0.3100
----- stdout -----
111/375 [=======>......................] - ETA: 9s - loss: 0.3102
----- stdout -----
113/375 [========>.....................] - ETA: 9s - loss: 0.3102
----- stdout -----
115/375 [========>.....................] - ETA: 9s - loss: 0.3102
----- stdout -----
117/375 [========>.....................] - ETA: 8s - loss: 0.3100
----- stdout -----
119/375 [========>.....................] - ETA: 8s - loss: 0.3101
----- stdout -----
121/375 [========>.....................] - ETA: 8s - loss: 0.3099
----- stdout -----
123/375 [========>.....................] - ETA: 8s - loss: 0.3098
----- stdout -----
125/375 [=========>....................] - ETA: 8s - loss: 0.3099
----- stdout -----
127/375 [=========>....................] - ETA: 8s - loss: 0.3099
----- stdout -----
129/375 [=========>....................] - ETA: 8s - loss: 0.3099
----- stdout -----
131/375 [=========>....................] - ETA: 8s - loss: 0.3096
----- stdout -----
133/375 [=========>....................] - ETA: 8s - loss: 0.3094
----- stdout -----
135/375 [=========>....................] - ETA: 8s - loss: 0.3092
----- stdout -----
137/375 [=========>....................] - ETA: 8s - loss: 0.3094
----- stdout -----
139/375 [==========>...................] - ETA: 8s - loss: 0.3094
----- stdout -----
141/375 [==========>...................] - ETA: 8s - loss: 0.3093
----- stdout -----
143/375 [==========>...................] - ETA: 8s - loss: 0.3094
----- stdout -----
145/375 [==========>...................] - ETA: 8s - loss: 0.3092
----- stdout -----
147/375 [==========>...................] - ETA: 7s - loss: 0.3094
----- stdout -----
149/375 [==========>...................] - ETA: 7s - loss: 0.3095
----- stdout -----
151/375 [===========>..................] - ETA: 7s - loss: 0.3094
----- stdout -----
153/375 [===========>..................] - ETA: 7s - loss: 0.3092
----- stdout -----
155/375 [===========>..................] - ETA: 7s - loss: 0.3093
----- stdout -----
157/375 [===========>..................] - ETA: 7s - loss: 0.3093
----- stdout -----
159/375 [===========>..................] - ETA: 7s - loss: 0.3092
----- stdout -----
161/375 [===========>..................] - ETA: 7s - loss: 0.3092
----- stdout -----
163/375 [============>.................] - ETA: 7s - loss: 0.3089
----- stdout -----
165/375 [============>.................] - ETA: 7s - loss: 0.3090
----- stdout -----
167/375 [============>.................] - ETA: 7s - loss: 0.3092
----- stdout -----
169/375 [============>.................] - ETA: 7s - loss: 0.3092
----- stdout -----
171/375 [============>.................] - ETA: 7s - loss: 0.3094
----- stdout -----
173/375 [============>.................] - ETA: 7s - loss: 0.3094
----- stdout -----
175/375 [=============>................] - ETA: 6s - loss: 0.3094
----- stdout -----
177/375 [=============>................] - ETA: 6s - loss: 0.3093
----- stdout -----
179/375 [=============>................] - ETA: 6s - loss: 0.3095
----- stdout -----
181/375 [=============>................] - ETA: 6s - loss: 0.3095
----- stdout -----
183/375 [=============>................] - ETA: 6s - loss: 0.3093
----- stdout -----
185/375 [=============>................] - ETA: 6s - loss: 0.3094
----- stdout -----
187/375 [=============>................] - ETA: 6s - loss: 0.3092
----- stdout -----
189/375 [==============>...............] - ETA: 6s - loss: 0.3092
----- stdout -----
191/375 [==============>...............] - ETA: 6s - loss: 0.3090
----- stdout -----
193/375 [==============>...............] - ETA: 6s - loss: 0.3089
----- stdout -----
195/375 [==============>...............] - ETA: 6s - loss: 0.3091
----- stdout -----
197/375 [==============>...............] - ETA: 6s - loss: 0.3091
----- stdout -----
199/375 [==============>...............] - ETA: 6s - loss: 0.3092
----- stdout -----
201/375 [===============>..............] - ETA: 6s - loss: 0.3091
----- stdout -----
203/375 [===============>..............] - ETA: 5s - loss: 0.3093
----- stdout -----
205/375 [===============>..............] - ETA: 5s - loss: 0.3095
----- stdout -----
207/375 [===============>..............] - ETA: 5s - loss: 0.3096
----- stdout -----
209/375 [===============>..............] - ETA: 5s - loss: 0.3098
----- stdout -----
211/375 [===============>..............] - ETA: 5s - loss: 0.3099
----- stdout -----
213/375 [================>.............] - ETA: 5s - loss: 0.3102
----- stdout -----
215/375 [================>.............] - ETA: 5s - loss: 0.3106
----- stdout -----
217/375 [================>.............] - ETA: 5s - loss: 0.3110
----- stdout -----
219/375 [================>.............] - ETA: 5s - loss: 0.3114
----- stdout -----
221/375 [================>.............] - ETA: 5s - loss: 0.3117
----- stdout -----
223/375 [================>.............] - ETA: 5s - loss: 0.3118
----- stdout -----
225/375 [=================>............] - ETA: 5s - loss: 0.3120
----- stdout -----
227/375 [=================>............] - ETA: 5s - loss: 0.3123
----- stdout -----
229/375 [=================>............] - ETA: 5s - loss: 0.3125
----- stdout -----
231/375 [=================>............] - ETA: 5s - loss: 0.3125
----- stdout -----
233/375 [=================>............] - ETA: 4s - loss: 0.3125
----- stdout -----
235/375 [=================>............] - ETA: 4s - loss: 0.3126
----- stdout -----
237/375 [=================>............] - ETA: 4s - loss: 0.3126
----- stdout -----
239/375 [==================>...........] - ETA: 4s - loss: 0.3126
----- stdout -----
241/375 [==================>...........] - ETA: 4s - loss: 0.3127
----- stdout -----
243/375 [==================>...........] - ETA: 4s - loss: 0.3127
----- stdout -----
245/375 [==================>...........] - ETA: 4s - loss: 0.3128
----- stdout -----
247/375 [==================>...........] - ETA: 4s - loss: 0.3129
----- stdout -----
249/375 [==================>...........] - ETA: 4s - loss: 0.3128
----- stdout -----
251/375 [===================>..........] - ETA: 4s - loss: 0.3128
----- stdout -----
253/375 [===================>..........] - ETA: 4s - loss: 0.3127
----- stdout -----
255/375 [===================>..........] - ETA: 4s - loss: 0.3126
----- stdout -----
257/375 [===================>..........] - ETA: 4s - loss: 0.3126
----- stdout -----
259/375 [===================>..........] - ETA: 4s - loss: 0.3126
----- stdout -----
261/375 [===================>..........] - ETA: 3s - loss: 0.3125
----- stdout -----
263/375 [====================>.........] - ETA: 3s - loss: 0.3125
----- stdout -----
265/375 [====================>.........] - ETA: 3s - loss: 0.3123
----- stdout -----
267/375 [====================>.........] - ETA: 3s - loss: 0.3122
----- stdout -----
269/375 [====================>.........] - ETA: 3s - loss: 0.3122
----- stdout -----
271/375 [====================>.........] - ETA: 3s - loss: 0.3122
----- stdout -----
273/375 [====================>.........] - ETA: 3s - loss: 0.3123
----- stdout -----
275/375 [=====================>........] - ETA: 3s - loss: 0.3123
----- stdout -----
277/375 [=====================>........] - ETA: 3s - loss: 0.3124
----- stdout -----
279/375 [=====================>........] - ETA: 3s - loss: 0.3123
----- stdout -----
281/375 [=====================>........] - ETA: 3s - loss: 0.3124
----- stdout -----
283/375 [=====================>........] - ETA: 3s - loss: 0.3125
----- stdout -----
285/375 [=====================>........] - ETA: 3s - loss: 0.3125
----- stdout -----
287/375 [=====================>........] - ETA: 3s - loss: 0.3124
----- stdout -----
289/375 [======================>.......] - ETA: 3s - loss: 0.3124
----- stdout -----
291/375 [======================>.......] - ETA: 2s - loss: 0.3124
----- stdout -----
293/375 [======================>.......] - ETA: 2s - loss: 0.3123
----- stdout -----
295/375 [======================>.......] - ETA: 2s - loss: 0.3123
----- stdout -----
297/375 [======================>.......] - ETA: 2s - loss: 0.3122
----- stdout -----
299/375 [======================>.......] - ETA: 2s - loss: 0.3122
----- stdout -----
301/375 [=======================>......] - ETA: 2s - loss: 0.3121
----- stdout -----
303/375 [=======================>......] - ETA: 2s - loss: 0.3120
----- stdout -----
305/375 [=======================>......] - ETA: 2s - loss: 0.3121
----- stdout -----
307/375 [=======================>......] - ETA: 2s - loss: 0.3120
----- stdout -----
309/375 [=======================>......] - ETA: 2s - loss: 0.3119
----- stdout -----
311/375 [=======================>......] - ETA: 2s - loss: 0.3119
----- stdout -----
313/375 [========================>.....] - ETA: 2s - loss: 0.3118
----- stdout -----
315/375 [========================>.....] - ETA: 2s - loss: 0.3118
----- stdout -----
317/375 [========================>.....] - ETA: 2s - loss: 0.3117
----- stdout -----
319/375 [========================>.....] - ETA: 1s - loss: 0.3116
----- stdout -----
321/375 [========================>.....] - ETA: 1s - loss: 0.3117
----- stdout -----
323/375 [========================>.....] - ETA: 1s - loss: 0.3117
----- stdout -----
325/375 [=========================>....] - ETA: 1s - loss: 0.3116
----- stdout -----
327/375 [=========================>....] - ETA: 1s - loss: 0.3117
----- stdout -----
329/375 [=========================>....] - ETA: 1s - loss: 0.3116
----- stdout -----
331/375 [=========================>....] - ETA: 1s - loss: 0.3117
----- stdout -----
333/375 [=========================>....] - ETA: 1s - loss: 0.3117
----- stdout -----
335/375 [=========================>....] - ETA: 1s - loss: 0.3117
----- stdout -----
337/375 [=========================>....] - ETA: 1s - loss: 0.3116
----- stdout -----
339/375 [==========================>...] - ETA: 1s - loss: 0.3116
----- stdout -----
341/375 [==========================>...] - ETA: 1s - loss: 0.3115
----- stdout -----
343/375 [==========================>...] - ETA: 1s - loss: 0.3115
----- stdout -----
345/375 [==========================>...] - ETA: 1s - loss: 0.3115
----- stdout -----
347/375 [==========================>...] - ETA: 0s - loss: 0.3115
----- stdout -----
349/375 [==========================>...] - ETA: 0s - loss: 0.3114
----- stdout -----
351/375 [===========================>..] - ETA: 0s - loss: 0.3115
----- stdout -----
353/375 [===========================>..] - ETA: 0s - loss: 0.3114
----- stdout -----
355/375 [===========================>..] - ETA: 0s - loss: 0.3114
----- stdout -----
357/375 [===========================>..] - ETA: 0s - loss: 0.3114
----- stdout -----
359/375 [===========================>..] - ETA: 0s - loss: 0.3113
----- stdout -----
361/375 [===========================>..] - ETA: 0s - loss: 0.3113
----- stdout -----
363/375 [============================>.] - ETA: 0s - loss: 0.3113
----- stdout -----
365/375 [============================>.] - ETA: 0s - loss: 0.3113
----- stdout -----
367/375 [============================>.] - ETA: 0s - loss: 0.3112
----- stdout -----
369/375 [============================>.] - ETA: 0s - loss: 0.3111
----- stdout -----
371/375 [============================>.] - ETA: 0s - loss: 0.3110
----- stdout -----
373/375 [============================>.] - ETA: 0s - loss: 0.3110
----- stdout -----
375/375 [==============================] - ETA: 0s - loss: 0.3109
----- stdout -----
375/375 [==============================] - 13s 35ms/step - loss: 0.3109
----- stdout -----
1/1 [==============================] - ETA: 0s
----- stdout -----
1/1 [==============================] - 0s 12ms/step
----- stdout -----

Epoch:  4
----- stdout -----
  1/375 [..............................] - ETA: 14s - loss: 0.3163
----- stdout -----
  3/375 [..............................] - ETA: 12s - loss: 0.3132
----- stdout -----
  5/375 [..............................] - ETA: 12s - loss: 0.3141
----- stdout -----
  7/375 [..............................] - ETA: 12s - loss: 0.3143
----- stdout -----
  9/375 [..............................] - ETA: 12s - loss: 0.3105
----- stdout -----
 11/375 [..............................] - ETA: 12s - loss: 0.3108
----- stdout -----
 13/375 [>.............................] - ETA: 12s - loss: 0.3089
----- stdout -----
 15/375 [>.............................] - ETA: 12s - loss: 0.3089
----- stdout -----
 17/375 [>.............................] - ETA: 12s - loss: 0.3089
----- stdout -----
 19/375 [>.............................] - ETA: 12s - loss: 0.3102
----- stdout -----
 21/375 [>.............................] - ETA: 12s - loss: 0.3107
----- stdout -----
 23/375 [>.............................] - ETA: 12s - loss: 0.3099
----- stdout -----
 25/375 [=>............................] - ETA: 12s - loss: 0.3104
----- stdout -----
 27/375 [=>............................] - ETA: 12s - loss: 0.3106
----- stdout -----
 29/375 [=>............................] - ETA: 12s - loss: 0.3106
----- stdout -----
 31/375 [=>............................] - ETA: 12s - loss: 0.3092
----- stdout -----
 33/375 [=>............................] - ETA: 11s - loss: 0.3084
----- stdout -----
 35/375 [=>............................] - ETA: 11s - loss: 0.3081
----- stdout -----
 37/375 [=>............................] - ETA: 11s - loss: 0.3076
----- stdout -----
 39/375 [==>...........................] - ETA: 11s - loss: 0.3077
----- stdout -----
 41/375 [==>...........................] - ETA: 11s - loss: 0.3078
----- stdout -----
 43/375 [==>...........................] - ETA: 11s - loss: 0.3075
----- stdout -----
 45/375 [==>...........................] - ETA: 11s - loss: 0.3077
----- stdout -----
 47/375 [==>...........................] - ETA: 11s - loss: 0.3076
----- stdout -----
 49/375 [==>...........................] - ETA: 11s - loss: 0.3075
----- stdout -----
 51/375 [===>..........................] - ETA: 11s - loss: 0.3079
----- stdout -----
 53/375 [===>..........................] - ETA: 11s - loss: 0.3079
----- stdout -----
 55/375 [===>..........................] - ETA: 11s - loss: 0.3076
----- stdout -----
 57/375 [===>..........................] - ETA: 11s - loss: 0.3074
----- stdout -----
 59/375 [===>..........................] - ETA: 11s - loss: 0.3079
----- stdout -----
 61/375 [===>..........................] - ETA: 10s - loss: 0.3078
----- stdout -----
 63/375 [====>.........................] - ETA: 10s - loss: 0.3079
----- stdout -----
 65/375 [====>.........................] - ETA: 10s - loss: 0.3071
----- stdout -----
 67/375 [====>.........................] - ETA: 10s - loss: 0.3069
----- stdout -----
 69/375 [====>.........................] - ETA: 10s - loss: 0.3069
----- stdout -----
 71/375 [====>.........................] - ETA: 10s - loss: 0.3073
----- stdout -----
 73/375 [====>.........................] - ETA: 10s - loss: 0.3069
----- stdout -----
 75/375 [=====>........................] - ETA: 10s - loss: 0.3066
----- stdout -----
 77/375 [=====>........................] - ETA: 10s - loss: 0.3062
----- stdout -----
 79/375 [=====>........................] - ETA: 10s - loss: 0.3064
----- stdout -----
 81/375 [=====>........................] - ETA: 10s - loss: 0.3066
----- stdout -----
 83/375 [=====>........................] - ETA: 10s - loss: 0.3065
----- stdout -----
 85/375 [=====>........................] - ETA: 10s - loss: 0.3065
----- stdout -----
 87/375 [=====>........................] - ETA: 10s - loss: 0.3068
----- stdout -----
 89/375 [======>.......................] - ETA: 9s - loss: 0.3066
----- stdout -----
 91/375 [======>.......................] - ETA: 9s - loss: 0.3070
----- stdout -----
 93/375 [======>.......................] - ETA: 9s - loss: 0.3067
----- stdout -----
 95/375 [======>.......................] - ETA: 9s - loss: 0.3067
----- stdout -----
 97/375 [======>.......................] - ETA: 9s - loss: 0.3066
----- stdout -----
 99/375 [======>.......................] - ETA: 9s - loss: 0.3069
----- stdout -----
101/375 [=======>......................] - ETA: 9s - loss: 0.3073
----- stdout -----
103/375 [=======>......................] - ETA: 9s - loss: 0.3070
----- stdout -----
105/375 [=======>......................] - ETA: 9s - loss: 0.3069
----- stdout -----
107/375 [=======>......................] - ETA: 9s - loss: 0.3070
----- stdout -----
109/375 [=======>......................] - ETA: 9s - loss: 0.3069
----- stdout -----
111/375 [=======>......................] - ETA: 9s - loss: 0.3069
----- stdout -----
113/375 [========>.....................] - ETA: 9s - loss: 0.3070
----- stdout -----
115/375 [========>.....................] - ETA: 9s - loss: 0.3073
----- stdout -----
117/375 [========>.....................] - ETA: 8s - loss: 0.3073
----- stdout -----
119/375 [========>.....................] - ETA: 8s - loss: 0.3072
----- stdout -----
121/375 [========>.....................] - ETA: 8s - loss: 0.3073
----- stdout -----
123/375 [========>.....................] - ETA: 8s - loss: 0.3074
----- stdout -----
125/375 [=========>....................] - ETA: 8s - loss: 0.3073
----- stdout -----
127/375 [=========>....................] - ETA: 8s - loss: 0.3072
----- stdout -----
129/375 [=========>....................] - ETA: 8s - loss: 0.3071
----- stdout -----
131/375 [=========>....................] - ETA: 8s - loss: 0.3072
----- stdout -----
133/375 [=========>....................] - ETA: 8s - loss: 0.3070
----- stdout -----
135/375 [=========>....................] - ETA: 8s - loss: 0.3070
----- stdout -----
137/375 [=========>....................] - ETA: 8s - loss: 0.3069
----- stdout -----
139/375 [==========>...................] - ETA: 8s - loss: 0.3068
----- stdout -----
141/375 [==========>...................] - ETA: 8s - loss: 0.3065
----- stdout -----
143/375 [==========>...................] - ETA: 8s - loss: 0.3065
----- stdout -----
145/375 [==========>...................] - ETA: 8s - loss: 0.3062
----- stdout -----
147/375 [==========>...................] - ETA: 7s - loss: 0.3060
----- stdout -----
149/375 [==========>...................] - ETA: 7s - loss: 0.3058
----- stdout -----
151/375 [===========>..................] - ETA: 7s - loss: 0.3059
----- stdout -----
153/375 [===========>..................] - ETA: 7s - loss: 0.3059
----- stdout -----
155/375 [===========>..................] - ETA: 7s - loss: 0.3057
----- stdout -----
157/375 [===========>..................] - ETA: 7s - loss: 0.3057
----- stdout -----
159/375 [===========>..................] - ETA: 7s - loss: 0.3055
----- stdout -----
161/375 [===========>..................] - ETA: 7s - loss: 0.3054
----- stdout -----
163/375 [============>.................] - ETA: 7s - loss: 0.3054
----- stdout -----
165/375 [============>.................] - ETA: 7s - loss: 0.3054
----- stdout -----
167/375 [============>.................] - ETA: 7s - loss: 0.3057
----- stdout -----
169/375 [============>.................] - ETA: 7s - loss: 0.3058
----- stdout -----
171/375 [============>.................] - ETA: 7s - loss: 0.3059
----- stdout -----
173/375 [============>.................] - ETA: 7s - loss: 0.3056
----- stdout -----
175/375 [=============>................] - ETA: 6s - loss: 0.3055
----- stdout -----
177/375 [=============>................] - ETA: 6s - loss: 0.3053
----- stdout -----
179/375 [=============>................] - ETA: 6s - loss: 0.3054
----- stdout -----
181/375 [=============>................] - ETA: 6s - loss: 0.3053
----- stdout -----
183/375 [=============>................] - ETA: 6s - loss: 0.3053
----- stdout -----
185/375 [=============>................] - ETA: 6s - loss: 0.3053
----- stdout -----
187/375 [=============>................] - ETA: 6s - loss: 0.3053
----- stdout -----
189/375 [==============>...............] - ETA: 6s - loss: 0.3051
----- stdout -----
191/375 [==============>...............] - ETA: 6s - loss: 0.3050
----- stdout -----
193/375 [==============>...............] - ETA: 6s - loss: 0.3049
----- stdout -----
195/375 [==============>...............] - ETA: 6s - loss: 0.3048
----- stdout -----
197/375 [==============>...............] - ETA: 6s - loss: 0.3046
----- stdout -----
199/375 [==============>...............] - ETA: 6s - loss: 0.3046
----- stdout -----
201/375 [===============>..............] - ETA: 6s - loss: 0.3046
----- stdout -----
203/375 [===============>..............] - ETA: 5s - loss: 0.3045
----- stdout -----
205/375 [===============>..............] - ETA: 5s - loss: 0.3044
----- stdout -----
207/375 [===============>..............] - ETA: 5s - loss: 0.3044
----- stdout -----
209/375 [===============>..............] - ETA: 5s - loss: 0.3044
----- stdout -----
211/375 [===============>..............] - ETA: 5s - loss: 0.3045
----- stdout -----
213/375 [================>.............] - ETA: 5s - loss: 0.3046
----- stdout -----
215/375 [================>.............] - ETA: 5s - loss: 0.3047
----- stdout -----
217/375 [================>.............] - ETA: 5s - loss: 0.3046
----- stdout -----
219/375 [================>.............] - ETA: 5s - loss: 0.3047
----- stdout -----
221/375 [================>.............] - ETA: 5s - loss: 0.3049
----- stdout -----
223/375 [================>.............] - ETA: 5s - loss: 0.3049
----- stdout -----
225/375 [=================>............] - ETA: 5s - loss: 0.3048
----- stdout -----
227/375 [=================>............] - ETA: 5s - loss: 0.3048
----- stdout -----
229/375 [=================>............] - ETA: 5s - loss: 0.3049
----- stdout -----
231/375 [=================>............] - ETA: 5s - loss: 0.3049
----- stdout -----
233/375 [=================>............] - ETA: 4s - loss: 0.3049
----- stdout -----
235/375 [=================>............] - ETA: 4s - loss: 0.3048
----- stdout -----
237/375 [=================>............] - ETA: 4s - loss: 0.3049
----- stdout -----
239/375 [==================>...........] - ETA: 4s - loss: 0.3048
----- stdout -----
241/375 [==================>...........] - ETA: 4s - loss: 0.3047
----- stdout -----
243/375 [==================>...........] - ETA: 4s - loss: 0.3048
----- stdout -----
245/375 [==================>...........] - ETA: 4s - loss: 0.3048
----- stdout -----
247/375 [==================>...........] - ETA: 4s - loss: 0.3048
----- stdout -----
249/375 [==================>...........] - ETA: 4s - loss: 0.3048
----- stdout -----
251/375 [===================>..........] - ETA: 4s - loss: 0.3048
----- stdout -----
253/375 [===================>..........] - ETA: 4s - loss: 0.3048
----- stdout -----
255/375 [===================>..........] - ETA: 4s - loss: 0.3047
----- stdout -----
257/375 [===================>..........] - ETA: 4s - loss: 0.3047
----- stdout -----
259/375 [===================>..........] - ETA: 4s - loss: 0.3047
----- stdout -----
261/375 [===================>..........] - ETA: 3s - loss: 0.3047
----- stdout -----
263/375 [====================>.........] - ETA: 3s - loss: 0.3048
----- stdout -----
265/375 [====================>.........] - ETA: 3s - loss: 0.3048
----- stdout -----
267/375 [====================>.........] - ETA: 3s - loss: 0.3048
----- stdout -----
269/375 [====================>.........] - ETA: 3s - loss: 0.3047
----- stdout -----
271/375 [====================>.........] - ETA: 3s - loss: 0.3047
----- stdout -----
273/375 [====================>.........] - ETA: 3s - loss: 0.3046
----- stdout -----
275/375 [=====================>........] - ETA: 3s - loss: 0.3046
----- stdout -----
277/375 [=====================>........] - ETA: 3s - loss: 0.3045
----- stdout -----
279/375 [=====================>........] - ETA: 3s - loss: 0.3045
----- stdout -----
281/375 [=====================>........] - ETA: 3s - loss: 0.3045
----- stdout -----
283/375 [=====================>........] - ETA: 3s - loss: 0.3045
----- stdout -----
285/375 [=====================>........] - ETA: 3s - loss: 0.3045
----- stdout -----
287/375 [=====================>........] - ETA: 3s - loss: 0.3045
----- stdout -----
289/375 [======================>.......] - ETA: 2s - loss: 0.3044
----- stdout -----
291/375 [======================>.......] - ETA: 2s - loss: 0.3044
----- stdout -----
293/375 [======================>.......] - ETA: 2s - loss: 0.3044
----- stdout -----
295/375 [======================>.......] - ETA: 2s - loss: 0.3043
----- stdout -----
297/375 [======================>.......] - ETA: 2s - loss: 0.3043
----- stdout -----
299/375 [======================>.......] - ETA: 2s - loss: 0.3043
----- stdout -----
301/375 [=======================>......] - ETA: 2s - loss: 0.3043
----- stdout -----
303/375 [=======================>......] - ETA: 2s - loss: 0.3043
----- stdout -----
305/375 [=======================>......] - ETA: 2s - loss: 0.3042
----- stdout -----
307/375 [=======================>......] - ETA: 2s - loss: 0.3042
----- stdout -----
309/375 [=======================>......] - ETA: 2s - loss: 0.3042
----- stdout -----
311/375 [=======================>......] - ETA: 2s - loss: 0.3041
----- stdout -----
313/375 [========================>.....] - ETA: 2s - loss: 0.3040
----- stdout -----
315/375 [========================>.....] - ETA: 2s - loss: 0.3039
----- stdout -----
317/375 [========================>.....] - ETA: 2s - loss: 0.3040
----- stdout -----
319/375 [========================>.....] - ETA: 1s - loss: 0.3039
----- stdout -----
321/375 [========================>.....] - ETA: 1s - loss: 0.3039
----- stdout -----
323/375 [========================>.....] - ETA: 1s - loss: 0.3039
----- stdout -----
325/375 [=========================>....] - ETA: 1s - loss: 0.3040
----- stdout -----
327/375 [=========================>....] - ETA: 1s - loss: 0.3040
----- stdout -----
329/375 [=========================>....] - ETA: 1s - loss: 0.3040
----- stdout -----
331/375 [=========================>....] - ETA: 1s - loss: 0.3040
----- stdout -----
333/375 [=========================>....] - ETA: 1s - loss: 0.3040
----- stdout -----
335/375 [=========================>....] - ETA: 1s - loss: 0.3040
----- stdout -----
337/375 [=========================>....] - ETA: 1s - loss: 0.3040
----- stdout -----
339/375 [==========================>...] - ETA: 1s - loss: 0.3040
----- stdout -----
341/375 [==========================>...] - ETA: 1s - loss: 0.3040
----- stdout -----
343/375 [==========================>...] - ETA: 1s - loss: 0.3040
----- stdout -----
345/375 [==========================>...] - ETA: 1s - loss: 0.3040
----- stdout -----
347/375 [==========================>...] - ETA: 0s - loss: 0.3040
----- stdout -----
349/375 [==========================>...] - ETA: 0s - loss: 0.3041
----- stdout -----
351/375 [===========================>..] - ETA: 0s - loss: 0.3041
----- stdout -----
353/375 [===========================>..] - ETA: 0s - loss: 0.3041
----- stdout -----
355/375 [===========================>..] - ETA: 0s - loss: 0.3040
----- stdout -----
357/375 [===========================>..] - ETA: 0s - loss: 0.3039
----- stdout -----
359/375 [===========================>..] - ETA: 0s - loss: 0.3039
----- stdout -----
361/375 [===========================>..] - ETA: 0s - loss: 0.3038
----- stdout -----
363/375 [============================>.] - ETA: 0s - loss: 0.3038
----- stdout -----
365/375 [============================>.] - ETA: 0s - loss: 0.3037
----- stdout -----
367/375 [============================>.] - ETA: 0s - loss: 0.3038
----- stdout -----
369/375 [============================>.] - ETA: 0s - loss: 0.3038
----- stdout -----
371/375 [============================>.] - ETA: 0s - loss: 0.3038
----- stdout -----
373/375 [============================>.] - ETA: 0s - loss: 0.3038
----- stdout -----
375/375 [==============================] - ETA: 0s - loss: 0.3038
----- stdout -----
375/375 [==============================] - 13s 35ms/step - loss: 0.3038
----- stdout -----
1/1 [==============================] - ETA: 0s
----- stdout -----
1/1 [==============================] - 0s 12ms/step
----- stdout -----

Epoch:  5
----- stdout -----
  1/375 [..............................] - ETA: 14s - loss: 0.3181
----- stdout -----
  3/375 [..............................] - ETA: 12s - loss: 0.3116
----- stdout -----
  5/375 [..............................] - ETA: 12s - loss: 0.3062
----- stdout -----
  7/375 [..............................] - ETA: 12s - loss: 0.3074
----- stdout -----
  9/375 [..............................] - ETA: 12s - loss: 0.3060
----- stdout -----
 11/375 [..............................] - ETA: 12s - loss: 0.3063
----- stdout -----
 13/375 [>.............................] - ETA: 12s - loss: 0.3041
----- stdout -----
 15/375 [>.............................] - ETA: 12s - loss: 0.3063
----- stdout -----
 17/375 [>.............................] - ETA: 12s - loss: 0.3059
----- stdout -----
 19/375 [>.............................] - ETA: 12s - loss: 0.3050
----- stdout -----
 21/375 [>.............................] - ETA: 12s - loss: 0.3041
----- stdout -----
 23/375 [>.............................] - ETA: 12s - loss: 0.3043
----- stdout -----
 25/375 [=>............................] - ETA: 12s - loss: 0.3036
----- stdout -----
 27/375 [=>............................] - ETA: 12s - loss: 0.3046
----- stdout -----
 29/375 [=>............................] - ETA: 12s - loss: 0.3048
----- stdout -----
 31/375 [=>............................] - ETA: 11s - loss: 0.3056
----- stdout -----
 33/375 [=>............................] - ETA: 11s - loss: 0.3046
----- stdout -----
 35/375 [=>............................] - ETA: 11s - loss: 0.3047
----- stdout -----
 37/375 [=>............................] - ETA: 11s - loss: 0.3045
----- stdout -----
 39/375 [==>...........................] - ETA: 11s - loss: 0.3044
----- stdout -----
 41/375 [==>...........................] - ETA: 11s - loss: 0.3043
----- stdout -----
 43/375 [==>...........................] - ETA: 11s - loss: 0.3035
----- stdout -----
 45/375 [==>...........................] - ETA: 11s - loss: 0.3023
----- stdout -----
 47/375 [==>...........................] - ETA: 11s - loss: 0.3023
----- stdout -----
 49/375 [==>...........................] - ETA: 11s - loss: 0.3022
----- stdout -----
 51/375 [===>..........................] - ETA: 11s - loss: 0.3025
----- stdout -----
 53/375 [===>..........................] - ETA: 11s - loss: 0.3030
----- stdout -----
 55/375 [===>..........................] - ETA: 11s - loss: 0.3029
----- stdout -----
 57/375 [===>..........................] - ETA: 11s - loss: 0.3028
----- stdout -----
 59/375 [===>..........................] - ETA: 11s - loss: 0.3025
----- stdout -----
 61/375 [===>..........................] - ETA: 10s - loss: 0.3019
----- stdout -----
 63/375 [====>.........................] - ETA: 10s - loss: 0.3017
----- stdout -----
 65/375 [====>.........................] - ETA: 10s - loss: 0.3018
----- stdout -----
 67/375 [====>.........................] - ETA: 10s - loss: 0.3020
----- stdout -----
 69/375 [====>.........................] - ETA: 10s - loss: 0.3024
----- stdout -----
 71/375 [====>.........................] - ETA: 10s - loss: 0.3021
----- stdout -----
 73/375 [====>.........................] - ETA: 10s - loss: 0.3016
----- stdout -----
 75/375 [=====>........................] - ETA: 10s - loss: 0.3013
----- stdout -----
 77/375 [=====>........................] - ETA: 10s - loss: 0.3015
----- stdout -----
 79/375 [=====>........................] - ETA: 10s - loss: 0.3017
----- stdout -----
 81/375 [=====>........................] - ETA: 10s - loss: 0.3017
----- stdout -----
 83/375 [=====>........................] - ETA: 10s - loss: 0.3018
----- stdout -----
 85/375 [=====>........................] - ETA: 10s - loss: 0.3020
----- stdout -----
 87/375 [=====>........................] - ETA: 10s - loss: 0.3019
----- stdout -----
 89/375 [======>.......................] - ETA: 9s - loss: 0.3022
----- stdout -----
 91/375 [======>.......................] - ETA: 9s - loss: 0.3020
----- stdout -----
 93/375 [======>.......................] - ETA: 9s - loss: 0.3016
----- stdout -----
 95/375 [======>.......................] - ETA: 9s - loss: 0.3016
----- stdout -----
 97/375 [======>.......................] - ETA: 9s - loss: 0.3018
----- stdout -----
 99/375 [======>.......................] - ETA: 9s - loss: 0.3019
----- stdout -----
101/375 [=======>......................] - ETA: 9s - loss: 0.3017
----- stdout -----
103/375 [=======>......................] - ETA: 9s - loss: 0.3015
----- stdout -----
105/375 [=======>......................] - ETA: 9s - loss: 0.3013
----- stdout -----
107/375 [=======>......................] - ETA: 9s - loss: 0.3014
----- stdout -----
109/375 [=======>......................] - ETA: 9s - loss: 0.3015
----- stdout -----
111/375 [=======>......................] - ETA: 9s - loss: 0.3015
----- stdout -----
113/375 [========>.....................] - ETA: 9s - loss: 0.3010
----- stdout -----
115/375 [========>.....................] - ETA: 9s - loss: 0.3012
----- stdout -----
117/375 [========>.....................] - ETA: 8s - loss: 0.3008
----- stdout -----
119/375 [========>.....................] - ETA: 8s - loss: 0.3010
----- stdout -----
121/375 [========>.....................] - ETA: 8s - loss: 0.3012
----- stdout -----
123/375 [========>.....................] - ETA: 8s - loss: 0.3012
----- stdout -----
125/375 [=========>....................] - ETA: 8s - loss: 0.3011
----- stdout -----
127/375 [=========>....................] - ETA: 8s - loss: 0.3012
----- stdout -----
129/375 [=========>....................] - ETA: 8s - loss: 0.3011
----- stdout -----
131/375 [=========>....................] - ETA: 8s - loss: 0.3010
----- stdout -----
133/375 [=========>....................] - ETA: 8s - loss: 0.3009
----- stdout -----
135/375 [=========>....................] - ETA: 8s - loss: 0.3009
----- stdout -----
137/375 [=========>....................] - ETA: 8s - loss: 0.3006
----- stdout -----
139/375 [==========>...................] - ETA: 8s - loss: 0.3005
----- stdout -----
141/375 [==========>...................] - ETA: 8s - loss: 0.3005
----- stdout -----
143/375 [==========>...................] - ETA: 8s - loss: 0.3005
----- stdout -----
145/375 [==========>...................] - ETA: 8s - loss: 0.3004
----- stdout -----
147/375 [==========>...................] - ETA: 7s - loss: 0.3006
----- stdout -----
149/375 [==========>...................] - ETA: 7s - loss: 0.3003
----- stdout -----
151/375 [===========>..................] - ETA: 7s - loss: 0.3001
----- stdout -----
153/375 [===========>..................] - ETA: 7s - loss: 0.3001
----- stdout -----
155/375 [===========>..................] - ETA: 7s - loss: 0.3003
----- stdout -----
157/375 [===========>..................] - ETA: 7s - loss: 0.3002
----- stdout -----
159/375 [===========>..................] - ETA: 7s - loss: 0.3000
----- stdout -----
161/375 [===========>..................] - ETA: 7s - loss: 0.3000
----- stdout -----
163/375 [============>.................] - ETA: 7s - loss: 0.3001
----- stdout -----
165/375 [============>.................] - ETA: 7s - loss: 0.3002
----- stdout -----
167/375 [============>.................] - ETA: 7s - loss: 0.3001
----- stdout -----
169/375 [============>.................] - ETA: 7s - loss: 0.3000
----- stdout -----
171/375 [============>.................] - ETA: 7s - loss: 0.3002
----- stdout -----
173/375 [============>.................] - ETA: 7s - loss: 0.3002
----- stdout -----
175/375 [=============>................] - ETA: 6s - loss: 0.3003
----- stdout -----
177/375 [=============>................] - ETA: 6s - loss: 0.3004
----- stdout -----
179/375 [=============>................] - ETA: 6s - loss: 0.3002
----- stdout -----
181/375 [=============>................] - ETA: 6s - loss: 0.3002
----- stdout -----
183/375 [=============>................] - ETA: 6s - loss: 0.3002
----- stdout -----
185/375 [=============>................] - ETA: 6s - loss: 0.3002
----- stdout -----
187/375 [=============>................] - ETA: 6s - loss: 0.3002
----- stdout -----
189/375 [==============>...............] - ETA: 6s - loss: 0.3003
----- stdout -----
191/375 [==============>...............] - ETA: 6s - loss: 0.3003
----- stdout -----
193/375 [==============>...............] - ETA: 6s - loss: 0.3003
----- stdout -----
195/375 [==============>...............] - ETA: 6s - loss: 0.3004
----- stdout -----
197/375 [==============>...............] - ETA: 6s - loss: 0.3005
----- stdout -----
199/375 [==============>...............] - ETA: 6s - loss: 0.3005
----- stdout -----
201/375 [===============>..............] - ETA: 6s - loss: 0.3007
----- stdout -----
203/375 [===============>..............] - ETA: 6s - loss: 0.3008
----- stdout -----
205/375 [===============>..............] - ETA: 5s - loss: 0.3008
----- stdout -----
207/375 [===============>..............] - ETA: 5s - loss: 0.3007
----- stdout -----
209/375 [===============>..............] - ETA: 5s - loss: 0.3007
----- stdout -----
211/375 [===============>..............] - ETA: 5s - loss: 0.3007
----- stdout -----
213/375 [================>.............] - ETA: 5s - loss: 0.3010
----- stdout -----
215/375 [================>.............] - ETA: 5s - loss: 0.3010
----- stdout -----
217/375 [================>.............] - ETA: 5s - loss: 0.3011
----- stdout -----
219/375 [================>.............] - ETA: 5s - loss: 0.3012
----- stdout -----
221/375 [================>.............] - ETA: 5s - loss: 0.3012
----- stdout -----
223/375 [================>.............] - ETA: 5s - loss: 0.3013
----- stdout -----
225/375 [=================>............] - ETA: 5s - loss: 0.3013
----- stdout -----
227/375 [=================>............] - ETA: 5s - loss: 0.3013
----- stdout -----
229/375 [=================>............] - ETA: 5s - loss: 0.3013
----- stdout -----
231/375 [=================>............] - ETA: 5s - loss: 0.3014
----- stdout -----
233/375 [=================>............] - ETA: 4s - loss: 0.3013
----- stdout -----
235/375 [=================>............] - ETA: 4s - loss: 0.3012
----- stdout -----
237/375 [=================>............] - ETA: 4s - loss: 0.3011
----- stdout -----
239/375 [==================>...........] - ETA: 4s - loss: 0.3013
----- stdout -----
241/375 [==================>...........] - ETA: 4s - loss: 0.3012
----- stdout -----
243/375 [==================>...........] - ETA: 4s - loss: 0.3012
----- stdout -----
245/375 [==================>...........] - ETA: 4s - loss: 0.3012
----- stdout -----
247/375 [==================>...........] - ETA: 4s - loss: 0.3011
----- stdout -----
249/375 [==================>...........] - ETA: 4s - loss: 0.3011
----- stdout -----
251/375 [===================>..........] - ETA: 4s - loss: 0.3011
----- stdout -----
253/375 [===================>..........] - ETA: 4s - loss: 0.3010
----- stdout -----
255/375 [===================>..........] - ETA: 4s - loss: 0.3010
----- stdout -----
257/375 [===================>..........] - ETA: 4s - loss: 0.3010
----- stdout -----
259/375 [===================>..........] - ETA: 4s - loss: 0.3009
----- stdout -----
261/375 [===================>..........] - ETA: 3s - loss: 0.3009
----- stdout -----
263/375 [====================>.........] - ETA: 3s - loss: 0.3010
----- stdout -----
265/375 [====================>.........] - ETA: 3s - loss: 0.3009
----- stdout -----
267/375 [====================>.........] - ETA: 3s - loss: 0.3008
----- stdout -----
269/375 [====================>.........] - ETA: 3s - loss: 0.3008
----- stdout -----
271/375 [====================>.........] - ETA: 3s - loss: 0.3008
----- stdout -----
273/375 [====================>.........] - ETA: 3s - loss: 0.3008
----- stdout -----
275/375 [=====================>........] - ETA: 3s - loss: 0.3009
----- stdout -----
277/375 [=====================>........] - ETA: 3s - loss: 0.3008
----- stdout -----
279/375 [=====================>........] - ETA: 3s - loss: 0.3008
----- stdout -----
281/375 [=====================>........] - ETA: 3s - loss: 0.3007
----- stdout -----
283/375 [=====================>........] - ETA: 3s - loss: 0.3007
----- stdout -----
285/375 [=====================>........] - ETA: 3s - loss: 0.3008
----- stdout -----
287/375 [=====================>........] - ETA: 3s - loss: 0.3007
----- stdout -----
289/375 [======================>.......] - ETA: 3s - loss: 0.3007
----- stdout -----
291/375 [======================>.......] - ETA: 2s - loss: 0.3007
----- stdout -----
293/375 [======================>.......] - ETA: 2s - loss: 0.3007
----- stdout -----
295/375 [======================>.......] - ETA: 2s - loss: 0.3005
----- stdout -----
297/375 [======================>.......] - ETA: 2s - loss: 0.3006
----- stdout -----
299/375 [======================>.......] - ETA: 2s - loss: 0.3008
----- stdout -----
301/375 [=======================>......] - ETA: 2s - loss: 0.3007
----- stdout -----
303/375 [=======================>......] - ETA: 2s - loss: 0.3008
----- stdout -----
305/375 [=======================>......] - ETA: 2s - loss: 0.3007
----- stdout -----
307/375 [=======================>......] - ETA: 2s - loss: 0.3006
----- stdout -----
309/375 [=======================>......] - ETA: 2s - loss: 0.3006
----- stdout -----
311/375 [=======================>......] - ETA: 2s - loss: 0.3006
----- stdout -----
313/375 [========================>.....] - ETA: 2s - loss: 0.3006
----- stdout -----
315/375 [========================>.....] - ETA: 2s - loss: 0.3006
----- stdout -----
317/375 [========================>.....] - ETA: 2s - loss: 0.3006
----- stdout -----
319/375 [========================>.....] - ETA: 1s - loss: 0.3006
----- stdout -----
321/375 [========================>.....] - ETA: 1s - loss: 0.3006
----- stdout -----
323/375 [========================>.....] - ETA: 1s - loss: 0.3007
----- stdout -----
325/375 [=========================>....] - ETA: 1s - loss: 0.3006
----- stdout -----
327/375 [=========================>....] - ETA: 1s - loss: 0.3006
----- stdout -----
329/375 [=========================>....] - ETA: 1s - loss: 0.3007
----- stdout -----
331/375 [=========================>....] - ETA: 1s - loss: 0.3007
----- stdout -----
333/375 [=========================>....] - ETA: 1s - loss: 0.3007
----- stdout -----
335/375 [=========================>....] - ETA: 1s - loss: 0.3007
----- stdout -----
337/375 [=========================>....] - ETA: 1s - loss: 0.3007
----- stdout -----
339/375 [==========================>...] - ETA: 1s - loss: 0.3007
----- stdout -----
341/375 [==========================>...] - ETA: 1s - loss: 0.3007
----- stdout -----
343/375 [==========================>...] - ETA: 1s - loss: 0.3007
----- stdout -----
345/375 [==========================>...] - ETA: 1s - loss: 0.3007
----- stdout -----
347/375 [==========================>...] - ETA: 0s - loss: 0.3008
----- stdout -----
349/375 [==========================>...] - ETA: 0s - loss: 0.3009
----- stdout -----
351/375 [===========================>..] - ETA: 0s - loss: 0.3008
----- stdout -----
353/375 [===========================>..] - ETA: 0s - loss: 0.3007
----- stdout -----
355/375 [===========================>..] - ETA: 0s - loss: 0.3007
----- stdout -----
357/375 [===========================>..] - ETA: 0s - loss: 0.3006
----- stdout -----
359/375 [===========================>..] - ETA: 0s - loss: 0.3006
----- stdout -----
361/375 [===========================>..] - ETA: 0s - loss: 0.3006
----- stdout -----
363/375 [============================>.] - ETA: 0s - loss: 0.3007
----- stdout -----
365/375 [============================>.] - ETA: 0s - loss: 0.3007
----- stdout -----
367/375 [============================>.] - ETA: 0s - loss: 0.3007
----- stdout -----
369/375 [============================>.] - ETA: 0s - loss: 0.3007
----- stdout -----
371/375 [============================>.] - ETA: 0s - loss: 0.3007
----- stdout -----
373/375 [============================>.] - ETA: 0s - loss: 0.3007
----- stdout -----
375/375 [==============================] - ETA: 0s - loss: 0.3006
----- stdout -----
375/375 [==============================] - 13s 35ms/step - loss: 0.3006
----- stdout -----
1/1 [==============================] - ETA: 0s
----- stdout -----
1/1 [==============================] - 0s 12ms/step
----- stdout -----

Epoch:  6
----- stdout -----
  1/375 [..............................] - ETA: 14s - loss: 0.3102
----- stdout -----
  3/375 [..............................] - ETA: 12s - loss: 0.2915
----- stdout -----
  5/375 [..............................] - ETA: 12s - loss: 0.2895
----- stdout -----
  7/375 [..............................] - ETA: 12s - loss: 0.2940
----- stdout -----
  9/375 [..............................] - ETA: 12s - loss: 0.2939
----- stdout -----
 11/375 [..............................] - ETA: 12s - loss: 0.2929
----- stdout -----
 13/375 [>.............................] - ETA: 12s - loss: 0.2954
----- stdout -----
 15/375 [>.............................] - ETA: 12s - loss: 0.2970
----- stdout -----
 17/375 [>.............................] - ETA: 12s - loss: 0.2963
----- stdout -----
 19/375 [>.............................] - ETA: 12s - loss: 0.2977
----- stdout -----
 21/375 [>.............................] - ETA: 12s - loss: 0.2965
----- stdout -----
 23/375 [>.............................] - ETA: 12s - loss: 0.2958
----- stdout -----
 25/375 [=>............................] - ETA: 12s - loss: 0.2966
----- stdout -----
 27/375 [=>............................] - ETA: 12s - loss: 0.2976
----- stdout -----
 29/375 [=>............................] - ETA: 12s - loss: 0.2972
----- stdout -----
 31/375 [=>............................] - ETA: 11s - loss: 0.2974
----- stdout -----
 33/375 [=>............................] - ETA: 11s - loss: 0.2972
----- stdout -----
 35/375 [=>............................] - ETA: 11s - loss: 0.2975
----- stdout -----
 37/375 [=>............................] - ETA: 11s - loss: 0.2972
----- stdout -----
 39/375 [==>...........................] - ETA: 11s - loss: 0.2978
----- stdout -----
 41/375 [==>...........................] - ETA: 11s - loss: 0.2977
----- stdout -----
 43/375 [==>...........................] - ETA: 11s - loss: 0.2973
----- stdout -----
 45/375 [==>...........................] - ETA: 11s - loss: 0.2972
----- stdout -----
 47/375 [==>...........................] - ETA: 11s - loss: 0.2975
----- stdout -----
 49/375 [==>...........................] - ETA: 11s - loss: 0.2982
----- stdout -----
 51/375 [===>..........................] - ETA: 11s - loss: 0.2980
----- stdout -----
 53/375 [===>..........................] - ETA: 11s - loss: 0.2980
----- stdout -----
 55/375 [===>..........................] - ETA: 11s - loss: 0.2985
----- stdout -----
 57/375 [===>..........................] - ETA: 11s - loss: 0.2984
----- stdout -----
 59/375 [===>..........................] - ETA: 11s - loss: 0.2980
----- stdout -----
 61/375 [===>..........................] - ETA: 10s - loss: 0.2981
----- stdout -----
 63/375 [====>.........................] - ETA: 10s - loss: 0.2989
----- stdout -----
 65/375 [====>.........................] - ETA: 10s - loss: 0.2986
----- stdout -----
 67/375 [====>.........................] - ETA: 10s - loss: 0.2987
----- stdout -----
 69/375 [====>.........................] - ETA: 10s - loss: 0.2983
----- stdout -----
 71/375 [====>.........................] - ETA: 10s - loss: 0.2984
----- stdout -----
 73/375 [====>.........................] - ETA: 10s - loss: 0.2987
----- stdout -----
 75/375 [=====>........................] - ETA: 10s - loss: 0.2989
----- stdout -----
 77/375 [=====>........................] - ETA: 10s - loss: 0.2988
----- stdout -----
 79/375 [=====>........................] - ETA: 10s - loss: 0.2988
----- stdout -----
 81/375 [=====>........................] - ETA: 10s - loss: 0.2982
----- stdout -----
 83/375 [=====>........................] - ETA: 10s - loss: 0.2983
----- stdout -----
 85/375 [=====>........................] - ETA: 10s - loss: 0.2983
----- stdout -----
 87/375 [=====>........................] - ETA: 10s - loss: 0.2984
----- stdout -----
 89/375 [======>.......................] - ETA: 9s - loss: 0.2984
----- stdout -----
 91/375 [======>.......................] - ETA: 9s - loss: 0.2984
----- stdout -----
 93/375 [======>.......................] - ETA: 9s - loss: 0.2985
----- stdout -----
 95/375 [======>.......................] - ETA: 9s - loss: 0.2983
----- stdout -----
 97/375 [======>.......................] - ETA: 9s - loss: 0.2982
----- stdout -----
 99/375 [======>.......................] - ETA: 9s - loss: 0.2982
----- stdout -----
101/375 [=======>......................] - ETA: 9s - loss: 0.2983
----- stdout -----
103/375 [=======>......................] - ETA: 9s - loss: 0.2981
----- stdout -----
105/375 [=======>......................] - ETA: 9s - loss: 0.2981
----- stdout -----
107/375 [=======>......................] - ETA: 9s - loss: 0.2979
----- stdout -----
109/375 [=======>......................] - ETA: 9s - loss: 0.2976
----- stdout -----
111/375 [=======>......................] - ETA: 9s - loss: 0.2975
----- stdout -----
113/375 [========>.....................] - ETA: 9s - loss: 0.2975
----- stdout -----
115/375 [========>.....................] - ETA: 9s - loss: 0.2976
----- stdout -----
117/375 [========>.....................] - ETA: 8s - loss: 0.2972
----- stdout -----
119/375 [========>.....................] - ETA: 8s - loss: 0.2967
----- stdout -----
121/375 [========>.....................] - ETA: 8s - loss: 0.2967
----- stdout -----
123/375 [========>.....................] - ETA: 8s - loss: 0.2965
----- stdout -----
125/375 [=========>....................] - ETA: 8s - loss: 0.2968
----- stdout -----
127/375 [=========>....................] - ETA: 8s - loss: 0.2969
----- stdout -----
129/375 [=========>....................] - ETA: 8s - loss: 0.2969
----- stdout -----
131/375 [=========>....................] - ETA: 8s - loss: 0.2969
----- stdout -----
133/375 [=========>....................] - ETA: 8s - loss: 0.2971
----- stdout -----
135/375 [=========>....................] - ETA: 8s - loss: 0.2970
----- stdout -----
137/375 [=========>....................] - ETA: 8s - loss: 0.2969
----- stdout -----
139/375 [==========>...................] - ETA: 8s - loss: 0.2968
----- stdout -----
141/375 [==========>...................] - ETA: 8s - loss: 0.2969
----- stdout -----
143/375 [==========>...................] - ETA: 8s - loss: 0.2969
----- stdout -----
145/375 [==========>...................] - ETA: 8s - loss: 0.2965
----- stdout -----
147/375 [==========>...................] - ETA: 7s - loss: 0.2965
----- stdout -----
149/375 [==========>...................] - ETA: 7s - loss: 0.2963
----- stdout -----
151/375 [===========>..................] - ETA: 7s - loss: 0.2962
----- stdout -----
153/375 [===========>..................] - ETA: 7s - loss: 0.2962
----- stdout -----
155/375 [===========>..................] - ETA: 7s - loss: 0.2964
----- stdout -----
157/375 [===========>..................] - ETA: 7s - loss: 0.2965
----- stdout -----
159/375 [===========>..................] - ETA: 7s - loss: 0.2965
----- stdout -----
161/375 [===========>..................] - ETA: 7s - loss: 0.2966
----- stdout -----
163/375 [============>.................] - ETA: 7s - loss: 0.2966
----- stdout -----
165/375 [============>.................] - ETA: 7s - loss: 0.2965
----- stdout -----
167/375 [============>.................] - ETA: 7s - loss: 0.2966
----- stdout -----
169/375 [============>.................] - ETA: 7s - loss: 0.2966
----- stdout -----
171/375 [============>.................] - ETA: 7s - loss: 0.2965
----- stdout -----
173/375 [============>.................] - ETA: 7s - loss: 0.2966
----- stdout -----
175/375 [=============>................] - ETA: 6s - loss: 0.2966
----- stdout -----
177/375 [=============>................] - ETA: 6s - loss: 0.2966
----- stdout -----
179/375 [=============>................] - ETA: 6s - loss: 0.2967
----- stdout -----
181/375 [=============>................] - ETA: 6s - loss: 0.2970
----- stdout -----
183/375 [=============>................] - ETA: 6s - loss: 0.2969
----- stdout -----
185/375 [=============>................] - ETA: 6s - loss: 0.2967
----- stdout -----
187/375 [=============>................] - ETA: 6s - loss: 0.2967
----- stdout -----
189/375 [==============>...............] - ETA: 6s - loss: 0.2967
----- stdout -----
191/375 [==============>...............] - ETA: 6s - loss: 0.2966
----- stdout -----
193/375 [==============>...............] - ETA: 6s - loss: 0.2967
----- stdout -----
195/375 [==============>...............] - ETA: 6s - loss: 0.2968
----- stdout -----
197/375 [==============>...............] - ETA: 6s - loss: 0.2967
----- stdout -----
199/375 [==============>...............] - ETA: 6s - loss: 0.2967
----- stdout -----
201/375 [===============>..............] - ETA: 6s - loss: 0.2968
----- stdout -----
203/375 [===============>..............] - ETA: 6s - loss: 0.2967
----- stdout -----
205/375 [===============>..............] - ETA: 5s - loss: 0.2967
----- stdout -----
207/375 [===============>..............] - ETA: 5s - loss: 0.2966
----- stdout -----
209/375 [===============>..............] - ETA: 5s - loss: 0.2966
----- stdout -----
211/375 [===============>..............] - ETA: 5s - loss: 0.2967
----- stdout -----
213/375 [================>.............] - ETA: 5s - loss: 0.2968
----- stdout -----
215/375 [================>.............] - ETA: 5s - loss: 0.2968
----- stdout -----
217/375 [================>.............] - ETA: 5s - loss: 0.2968
----- stdout -----
219/375 [================>.............] - ETA: 5s - loss: 0.2968
----- stdout -----
221/375 [================>.............] - ETA: 5s - loss: 0.2967
----- stdout -----
223/375 [================>.............] - ETA: 5s - loss: 0.2968
----- stdout -----
225/375 [=================>............] - ETA: 5s - loss: 0.2967
----- stdout -----
227/375 [=================>............] - ETA: 5s - loss: 0.2969
----- stdout -----
229/375 [=================>............] - ETA: 5s - loss: 0.2970
----- stdout -----
231/375 [=================>............] - ETA: 5s - loss: 0.2970
----- stdout -----
233/375 [=================>............] - ETA: 4s - loss: 0.2969
----- stdout -----
235/375 [=================>............] - ETA: 4s - loss: 0.2970
----- stdout -----
237/375 [=================>............] - ETA: 4s - loss: 0.2970
----- stdout -----
239/375 [==================>...........] - ETA: 4s - loss: 0.2970
----- stdout -----
241/375 [==================>...........] - ETA: 4s - loss: 0.2971
----- stdout -----
243/375 [==================>...........] - ETA: 4s - loss: 0.2970
----- stdout -----
245/375 [==================>...........] - ETA: 4s - loss: 0.2970
----- stdout -----
247/375 [==================>...........] - ETA: 4s - loss: 0.2970
----- stdout -----
249/375 [==================>...........] - ETA: 4s - loss: 0.2971
----- stdout -----
251/375 [===================>..........] - ETA: 4s - loss: 0.2970
----- stdout -----
253/375 [===================>..........] - ETA: 4s - loss: 0.2969
----- stdout -----
255/375 [===================>..........] - ETA: 4s - loss: 0.2969
----- stdout -----
257/375 [===================>..........] - ETA: 4s - loss: 0.2970
----- stdout -----
259/375 [===================>..........] - ETA: 4s - loss: 0.2970
----- stdout -----
261/375 [===================>..........] - ETA: 3s - loss: 0.2970
----- stdout -----
263/375 [====================>.........] - ETA: 3s - loss: 0.2971
----- stdout -----
265/375 [====================>.........] - ETA: 3s - loss: 0.2970
----- stdout -----
267/375 [====================>.........] - ETA: 3s - loss: 0.2971
----- stdout -----
269/375 [====================>.........] - ETA: 3s - loss: 0.2974
----- stdout -----
271/375 [====================>.........] - ETA: 3s - loss: 0.2976
----- stdout -----
273/375 [====================>.........] - ETA: 3s - loss: 0.2979
----- stdout -----
275/375 [=====================>........] - ETA: 3s - loss: 0.2982
----- stdout -----
277/375 [=====================>........] - ETA: 3s - loss: 0.2985
----- stdout -----
279/375 [=====================>........] - ETA: 3s - loss: 0.2987
----- stdout -----
281/375 [=====================>........] - ETA: 3s - loss: 0.2988
----- stdout -----
283/375 [=====================>........] - ETA: 3s - loss: 0.2989
----- stdout -----
285/375 [=====================>........] - ETA: 3s - loss: 0.2991
----- stdout -----
287/375 [=====================>........] - ETA: 3s - loss: 0.2992
----- stdout -----
289/375 [======================>.......] - ETA: 3s - loss: 0.2992
----- stdout -----
291/375 [======================>.......] - ETA: 2s - loss: 0.2992
----- stdout -----
293/375 [======================>.......] - ETA: 2s - loss: 0.2991
----- stdout -----
295/375 [======================>.......] - ETA: 2s - loss: 0.2991
----- stdout -----
297/375 [======================>.......] - ETA: 2s - loss: 0.2991
----- stdout -----
299/375 [======================>.......] - ETA: 2s - loss: 0.2990
----- stdout -----
301/375 [=======================>......] - ETA: 2s - loss: 0.2990
----- stdout -----
303/375 [=======================>......] - ETA: 2s - loss: 0.2991
----- stdout -----
305/375 [=======================>......] - ETA: 2s - loss: 0.2992
----- stdout -----
307/375 [=======================>......] - ETA: 2s - loss: 0.2991
----- stdout -----
309/375 [=======================>......] - ETA: 2s - loss: 0.2992
----- stdout -----
311/375 [=======================>......] - ETA: 2s - loss: 0.2992
----- stdout -----
313/375 [========================>.....] - ETA: 2s - loss: 0.2993
----- stdout -----
315/375 [========================>.....] - ETA: 2s - loss: 0.2993
----- stdout -----
317/375 [========================>.....] - ETA: 2s - loss: 0.2994
----- stdout -----
319/375 [========================>.....] - ETA: 1s - loss: 0.2992
----- stdout -----
321/375 [========================>.....] - ETA: 1s - loss: 0.2993
----- stdout -----
323/375 [========================>.....] - ETA: 1s - loss: 0.2992
----- stdout -----
325/375 [=========================>....] - ETA: 1s - loss: 0.2992
----- stdout -----
327/375 [=========================>....] - ETA: 1s - loss: 0.2992
----- stdout -----
329/375 [=========================>....] - ETA: 1s - loss: 0.2993
----- stdout -----
331/375 [=========================>....] - ETA: 1s - loss: 0.2993
----- stdout -----
333/375 [=========================>....] - ETA: 1s - loss: 0.2994
----- stdout -----
335/375 [=========================>....] - ETA: 1s - loss: 0.2995
----- stdout -----
337/375 [=========================>....] - ETA: 1s - loss: 0.2995
----- stdout -----
339/375 [==========================>...] - ETA: 1s - loss: 0.2994
----- stdout -----
341/375 [==========================>...] - ETA: 1s - loss: 0.2994
----- stdout -----
343/375 [==========================>...] - ETA: 1s - loss: 0.2995
----- stdout -----
345/375 [==========================>...] - ETA: 1s - loss: 0.2995
----- stdout -----
347/375 [==========================>...] - ETA: 0s - loss: 0.2995
----- stdout -----
349/375 [==========================>...] - ETA: 0s - loss: 0.2995
----- stdout -----
351/375 [===========================>..] - ETA: 0s - loss: 0.2995
----- stdout -----
353/375 [===========================>..] - ETA: 0s - loss: 0.2995
----- stdout -----
355/375 [===========================>..] - ETA: 0s - loss: 0.2995
----- stdout -----
357/375 [===========================>..] - ETA: 0s - loss: 0.2996
----- stdout -----
359/375 [===========================>..] - ETA: 0s - loss: 0.2995
----- stdout -----
361/375 [===========================>..] - ETA: 0s - loss: 0.2995
----- stdout -----
363/375 [============================>.] - ETA: 0s - loss: 0.2994
----- stdout -----
365/375 [============================>.] - ETA: 0s - loss: 0.2994
----- stdout -----
367/375 [============================>.] - ETA: 0s - loss: 0.2994
----- stdout -----
369/375 [============================>.] - ETA: 0s - loss: 0.2994
----- stdout -----
371/375 [============================>.] - ETA: 0s - loss: 0.2995
----- stdout -----
373/375 [============================>.] - ETA: 0s - loss: 0.2994
----- stdout -----
375/375 [==============================] - ETA: 0s - loss: 0.2993
----- stdout -----
375/375 [==============================] - 13s 35ms/step - loss: 0.2993
----- stdout -----
1/1 [==============================] - ETA: 0s
----- stdout -----
1/1 [==============================] - 0s 12ms/step
----- stdout -----

Epoch:  7
----- stdout -----
  1/375 [..............................] - ETA: 14s - loss: 0.3342
----- stdout -----
  3/375 [..............................] - ETA: 13s - loss: 0.3069
----- stdout -----
  5/375 [..............................] - ETA: 12s - loss: 0.2988
----- stdout -----
  7/375 [..............................] - ETA: 12s - loss: 0.2957
----- stdout -----
  9/375 [..............................] - ETA: 12s - loss: 0.2966
----- stdout -----
 11/375 [..............................] - ETA: 12s - loss: 0.2944
----- stdout -----
 13/375 [>.............................] - ETA: 12s - loss: 0.2966
----- stdout -----
 15/375 [>.............................] - ETA: 12s - loss: 0.2965
----- stdout -----
 17/375 [>.............................] - ETA: 12s - loss: 0.2960
----- stdout -----
 19/375 [>.............................] - ETA: 12s - loss: 0.2973
----- stdout -----
 21/375 [>.............................] - ETA: 12s - loss: 0.2971
----- stdout -----
 23/375 [>.............................] - ETA: 12s - loss: 0.2963
----- stdout -----
 25/375 [=>............................] - ETA: 12s - loss: 0.2960
----- stdout -----
 27/375 [=>............................] - ETA: 12s - loss: 0.2953
----- stdout -----
 29/375 [=>............................] - ETA: 12s - loss: 0.2956
----- stdout -----
 31/375 [=>............................] - ETA: 12s - loss: 0.2960
----- stdout -----
 33/375 [=>............................] - ETA: 11s - loss: 0.2964
----- stdout -----
 35/375 [=>............................] - ETA: 11s - loss: 0.2963
----- stdout -----
 37/375 [=>............................] - ETA: 11s - loss: 0.2961
----- stdout -----
 39/375 [==>...........................] - ETA: 11s - loss: 0.2957
----- stdout -----
 41/375 [==>...........................] - ETA: 11s - loss: 0.2958
----- stdout -----
 43/375 [==>...........................] - ETA: 11s - loss: 0.2950
----- stdout -----
 45/375 [==>...........................] - ETA: 11s - loss: 0.2945
----- stdout -----
 47/375 [==>...........................] - ETA: 11s - loss: 0.2944
----- stdout -----
 49/375 [==>...........................] - ETA: 11s - loss: 0.2939
----- stdout -----
 51/375 [===>..........................] - ETA: 11s - loss: 0.2944
----- stdout -----
 53/375 [===>..........................] - ETA: 11s - loss: 0.2940
----- stdout -----
 55/375 [===>..........................] - ETA: 11s - loss: 0.2938
----- stdout -----
 57/375 [===>..........................] - ETA: 11s - loss: 0.2937
----- stdout -----
 59/375 [===>..........................] - ETA: 11s - loss: 0.2931
----- stdout -----
 61/375 [===>..........................] - ETA: 10s - loss: 0.2933
----- stdout -----
 63/375 [====>.........................] - ETA: 10s - loss: 0.2937
----- stdout -----
 65/375 [====>.........................] - ETA: 10s - loss: 0.2941
----- stdout -----
 67/375 [====>.........................] - ETA: 10s - loss: 0.2938
----- stdout -----
 69/375 [====>.........................] - ETA: 10s - loss: 0.2936
----- stdout -----
 71/375 [====>.........................] - ETA: 10s - loss: 0.2936
----- stdout -----
 73/375 [====>.........................] - ETA: 10s - loss: 0.2935
----- stdout -----
 75/375 [=====>........................] - ETA: 10s - loss: 0.2939
----- stdout -----
 77/375 [=====>........................] - ETA: 10s - loss: 0.2946
----- stdout -----
 79/375 [=====>........................] - ETA: 10s - loss: 0.2947
----- stdout -----
 81/375 [=====>........................] - ETA: 10s - loss: 0.2950
----- stdout -----
 83/375 [=====>........................] - ETA: 10s - loss: 0.2951
----- stdout -----
 85/375 [=====>........................] - ETA: 10s - loss: 0.2950
----- stdout -----
 87/375 [=====>........................] - ETA: 10s - loss: 0.2951
----- stdout -----
 89/375 [======>.......................] - ETA: 9s - loss: 0.2952
----- stdout -----
 91/375 [======>.......................] - ETA: 9s - loss: 0.2954
----- stdout -----
 93/375 [======>.......................] - ETA: 9s - loss: 0.2956
----- stdout -----
 95/375 [======>.......................] - ETA: 9s - loss: 0.2952
----- stdout -----
 97/375 [======>.......................] - ETA: 9s - loss: 0.2953
----- stdout -----
 99/375 [======>.......................] - ETA: 9s - loss: 0.2952
----- stdout -----
101/375 [=======>......................] - ETA: 9s - loss: 0.2953
----- stdout -----
103/375 [=======>......................] - ETA: 9s - loss: 0.2952
----- stdout -----
105/375 [=======>......................] - ETA: 9s - loss: 0.2953
----- stdout -----
107/375 [=======>......................] - ETA: 9s - loss: 0.2953
----- stdout -----
109/375 [=======>......................] - ETA: 9s - loss: 0.2952
----- stdout -----
111/375 [=======>......................] - ETA: 9s - loss: 0.2952
----- stdout -----
113/375 [========>.....................] - ETA: 9s - loss: 0.2953
----- stdout -----
115/375 [========>.....................] - ETA: 9s - loss: 0.2956
----- stdout -----
117/375 [========>.....................] - ETA: 9s - loss: 0.2956
----- stdout -----
119/375 [========>.....................] - ETA: 8s - loss: 0.2957
----- stdout -----
121/375 [========>.....................] - ETA: 8s - loss: 0.2958
----- stdout -----
123/375 [========>.....................] - ETA: 8s - loss: 0.2960
----- stdout -----
125/375 [=========>....................] - ETA: 8s - loss: 0.2959
----- stdout -----
127/375 [=========>....................] - ETA: 8s - loss: 0.2960
----- stdout -----
129/375 [=========>....................] - ETA: 8s - loss: 0.2960
----- stdout -----
131/375 [=========>....................] - ETA: 8s - loss: 0.2961
----- stdout -----
133/375 [=========>....................] - ETA: 8s - loss: 0.2960
----- stdout -----
135/375 [=========>....................] - ETA: 8s - loss: 0.2961
----- stdout -----
137/375 [=========>....................] - ETA: 8s - loss: 0.2961
----- stdout -----
139/375 [==========>...................] - ETA: 8s - loss: 0.2961
----- stdout -----
141/375 [==========>...................] - ETA: 8s - loss: 0.2961
----- stdout -----
143/375 [==========>...................] - ETA: 8s - loss: 0.2962
----- stdout -----
145/375 [==========>...................] - ETA: 8s - loss: 0.2961
----- stdout -----
147/375 [==========>...................] - ETA: 7s - loss: 0.2961
----- stdout -----
149/375 [==========>...................] - ETA: 7s - loss: 0.2959
----- stdout -----
151/375 [===========>..................] - ETA: 7s - loss: 0.2959
----- stdout -----
153/375 [===========>..................] - ETA: 7s - loss: 0.2959
----- stdout -----
155/375 [===========>..................] - ETA: 7s - loss: 0.2958
----- stdout -----
157/375 [===========>..................] - ETA: 7s - loss: 0.2957
----- stdout -----
159/375 [===========>..................] - ETA: 7s - loss: 0.2956
----- stdout -----
161/375 [===========>..................] - ETA: 7s - loss: 0.2958
----- stdout -----
163/375 [============>.................] - ETA: 7s - loss: 0.2959
----- stdout -----
165/375 [============>.................] - ETA: 7s - loss: 0.2957
----- stdout -----
167/375 [============>.................] - ETA: 7s - loss: 0.2955
----- stdout -----
169/375 [============>.................] - ETA: 7s - loss: 0.2956
----- stdout -----
171/375 [============>.................] - ETA: 7s - loss: 0.2955
----- stdout -----
173/375 [============>.................] - ETA: 7s - loss: 0.2951
----- stdout -----
175/375 [=============>................] - ETA: 6s - loss: 0.2952
----- stdout -----
177/375 [=============>................] - ETA: 6s - loss: 0.2953
----- stdout -----
179/375 [=============>................] - ETA: 6s - loss: 0.2956
----- stdout -----
181/375 [=============>................] - ETA: 6s - loss: 0.2956
----- stdout -----
183/375 [=============>................] - ETA: 6s - loss: 0.2955
----- stdout -----
185/375 [=============>................] - ETA: 6s - loss: 0.2954
----- stdout -----
187/375 [=============>................] - ETA: 6s - loss: 0.2952
----- stdout -----
189/375 [==============>...............] - ETA: 6s - loss: 0.2953
----- stdout -----
191/375 [==============>...............] - ETA: 6s - loss: 0.2952
----- stdout -----
193/375 [==============>...............] - ETA: 6s - loss: 0.2950
----- stdout -----
195/375 [==============>...............] - ETA: 6s - loss: 0.2950
----- stdout -----
197/375 [==============>...............] - ETA: 6s - loss: 0.2950
----- stdout -----
199/375 [==============>...............] - ETA: 6s - loss: 0.2951
----- stdout -----
201/375 [===============>..............] - ETA: 6s - loss: 0.2951
----- stdout -----
203/375 [===============>..............] - ETA: 6s - loss: 0.2951
----- stdout -----
205/375 [===============>..............] - ETA: 5s - loss: 0.2951
----- stdout -----
207/375 [===============>..............] - ETA: 5s - loss: 0.2948
----- stdout -----
209/375 [===============>..............] - ETA: 5s - loss: 0.2949
----- stdout -----
211/375 [===============>..............] - ETA: 5s - loss: 0.2948
----- stdout -----
213/375 [================>.............] - ETA: 5s - loss: 0.2946
----- stdout -----
215/375 [================>.............] - ETA: 5s - loss: 0.2946
----- stdout -----
217/375 [================>.............] - ETA: 5s - loss: 0.2947
----- stdout -----
219/375 [================>.............] - ETA: 5s - loss: 0.2949
----- stdout -----
221/375 [================>.............] - ETA: 5s - loss: 0.2950
----- stdout -----
223/375 [================>.............] - ETA: 5s - loss: 0.2950
----- stdout -----
225/375 [=================>............] - ETA: 5s - loss: 0.2950
----- stdout -----
227/375 [=================>............] - ETA: 5s - loss: 0.2948
----- stdout -----
229/375 [=================>............] - ETA: 5s - loss: 0.2948
----- stdout -----
231/375 [=================>............] - ETA: 5s - loss: 0.2950
----- stdout -----
233/375 [=================>............] - ETA: 4s - loss: 0.2949
----- stdout -----
235/375 [=================>............] - ETA: 4s - loss: 0.2947
----- stdout -----
237/375 [=================>............] - ETA: 4s - loss: 0.2947
----- stdout -----
239/375 [==================>...........] - ETA: 4s - loss: 0.2948
----- stdout -----
241/375 [==================>...........] - ETA: 4s - loss: 0.2948
----- stdout -----
243/375 [==================>...........] - ETA: 4s - loss: 0.2949
----- stdout -----
245/375 [==================>...........] - ETA: 4s - loss: 0.2950
----- stdout -----
247/375 [==================>...........] - ETA: 4s - loss: 0.2950
----- stdout -----
249/375 [==================>...........] - ETA: 4s - loss: 0.2950
----- stdout -----
251/375 [===================>..........] - ETA: 4s - loss: 0.2949
----- stdout -----
253/375 [===================>..........] - ETA: 4s - loss: 0.2950
----- stdout -----
255/375 [===================>..........] - ETA: 4s - loss: 0.2950
----- stdout -----
257/375 [===================>..........] - ETA: 4s - loss: 0.2950
----- stdout -----
259/375 [===================>..........] - ETA: 4s - loss: 0.2951
----- stdout -----
261/375 [===================>..........] - ETA: 3s - loss: 0.2952
----- stdout -----
263/375 [====================>.........] - ETA: 3s - loss: 0.2950
----- stdout -----
265/375 [====================>.........] - ETA: 3s - loss: 0.2950
----- stdout -----
267/375 [====================>.........] - ETA: 3s - loss: 0.2951
----- stdout -----
269/375 [====================>.........] - ETA: 3s - loss: 0.2950
----- stdout -----
271/375 [====================>.........] - ETA: 3s - loss: 0.2950
----- stdout -----
273/375 [====================>.........] - ETA: 3s - loss: 0.2951
----- stdout -----
275/375 [=====================>........] - ETA: 3s - loss: 0.2950
----- stdout -----
277/375 [=====================>........] - ETA: 3s - loss: 0.2950
----- stdout -----
279/375 [=====================>........] - ETA: 3s - loss: 0.2950
----- stdout -----
281/375 [=====================>........] - ETA: 3s - loss: 0.2951
----- stdout -----
283/375 [=====================>........] - ETA: 3s - loss: 0.2950
----- stdout -----
285/375 [=====================>........] - ETA: 3s - loss: 0.2950
----- stdout -----
287/375 [=====================>........] - ETA: 3s - loss: 0.2950
----- stdout -----
289/375 [======================>.......] - ETA: 3s - loss: 0.2949
----- stdout -----
291/375 [======================>.......] - ETA: 2s - loss: 0.2947
----- stdout -----
293/375 [======================>.......] - ETA: 2s - loss: 0.2948
----- stdout -----
295/375 [======================>.......] - ETA: 2s - loss: 0.2948
----- stdout -----
297/375 [======================>.......] - ETA: 2s - loss: 0.2948
----- stdout -----
299/375 [======================>.......] - ETA: 2s - loss: 0.2948
----- stdout -----
301/375 [=======================>......] - ETA: 2s - loss: 0.2947
----- stdout -----
303/375 [=======================>......] - ETA: 2s - loss: 0.2947
----- stdout -----
305/375 [=======================>......] - ETA: 2s - loss: 0.2948
----- stdout -----
307/375 [=======================>......] - ETA: 2s - loss: 0.2947
----- stdout -----
309/375 [=======================>......] - ETA: 2s - loss: 0.2947
----- stdout -----
311/375 [=======================>......] - ETA: 2s - loss: 0.2947
----- stdout -----
313/375 [========================>.....] - ETA: 2s - loss: 0.2946
----- stdout -----
315/375 [========================>.....] - ETA: 2s - loss: 0.2947
----- stdout -----
317/375 [========================>.....] - ETA: 2s - loss: 0.2946
----- stdout -----
319/375 [========================>.....] - ETA: 1s - loss: 0.2945
----- stdout -----
321/375 [========================>.....] - ETA: 1s - loss: 0.2946
----- stdout -----
323/375 [========================>.....] - ETA: 1s - loss: 0.2945
----- stdout -----
325/375 [=========================>....] - ETA: 1s - loss: 0.2945
----- stdout -----
327/375 [=========================>....] - ETA: 1s - loss: 0.2945
----- stdout -----
329/375 [=========================>....] - ETA: 1s - loss: 0.2946
----- stdout -----
331/375 [=========================>....] - ETA: 1s - loss: 0.2947
----- stdout -----
333/375 [=========================>....] - ETA: 1s - loss: 0.2947
----- stdout -----
335/375 [=========================>....] - ETA: 1s - loss: 0.2948
----- stdout -----
337/375 [=========================>....] - ETA: 1s - loss: 0.2948
----- stdout -----
339/375 [==========================>...] - ETA: 1s - loss: 0.2949
----- stdout -----
341/375 [==========================>...] - ETA: 1s - loss: 0.2949
----- stdout -----
343/375 [==========================>...] - ETA: 1s - loss: 0.2949
----- stdout -----
345/375 [==========================>...] - ETA: 1s - loss: 0.2949
----- stdout -----
347/375 [==========================>...] - ETA: 0s - loss: 0.2950
----- stdout -----
349/375 [==========================>...] - ETA: 0s - loss: 0.2951
----- stdout -----
351/375 [===========================>..] - ETA: 0s - loss: 0.2951
----- stdout -----
353/375 [===========================>..] - ETA: 0s - loss: 0.2950
----- stdout -----
355/375 [===========================>..] - ETA: 0s - loss: 0.2949
----- stdout -----
357/375 [===========================>..] - ETA: 0s - loss: 0.2949
----- stdout -----
359/375 [===========================>..] - ETA: 0s - loss: 0.2949
----- stdout -----
361/375 [===========================>..] - ETA: 0s - loss: 0.2949
----- stdout -----
363/375 [============================>.] - ETA: 0s - loss: 0.2949
----- stdout -----
365/375 [============================>.] - ETA: 0s - loss: 0.2949
----- stdout -----
367/375 [============================>.] - ETA: 0s - loss: 0.2949
----- stdout -----
369/375 [============================>.] - ETA: 0s - loss: 0.2950
----- stdout -----
371/375 [============================>.] - ETA: 0s - loss: 0.2949
----- stdout -----
373/375 [============================>.] - ETA: 0s - loss: 0.2950
----- stdout -----
375/375 [==============================] - ETA: 0s - loss: 0.2951
----- stdout -----
375/375 [==============================] - 13s 35ms/step - loss: 0.2951
----- stdout -----
1/1 [==============================] - ETA: 0s
----- stdout -----
1/1 [==============================] - 0s 12ms/step
----- stdout -----

Epoch:  8
----- stdout -----
  1/375 [..............................] - ETA: 14s - loss: 0.2997
----- stdout -----
  3/375 [..............................] - ETA: 13s - loss: 0.2985
----- stdout -----
  5/375 [..............................] - ETA: 12s - loss: 0.2972
----- stdout -----
  7/375 [..............................] - ETA: 12s - loss: 0.2918
----- stdout -----
  9/375 [..............................] - ETA: 12s - loss: 0.2951
----- stdout -----
 11/375 [..............................] - ETA: 12s - loss: 0.2932
----- stdout -----
 13/375 [>.............................] - ETA: 12s - loss: 0.2911
----- stdout -----
 15/375 [>.............................] - ETA: 12s - loss: 0.2911
----- stdout -----
 17/375 [>.............................] - ETA: 12s - loss: 0.2927
----- stdout -----
 19/375 [>.............................] - ETA: 12s - loss: 0.2938
----- stdout -----
 21/375 [>.............................] - ETA: 12s - loss: 0.2947
----- stdout -----
 23/375 [>.............................] - ETA: 12s - loss: 0.2938
----- stdout -----
 25/375 [=>............................] - ETA: 12s - loss: 0.2938
----- stdout -----
 27/375 [=>............................] - ETA: 12s - loss: 0.2932
----- stdout -----
 29/375 [=>............................] - ETA: 12s - loss: 0.2929
----- stdout -----
 31/375 [=>............................] - ETA: 11s - loss: 0.2933
----- stdout -----
 33/375 [=>............................] - ETA: 11s - loss: 0.2945
----- stdout -----
 35/375 [=>............................] - ETA: 11s - loss: 0.2947
----- stdout -----
 37/375 [=>............................] - ETA: 11s - loss: 0.2949
----- stdout -----
 39/375 [==>...........................] - ETA: 11s - loss: 0.2947
----- stdout -----
 41/375 [==>...........................] - ETA: 11s - loss: 0.2950
----- stdout -----
 43/375 [==>...........................] - ETA: 11s - loss: 0.2949
----- stdout -----
 45/375 [==>...........................] - ETA: 11s - loss: 0.2958
----- stdout -----
 47/375 [==>...........................] - ETA: 11s - loss: 0.2945
----- stdout -----
 49/375 [==>...........................] - ETA: 11s - loss: 0.2948
----- stdout -----
 51/375 [===>..........................] - ETA: 11s - loss: 0.2947
----- stdout -----
 53/375 [===>..........................] - ETA: 11s - loss: 0.2946
----- stdout -----
 55/375 [===>..........................] - ETA: 11s - loss: 0.2944
----- stdout -----
 57/375 [===>..........................] - ETA: 11s - loss: 0.2944
----- stdout -----
 59/375 [===>..........................] - ETA: 11s - loss: 0.2945
----- stdout -----
 61/375 [===>..........................] - ETA: 10s - loss: 0.2942
----- stdout -----
 63/375 [====>.........................] - ETA: 10s - loss: 0.2944
----- stdout -----
 65/375 [====>.........................] - ETA: 10s - loss: 0.2946
----- stdout -----
 67/375 [====>.........................] - ETA: 10s - loss: 0.2948
----- stdout -----
 69/375 [====>.........................] - ETA: 10s - loss: 0.2947
----- stdout -----
 71/375 [====>.........................] - ETA: 10s - loss: 0.2950
----- stdout -----
 73/375 [====>.........................] - ETA: 10s - loss: 0.2947
----- stdout -----
 75/375 [=====>........................] - ETA: 10s - loss: 0.2945
----- stdout -----
 77/375 [=====>........................] - ETA: 10s - loss: 0.2942
----- stdout -----
 79/375 [=====>........................] - ETA: 10s - loss: 0.2941
----- stdout -----
 81/375 [=====>........................] - ETA: 10s - loss: 0.2941
----- stdout -----
 83/375 [=====>........................] - ETA: 10s - loss: 0.2943
----- stdout -----
 85/375 [=====>........................] - ETA: 10s - loss: 0.2945
----- stdout -----
 87/375 [=====>........................] - ETA: 10s - loss: 0.2945
----- stdout -----
 89/375 [======>.......................] - ETA: 9s - loss: 0.2945
----- stdout -----
 91/375 [======>.......................] - ETA: 9s - loss: 0.2946
----- stdout -----
 93/375 [======>.......................] - ETA: 9s - loss: 0.2943
----- stdout -----
 95/375 [======>.......................] - ETA: 9s - loss: 0.2940
----- stdout -----
 97/375 [======>.......................] - ETA: 9s - loss: 0.2941
----- stdout -----
 99/375 [======>.......................] - ETA: 9s - loss: 0.2940
----- stdout -----
101/375 [=======>......................] - ETA: 9s - loss: 0.2941
----- stdout -----
103/375 [=======>......................] - ETA: 9s - loss: 0.2939
----- stdout -----
105/375 [=======>......................] - ETA: 9s - loss: 0.2937
----- stdout -----
107/375 [=======>......................] - ETA: 9s - loss: 0.2936
----- stdout -----
109/375 [=======>......................] - ETA: 9s - loss: 0.2939
----- stdout -----
111/375 [=======>......................] - ETA: 9s - loss: 0.2943
----- stdout -----
113/375 [========>.....................] - ETA: 9s - loss: 0.2945
----- stdout -----
115/375 [========>.....................] - ETA: 9s - loss: 0.2943
----- stdout -----
117/375 [========>.....................] - ETA: 8s - loss: 0.2942
----- stdout -----
119/375 [========>.....................] - ETA: 8s - loss: 0.2943
----- stdout -----
121/375 [========>.....................] - ETA: 8s - loss: 0.2943
----- stdout -----
123/375 [========>.....................] - ETA: 8s - loss: 0.2942
----- stdout -----
125/375 [=========>....................] - ETA: 8s - loss: 0.2941
----- stdout -----
127/375 [=========>....................] - ETA: 8s - loss: 0.2938
----- stdout -----
129/375 [=========>....................] - ETA: 8s - loss: 0.2936
----- stdout -----
131/375 [=========>....................] - ETA: 8s - loss: 0.2935
----- stdout -----
133/375 [=========>....................] - ETA: 8s - loss: 0.2935
----- stdout -----
135/375 [=========>....................] - ETA: 8s - loss: 0.2936
----- stdout -----
137/375 [=========>....................] - ETA: 8s - loss: 0.2935
----- stdout -----
139/375 [==========>...................] - ETA: 8s - loss: 0.2935
----- stdout -----
141/375 [==========>...................] - ETA: 8s - loss: 0.2937
----- stdout -----
143/375 [==========>...................] - ETA: 8s - loss: 0.2936
----- stdout -----
145/375 [==========>...................] - ETA: 8s - loss: 0.2937
----- stdout -----
147/375 [==========>...................] - ETA: 7s - loss: 0.2940
----- stdout -----
149/375 [==========>...................] - ETA: 7s - loss: 0.2941
----- stdout -----
151/375 [===========>..................] - ETA: 7s - loss: 0.2940
----- stdout -----
153/375 [===========>..................] - ETA: 7s - loss: 0.2938
----- stdout -----
155/375 [===========>..................] - ETA: 7s - loss: 0.2938
----- stdout -----
157/375 [===========>..................] - ETA: 7s - loss: 0.2937
----- stdout -----
159/375 [===========>..................] - ETA: 7s - loss: 0.2938
----- stdout -----
161/375 [===========>..................] - ETA: 7s - loss: 0.2938
----- stdout -----
163/375 [============>.................] - ETA: 7s - loss: 0.2943
----- stdout -----
165/375 [============>.................] - ETA: 7s - loss: 0.2946
----- stdout -----
167/375 [============>.................] - ETA: 7s - loss: 0.2950
----- stdout -----
169/375 [============>.................] - ETA: 7s - loss: 0.2951
----- stdout -----
171/375 [============>.................] - ETA: 7s - loss: 0.2953
----- stdout -----
173/375 [============>.................] - ETA: 7s - loss: 0.2953
----- stdout -----
175/375 [=============>................] - ETA: 6s - loss: 0.2956
----- stdout -----
177/375 [=============>................] - ETA: 6s - loss: 0.2956
----- stdout -----
179/375 [=============>................] - ETA: 6s - loss: 0.2957
----- stdout -----
181/375 [=============>................] - ETA: 6s - loss: 0.2958
----- stdout -----
183/375 [=============>................] - ETA: 6s - loss: 0.2957
----- stdout -----
185/375 [=============>................] - ETA: 6s - loss: 0.2958
----- stdout -----
187/375 [=============>................] - ETA: 6s - loss: 0.2958
----- stdout -----
189/375 [==============>...............] - ETA: 6s - loss: 0.2959
----- stdout -----
191/375 [==============>...............] - ETA: 6s - loss: 0.2958
----- stdout -----
193/375 [==============>...............] - ETA: 6s - loss: 0.2957
----- stdout -----
195/375 [==============>...............] - ETA: 6s - loss: 0.2955
----- stdout -----
197/375 [==============>...............] - ETA: 6s - loss: 0.2954
----- stdout -----
199/375 [==============>...............] - ETA: 6s - loss: 0.2954
----- stdout -----
201/375 [===============>..............] - ETA: 6s - loss: 0.2955
----- stdout -----
203/375 [===============>..............] - ETA: 6s - loss: 0.2954
----- stdout -----
205/375 [===============>..............] - ETA: 5s - loss: 0.2953
----- stdout -----
207/375 [===============>..............] - ETA: 5s - loss: 0.2953
----- stdout -----
209/375 [===============>..............] - ETA: 5s - loss: 0.2953
----- stdout -----
211/375 [===============>..............] - ETA: 5s - loss: 0.2954
----- stdout -----
213/375 [================>.............] - ETA: 5s - loss: 0.2953
----- stdout -----
215/375 [================>.............] - ETA: 5s - loss: 0.2951
----- stdout -----
217/375 [================>.............] - ETA: 5s - loss: 0.2951
----- stdout -----
219/375 [================>.............] - ETA: 5s - loss: 0.2952
----- stdout -----
221/375 [================>.............] - ETA: 5s - loss: 0.2951
----- stdout -----
223/375 [================>.............] - ETA: 5s - loss: 0.2952
----- stdout -----
225/375 [=================>............] - ETA: 5s - loss: 0.2952
----- stdout -----
227/375 [=================>............] - ETA: 5s - loss: 0.2951
----- stdout -----
229/375 [=================>............] - ETA: 5s - loss: 0.2952
----- stdout -----
231/375 [=================>............] - ETA: 5s - loss: 0.2952
----- stdout -----
233/375 [=================>............] - ETA: 4s - loss: 0.2951
----- stdout -----
235/375 [=================>............] - ETA: 4s - loss: 0.2952
----- stdout -----
237/375 [=================>............] - ETA: 4s - loss: 0.2952
----- stdout -----
239/375 [==================>...........] - ETA: 4s - loss: 0.2953
----- stdout -----
241/375 [==================>...........] - ETA: 4s - loss: 0.2952
----- stdout -----
243/375 [==================>...........] - ETA: 4s - loss: 0.2952
----- stdout -----
245/375 [==================>...........] - ETA: 4s - loss: 0.2952
----- stdout -----
247/375 [==================>...........] - ETA: 4s - loss: 0.2953
----- stdout -----
249/375 [==================>...........] - ETA: 4s - loss: 0.2952
----- stdout -----
251/375 [===================>..........] - ETA: 4s - loss: 0.2952
----- stdout -----
253/375 [===================>..........] - ETA: 4s - loss: 0.2953
----- stdout -----
255/375 [===================>..........] - ETA: 4s - loss: 0.2952
----- stdout -----
257/375 [===================>..........] - ETA: 4s - loss: 0.2951
----- stdout -----
259/375 [===================>..........] - ETA: 4s - loss: 0.2951
----- stdout -----
261/375 [===================>..........] - ETA: 3s - loss: 0.2950
----- stdout -----
263/375 [====================>.........] - ETA: 3s - loss: 0.2949
----- stdout -----
265/375 [====================>.........] - ETA: 3s - loss: 0.2948
----- stdout -----
267/375 [====================>.........] - ETA: 3s - loss: 0.2948
----- stdout -----
269/375 [====================>.........] - ETA: 3s - loss: 0.2946
----- stdout -----
271/375 [====================>.........] - ETA: 3s - loss: 0.2946
----- stdout -----
273/375 [====================>.........] - ETA: 3s - loss: 0.2945
----- stdout -----
275/375 [=====================>........] - ETA: 3s - loss: 0.2945
----- stdout -----
277/375 [=====================>........] - ETA: 3s - loss: 0.2945
----- stdout -----
279/375 [=====================>........] - ETA: 3s - loss: 0.2945
----- stdout -----
281/375 [=====================>........] - ETA: 3s - loss: 0.2944
----- stdout -----
283/375 [=====================>........] - ETA: 3s - loss: 0.2945
----- stdout -----
285/375 [=====================>........] - ETA: 3s - loss: 0.2945
----- stdout -----
287/375 [=====================>........] - ETA: 3s - loss: 0.2945
----- stdout -----
289/375 [======================>.......] - ETA: 3s - loss: 0.2944
----- stdout -----
291/375 [======================>.......] - ETA: 2s - loss: 0.2944
----- stdout -----
293/375 [======================>.......] - ETA: 2s - loss: 0.2944
----- stdout -----
295/375 [======================>.......] - ETA: 2s - loss: 0.2944
----- stdout -----
297/375 [======================>.......] - ETA: 2s - loss: 0.2943
----- stdout -----
299/375 [======================>.......] - ETA: 2s - loss: 0.2944
----- stdout -----
301/375 [=======================>......] - ETA: 2s - loss: 0.2943
----- stdout -----
303/375 [=======================>......] - ETA: 2s - loss: 0.2943
----- stdout -----
305/375 [=======================>......] - ETA: 2s - loss: 0.2943
----- stdout -----
307/375 [=======================>......] - ETA: 2s - loss: 0.2943
----- stdout -----
309/375 [=======================>......] - ETA: 2s - loss: 0.2943
----- stdout -----
311/375 [=======================>......] - ETA: 2s - loss: 0.2943
----- stdout -----
313/375 [========================>.....] - ETA: 2s - loss: 0.2943
----- stdout -----
315/375 [========================>.....] - ETA: 2s - loss: 0.2943
----- stdout -----
317/375 [========================>.....] - ETA: 2s - loss: 0.2942
----- stdout -----
319/375 [========================>.....] - ETA: 1s - loss: 0.2942
----- stdout -----
321/375 [========================>.....] - ETA: 1s - loss: 0.2941
----- stdout -----
323/375 [========================>.....] - ETA: 1s - loss: 0.2942
----- stdout -----
325/375 [=========================>....] - ETA: 1s - loss: 0.2942
----- stdout -----
327/375 [=========================>....] - ETA: 1s - loss: 0.2943
----- stdout -----
329/375 [=========================>....] - ETA: 1s - loss: 0.2942
----- stdout -----
331/375 [=========================>....] - ETA: 1s - loss: 0.2942
----- stdout -----
333/375 [=========================>....] - ETA: 1s - loss: 0.2942
----- stdout -----
335/375 [=========================>....] - ETA: 1s - loss: 0.2942
----- stdout -----
337/375 [=========================>....] - ETA: 1s - loss: 0.2942
----- stdout -----
339/375 [==========================>...] - ETA: 1s - loss: 0.2941
----- stdout -----
341/375 [==========================>...] - ETA: 1s - loss: 0.2941
----- stdout -----
343/375 [==========================>...] - ETA: 1s - loss: 0.2941
----- stdout -----
345/375 [==========================>...] - ETA: 1s - loss: 0.2941
----- stdout -----
347/375 [==========================>...] - ETA: 0s - loss: 0.2941
----- stdout -----
349/375 [==========================>...] - ETA: 0s - loss: 0.2940
----- stdout -----
351/375 [===========================>..] - ETA: 0s - loss: 0.2940
----- stdout -----
353/375 [===========================>..] - ETA: 0s - loss: 0.2940
----- stdout -----
355/375 [===========================>..] - ETA: 0s - loss: 0.2939
----- stdout -----
357/375 [===========================>..] - ETA: 0s - loss: 0.2939
----- stdout -----
359/375 [===========================>..] - ETA: 0s - loss: 0.2940
----- stdout -----
361/375 [===========================>..] - ETA: 0s - loss: 0.2940
----- stdout -----
363/375 [============================>.] - ETA: 0s - loss: 0.2940
----- stdout -----
365/375 [============================>.] - ETA: 0s - loss: 0.2940
----- stdout -----
367/375 [============================>.] - ETA: 0s - loss: 0.2940
----- stdout -----
369/375 [============================>.] - ETA: 0s - loss: 0.2940
----- stdout -----
371/375 [============================>.] - ETA: 0s - loss: 0.2940
----- stdout -----
373/375 [============================>.] - ETA: 0s - loss: 0.2940
----- stdout -----
375/375 [==============================] - ETA: 0s - loss: 0.2940
----- stdout -----
375/375 [==============================] - 13s 35ms/step - loss: 0.2940
----- stdout -----
1/1 [==============================] - ETA: 0s
----- stdout -----
1/1 [==============================] - 0s 12ms/step
----- stdout -----

Epoch:  9
----- stdout -----
  1/375 [..............................] - ETA: 14s - loss: 0.2831
----- stdout -----
  3/375 [..............................] - ETA: 13s - loss: 0.2910
----- stdout -----
  5/375 [..............................] - ETA: 12s - loss: 0.2965
----- stdout -----
  7/375 [..............................] - ETA: 12s - loss: 0.2930
----- stdout -----
  9/375 [..............................] - ETA: 12s - loss: 0.2950
----- stdout -----
 11/375 [..............................] - ETA: 12s - loss: 0.2950
----- stdout -----
 13/375 [>.............................] - ETA: 12s - loss: 0.2972
----- stdout -----
 15/375 [>.............................] - ETA: 12s - loss: 0.2959
----- stdout -----
 17/375 [>.............................] - ETA: 12s - loss: 0.2955
----- stdout -----
 19/375 [>.............................] - ETA: 12s - loss: 0.2963
----- stdout -----
 21/375 [>.............................] - ETA: 12s - loss: 0.2964
----- stdout -----
 23/375 [>.............................] - ETA: 12s - loss: 0.2976
----- stdout -----
 25/375 [=>............................] - ETA: 12s - loss: 0.2973
----- stdout -----
 27/375 [=>............................] - ETA: 12s - loss: 0.2978
----- stdout -----
 29/375 [=>............................] - ETA: 12s - loss: 0.2978
----- stdout -----
 31/375 [=>............................] - ETA: 12s - loss: 0.2961
----- stdout -----
 33/375 [=>............................] - ETA: 11s - loss: 0.2949
----- stdout -----
 35/375 [=>............................] - ETA: 11s - loss: 0.2942
----- stdout -----
 37/375 [=>............................] - ETA: 11s - loss: 0.2939
----- stdout -----
 39/375 [==>...........................] - ETA: 11s - loss: 0.2938
----- stdout -----
 41/375 [==>...........................] - ETA: 11s - loss: 0.2938
----- stdout -----
 43/375 [==>...........................] - ETA: 11s - loss: 0.2930
----- stdout -----
 45/375 [==>...........................] - ETA: 11s - loss: 0.2929
----- stdout -----
 47/375 [==>...........................] - ETA: 11s - loss: 0.2928
----- stdout -----
 49/375 [==>...........................] - ETA: 11s - loss: 0.2924
----- stdout -----
 51/375 [===>..........................] - ETA: 11s - loss: 0.2922
----- stdout -----
 53/375 [===>..........................] - ETA: 11s - loss: 0.2927
----- stdout -----
 55/375 [===>..........................] - ETA: 11s - loss: 0.2925
----- stdout -----
 57/375 [===>..........................] - ETA: 11s - loss: 0.2922
----- stdout -----
 59/375 [===>..........................] - ETA: 11s - loss: 0.2925
----- stdout -----
 61/375 [===>..........................] - ETA: 10s - loss: 0.2925
----- stdout -----
 63/375 [====>.........................] - ETA: 10s - loss: 0.2926
----- stdout -----
 65/375 [====>.........................] - ETA: 10s - loss: 0.2923
----- stdout -----
 67/375 [====>.........................] - ETA: 10s - loss: 0.2924
----- stdout -----
 69/375 [====>.........................] - ETA: 10s - loss: 0.2926
----- stdout -----
 71/375 [====>.........................] - ETA: 10s - loss: 0.2923
----- stdout -----
 73/375 [====>.........................] - ETA: 10s - loss: 0.2927
----- stdout -----
 75/375 [=====>........................] - ETA: 10s - loss: 0.2927
----- stdout -----
 77/375 [=====>........................] - ETA: 10s - loss: 0.2931
----- stdout -----
 79/375 [=====>........................] - ETA: 10s - loss: 0.2930
----- stdout -----
 81/375 [=====>........................] - ETA: 10s - loss: 0.2933
----- stdout -----
 83/375 [=====>........................] - ETA: 10s - loss: 0.2933
----- stdout -----
 85/375 [=====>........................] - ETA: 10s - loss: 0.2930
----- stdout -----
 87/375 [=====>........................] - ETA: 10s - loss: 0.2926
----- stdout -----
 89/375 [======>.......................] - ETA: 10s - loss: 0.2925
----- stdout -----
 91/375 [======>.......................] - ETA: 9s - loss: 0.2920
----- stdout -----
 93/375 [======>.......................] - ETA: 9s - loss: 0.2916
----- stdout -----
 95/375 [======>.......................] - ETA: 9s - loss: 0.2920
----- stdout -----
 97/375 [======>.......................] - ETA: 9s - loss: 0.2919
----- stdout -----
 99/375 [======>.......................] - ETA: 9s - loss: 0.2919
----- stdout -----
101/375 [=======>......................] - ETA: 9s - loss: 0.2923
----- stdout -----
103/375 [=======>......................] - ETA: 9s - loss: 0.2922
----- stdout -----
105/375 [=======>......................] - ETA: 9s - loss: 0.2922
----- stdout -----
107/375 [=======>......................] - ETA: 9s - loss: 0.2920
----- stdout -----
109/375 [=======>......................] - ETA: 9s - loss: 0.2922
----- stdout -----
111/375 [=======>......................] - ETA: 9s - loss: 0.2921
----- stdout -----
113/375 [========>.....................] - ETA: 9s - loss: 0.2922
----- stdout -----
115/375 [========>.....................] - ETA: 9s - loss: 0.2922
----- stdout -----
117/375 [========>.....................] - ETA: 9s - loss: 0.2923
----- stdout -----
119/375 [========>.....................] - ETA: 8s - loss: 0.2922
----- stdout -----
121/375 [========>.....................] - ETA: 8s - loss: 0.2921
----- stdout -----
123/375 [========>.....................] - ETA: 8s - loss: 0.2919
----- stdout -----
125/375 [=========>....................] - ETA: 8s - loss: 0.2917
----- stdout -----
127/375 [=========>....................] - ETA: 8s - loss: 0.2921
----- stdout -----
129/375 [=========>....................] - ETA: 8s - loss: 0.2921
----- stdout -----
131/375 [=========>....................] - ETA: 8s - loss: 0.2922
----- stdout -----
133/375 [=========>....................] - ETA: 8s - loss: 0.2922
----- stdout -----
135/375 [=========>....................] - ETA: 8s - loss: 0.2921
----- stdout -----
137/375 [=========>....................] - ETA: 8s - loss: 0.2919
----- stdout -----
139/375 [==========>...................] - ETA: 8s - loss: 0.2918
----- stdout -----
141/375 [==========>...................] - ETA: 8s - loss: 0.2918
----- stdout -----
143/375 [==========>...................] - ETA: 8s - loss: 0.2917
----- stdout -----
145/375 [==========>...................] - ETA: 8s - loss: 0.2919
----- stdout -----
147/375 [==========>...................] - ETA: 7s - loss: 0.2917
----- stdout -----
149/375 [==========>...................] - ETA: 7s - loss: 0.2917
----- stdout -----
151/375 [===========>..................] - ETA: 7s - loss: 0.2920
----- stdout -----
153/375 [===========>..................] - ETA: 7s - loss: 0.2921
----- stdout -----
155/375 [===========>..................] - ETA: 7s - loss: 0.2921
----- stdout -----
157/375 [===========>..................] - ETA: 7s - loss: 0.2921
----- stdout -----
159/375 [===========>..................] - ETA: 7s - loss: 0.2921
----- stdout -----
161/375 [===========>..................] - ETA: 7s - loss: 0.2922
----- stdout -----
163/375 [============>.................] - ETA: 7s - loss: 0.2921
----- stdout -----
165/375 [============>.................] - ETA: 7s - loss: 0.2923
----- stdout -----
167/375 [============>.................] - ETA: 7s - loss: 0.2924
----- stdout -----
169/375 [============>.................] - ETA: 7s - loss: 0.2926
----- stdout -----
171/375 [============>.................] - ETA: 7s - loss: 0.2926
----- stdout -----
173/375 [============>.................] - ETA: 7s - loss: 0.2926
----- stdout -----
175/375 [=============>................] - ETA: 6s - loss: 0.2924
----- stdout -----
177/375 [=============>................] - ETA: 6s - loss: 0.2924
----- stdout -----
179/375 [=============>................] - ETA: 6s - loss: 0.2924
----- stdout -----
181/375 [=============>................] - ETA: 6s - loss: 0.2925
----- stdout -----
183/375 [=============>................] - ETA: 6s - loss: 0.2925
----- stdout -----
185/375 [=============>................] - ETA: 6s - loss: 0.2924
----- stdout -----
187/375 [=============>................] - ETA: 6s - loss: 0.2923
----- stdout -----
189/375 [==============>...............] - ETA: 6s - loss: 0.2923
----- stdout -----
191/375 [==============>...............] - ETA: 6s - loss: 0.2923
----- stdout -----
193/375 [==============>...............] - ETA: 6s - loss: 0.2923
----- stdout -----
195/375 [==============>...............] - ETA: 6s - loss: 0.2922
----- stdout -----
197/375 [==============>...............] - ETA: 6s - loss: 0.2921
----- stdout -----
199/375 [==============>...............] - ETA: 6s - loss: 0.2922
----- stdout -----
201/375 [===============>..............] - ETA: 6s - loss: 0.2921
----- stdout -----
203/375 [===============>..............] - ETA: 6s - loss: 0.2921
----- stdout -----
205/375 [===============>..............] - ETA: 5s - loss: 0.2920
----- stdout -----
207/375 [===============>..............] - ETA: 5s - loss: 0.2920
----- stdout -----
209/375 [===============>..............] - ETA: 5s - loss: 0.2918
----- stdout -----
211/375 [===============>..............] - ETA: 5s - loss: 0.2919
----- stdout -----
213/375 [================>.............] - ETA: 5s - loss: 0.2920
----- stdout -----
215/375 [================>.............] - ETA: 5s - loss: 0.2921
----- stdout -----
217/375 [================>.............] - ETA: 5s - loss: 0.2921
----- stdout -----
219/375 [================>.............] - ETA: 5s - loss: 0.2920
----- stdout -----
221/375 [================>.............] - ETA: 5s - loss: 0.2920
----- stdout -----
223/375 [================>.............] - ETA: 5s - loss: 0.2920
----- stdout -----
225/375 [=================>............] - ETA: 5s - loss: 0.2922
----- stdout -----
227/375 [=================>............] - ETA: 5s - loss: 0.2921
----- stdout -----
229/375 [=================>............] - ETA: 5s - loss: 0.2924
----- stdout -----
231/375 [=================>............] - ETA: 5s - loss: 0.2924
----- stdout -----
233/375 [=================>............] - ETA: 4s - loss: 0.2923
----- stdout -----
235/375 [=================>............] - ETA: 4s - loss: 0.2922
----- stdout -----
237/375 [=================>............] - ETA: 4s - loss: 0.2922
----- stdout -----
239/375 [==================>...........] - ETA: 4s - loss: 0.2923
----- stdout -----
241/375 [==================>...........] - ETA: 4s - loss: 0.2924
----- stdout -----
243/375 [==================>...........] - ETA: 4s - loss: 0.2923
----- stdout -----
245/375 [==================>...........] - ETA: 4s - loss: 0.2923
----- stdout -----
247/375 [==================>...........] - ETA: 4s - loss: 0.2924
----- stdout -----
249/375 [==================>...........] - ETA: 4s - loss: 0.2925
----- stdout -----
251/375 [===================>..........] - ETA: 4s - loss: 0.2925
----- stdout -----
253/375 [===================>..........] - ETA: 4s - loss: 0.2925
----- stdout -----
255/375 [===================>..........] - ETA: 4s - loss: 0.2925
----- stdout -----
257/375 [===================>..........] - ETA: 4s - loss: 0.2925
----- stdout -----
259/375 [===================>..........] - ETA: 4s - loss: 0.2923
----- stdout -----
261/375 [===================>..........] - ETA: 3s - loss: 0.2922
----- stdout -----
263/375 [====================>.........] - ETA: 3s - loss: 0.2922
----- stdout -----
265/375 [====================>.........] - ETA: 3s - loss: 0.2922
----- stdout -----
267/375 [====================>.........] - ETA: 3s - loss: 0.2922
----- stdout -----
269/375 [====================>.........] - ETA: 3s - loss: 0.2921
----- stdout -----
271/375 [====================>.........] - ETA: 3s - loss: 0.2921
----- stdout -----
273/375 [====================>.........] - ETA: 3s - loss: 0.2922
----- stdout -----
275/375 [=====================>........] - ETA: 3s - loss: 0.2922
----- stdout -----
277/375 [=====================>........] - ETA: 3s - loss: 0.2922
----- stdout -----
279/375 [=====================>........] - ETA: 3s - loss: 0.2923
----- stdout -----
281/375 [=====================>........] - ETA: 3s - loss: 0.2923
----- stdout -----
283/375 [=====================>........] - ETA: 3s - loss: 0.2922
----- stdout -----
285/375 [=====================>........] - ETA: 3s - loss: 0.2923
----- stdout -----
287/375 [=====================>........] - ETA: 3s - loss: 0.2922
----- stdout -----
289/375 [======================>.......] - ETA: 3s - loss: 0.2922
----- stdout -----
291/375 [======================>.......] - ETA: 2s - loss: 0.2921
----- stdout -----
293/375 [======================>.......] - ETA: 2s - loss: 0.2919
----- stdout -----
295/375 [======================>.......] - ETA: 2s - loss: 0.2918
----- stdout -----
297/375 [======================>.......] - ETA: 2s - loss: 0.2918
----- stdout -----
299/375 [======================>.......] - ETA: 2s - loss: 0.2918
----- stdout -----
301/375 [=======================>......] - ETA: 2s - loss: 0.2917
----- stdout -----
303/375 [=======================>......] - ETA: 2s - loss: 0.2917
----- stdout -----
305/375 [=======================>......] - ETA: 2s - loss: 0.2915
----- stdout -----
307/375 [=======================>......] - ETA: 2s - loss: 0.2916
----- stdout -----
309/375 [=======================>......] - ETA: 2s - loss: 0.2915
----- stdout -----
311/375 [=======================>......] - ETA: 2s - loss: 0.2915
----- stdout -----
313/375 [========================>.....] - ETA: 2s - loss: 0.2914
----- stdout -----
315/375 [========================>.....] - ETA: 2s - loss: 0.2913
----- stdout -----
317/375 [========================>.....] - ETA: 2s - loss: 0.2912
----- stdout -----
319/375 [========================>.....] - ETA: 1s - loss: 0.2912
----- stdout -----
321/375 [========================>.....] - ETA: 1s - loss: 0.2913
----- stdout -----
323/375 [========================>.....] - ETA: 1s - loss: 0.2913
----- stdout -----
325/375 [=========================>....] - ETA: 1s - loss: 0.2913
----- stdout -----
327/375 [=========================>....] - ETA: 1s - loss: 0.2913
----- stdout -----
329/375 [=========================>....] - ETA: 1s - loss: 0.2913
----- stdout -----
331/375 [=========================>....] - ETA: 1s - loss: 0.2913
----- stdout -----
333/375 [=========================>....] - ETA: 1s - loss: 0.2913
----- stdout -----
335/375 [=========================>....] - ETA: 1s - loss: 0.2911
----- stdout -----
337/375 [=========================>....] - ETA: 1s - loss: 0.2910
----- stdout -----
339/375 [==========================>...] - ETA: 1s - loss: 0.2911
----- stdout -----
341/375 [==========================>...] - ETA: 1s - loss: 0.2911
----- stdout -----
343/375 [==========================>...] - ETA: 1s - loss: 0.2912
----- stdout -----
345/375 [==========================>...] - ETA: 1s - loss: 0.2912
----- stdout -----
347/375 [==========================>...] - ETA: 0s - loss: 0.2913
----- stdout -----
349/375 [==========================>...] - ETA: 0s - loss: 0.2913
----- stdout -----
351/375 [===========================>..] - ETA: 0s - loss: 0.2913
----- stdout -----
353/375 [===========================>..] - ETA: 0s - loss: 0.2913
----- stdout -----
355/375 [===========================>..] - ETA: 0s - loss: 0.2913
----- stdout -----
357/375 [===========================>..] - ETA: 0s - loss: 0.2912
----- stdout -----
359/375 [===========================>..] - ETA: 0s - loss: 0.2912
----- stdout -----
361/375 [===========================>..] - ETA: 0s - loss: 0.2912
----- stdout -----
363/375 [============================>.] - ETA: 0s - loss: 0.2912
----- stdout -----
365/375 [============================>.] - ETA: 0s - loss: 0.2911
----- stdout -----
367/375 [============================>.] - ETA: 0s - loss: 0.2911
----- stdout -----
369/375 [============================>.] - ETA: 0s - loss: 0.2911
----- stdout -----
371/375 [============================>.] - ETA: 0s - loss: 0.2910
----- stdout -----
373/375 [============================>.] - ETA: 0s - loss: 0.2911
----- stdout -----
375/375 [==============================] - ETA: 0s - loss: 0.2909
----- stdout -----
375/375 [==============================] - 13s 35ms/step - loss: 0.2909
----- stdout -----
1/1 [==============================] - ETA: 0s
----- stdout -----
1/1 [==============================] - 0s 12ms/step
----- stdout -----

Epoch:  10
----- stdout -----
  1/375 [..............................] - ETA: 14s - loss: 0.2688
----- stdout -----
  3/375 [..............................] - ETA: 13s - loss: 0.2821
----- stdout -----
  5/375 [..............................] - ETA: 12s - loss: 0.2780
----- stdout -----
  7/375 [..............................] - ETA: 12s - loss: 0.2842
----- stdout -----
  9/375 [..............................] - ETA: 12s - loss: 0.2829
----- stdout -----
 11/375 [..............................] - ETA: 12s - loss: 0.2855
----- stdout -----
 13/375 [>.............................] - ETA: 12s - loss: 0.2852
----- stdout -----
 15/375 [>.............................] - ETA: 12s - loss: 0.2850
----- stdout -----
 17/375 [>.............................] - ETA: 12s - loss: 0.2857
----- stdout -----
 19/375 [>.............................] - ETA: 12s - loss: 0.2856
----- stdout -----
 21/375 [>.............................] - ETA: 12s - loss: 0.2872
----- stdout -----
 23/375 [>.............................] - ETA: 12s - loss: 0.2862
----- stdout -----
 25/375 [=>............................] - ETA: 12s - loss: 0.2859
----- stdout -----
 27/375 [=>............................] - ETA: 12s - loss: 0.2864
----- stdout -----
 29/375 [=>............................] - ETA: 12s - loss: 0.2865
----- stdout -----
 31/375 [=>............................] - ETA: 11s - loss: 0.2865
----- stdout -----
 33/375 [=>............................] - ETA: 11s - loss: 0.2863
----- stdout -----
 35/375 [=>............................] - ETA: 11s - loss: 0.2864
----- stdout -----
 37/375 [=>............................] - ETA: 11s - loss: 0.2869
----- stdout -----
 39/375 [==>...........................] - ETA: 11s - loss: 0.2869
----- stdout -----
 41/375 [==>...........................] - ETA: 11s - loss: 0.2856
----- stdout -----
 43/375 [==>...........................] - ETA: 11s - loss: 0.2861
----- stdout -----
 45/375 [==>...........................] - ETA: 11s - loss: 0.2863
----- stdout -----
 47/375 [==>...........................] - ETA: 11s - loss: 0.2862
----- stdout -----
 49/375 [==>...........................] - ETA: 11s - loss: 0.2862
----- stdout -----
 51/375 [===>..........................] - ETA: 11s - loss: 0.2866
----- stdout -----
 53/375 [===>..........................] - ETA: 11s - loss: 0.2868
----- stdout -----
 55/375 [===>..........................] - ETA: 11s - loss: 0.2872
----- stdout -----
 57/375 [===>..........................] - ETA: 11s - loss: 0.2871
----- stdout -----
 59/375 [===>..........................] - ETA: 11s - loss: 0.2868
----- stdout -----
 61/375 [===>..........................] - ETA: 10s - loss: 0.2867
----- stdout -----
 63/375 [====>.........................] - ETA: 10s - loss: 0.2867
----- stdout -----
 65/375 [====>.........................] - ETA: 10s - loss: 0.2863
----- stdout -----
 67/375 [====>.........................] - ETA: 10s - loss: 0.2864
----- stdout -----
 69/375 [====>.........................] - ETA: 10s - loss: 0.2864
----- stdout -----
 71/375 [====>.........................] - ETA: 10s - loss: 0.2867
----- stdout -----
 73/375 [====>.........................] - ETA: 10s - loss: 0.2868
----- stdout -----
 75/375 [=====>........................] - ETA: 10s - loss: 0.2869
----- stdout -----
 77/375 [=====>........................] - ETA: 10s - loss: 0.2871
----- stdout -----
 79/375 [=====>........................] - ETA: 10s - loss: 0.2877
----- stdout -----
 81/375 [=====>........................] - ETA: 10s - loss: 0.2875
----- stdout -----
 83/375 [=====>........................] - ETA: 10s - loss: 0.2876
----- stdout -----
 85/375 [=====>........................] - ETA: 10s - loss: 0.2877
----- stdout -----
 87/375 [=====>........................] - ETA: 10s - loss: 0.2878
----- stdout -----
 89/375 [======>.......................] - ETA: 9s - loss: 0.2880
----- stdout -----
 91/375 [======>.......................] - ETA: 9s - loss: 0.2879
----- stdout -----
 93/375 [======>.......................] - ETA: 9s - loss: 0.2879
----- stdout -----
 95/375 [======>.......................] - ETA: 9s - loss: 0.2879
----- stdout -----
 97/375 [======>.......................] - ETA: 9s - loss: 0.2880
----- stdout -----
 99/375 [======>.......................] - ETA: 9s - loss: 0.2882
----- stdout -----
101/375 [=======>......................] - ETA: 9s - loss: 0.2885
----- stdout -----
103/375 [=======>......................] - ETA: 9s - loss: 0.2887
----- stdout -----
105/375 [=======>......................] - ETA: 9s - loss: 0.2890
----- stdout -----
107/375 [=======>......................] - ETA: 9s - loss: 0.2890
----- stdout -----
109/375 [=======>......................] - ETA: 9s - loss: 0.2889
----- stdout -----
111/375 [=======>......................] - ETA: 9s - loss: 0.2888
----- stdout -----
113/375 [========>.....................] - ETA: 9s - loss: 0.2886
----- stdout -----
115/375 [========>.....................] - ETA: 9s - loss: 0.2887
----- stdout -----
117/375 [========>.....................] - ETA: 8s - loss: 0.2888
----- stdout -----
119/375 [========>.....................] - ETA: 8s - loss: 0.2886
----- stdout -----
121/375 [========>.....................] - ETA: 8s - loss: 0.2886
----- stdout -----
123/375 [========>.....................] - ETA: 8s - loss: 0.2885
----- stdout -----
125/375 [=========>....................] - ETA: 8s - loss: 0.2885
----- stdout -----
127/375 [=========>....................] - ETA: 8s - loss: 0.2886
----- stdout -----
129/375 [=========>....................] - ETA: 8s - loss: 0.2888
----- stdout -----
131/375 [=========>....................] - ETA: 8s - loss: 0.2887
----- stdout -----
133/375 [=========>....................] - ETA: 8s - loss: 0.2884
----- stdout -----
135/375 [=========>....................] - ETA: 8s - loss: 0.2887
----- stdout -----
137/375 [=========>....................] - ETA: 8s - loss: 0.2886
----- stdout -----
139/375 [==========>...................] - ETA: 8s - loss: 0.2888
----- stdout -----
141/375 [==========>...................] - ETA: 8s - loss: 0.2888
----- stdout -----
143/375 [==========>...................] - ETA: 8s - loss: 0.2886
----- stdout -----
145/375 [==========>...................] - ETA: 8s - loss: 0.2887
----- stdout -----
147/375 [==========>...................] - ETA: 7s - loss: 0.2887
----- stdout -----
149/375 [==========>...................] - ETA: 7s - loss: 0.2888
----- stdout -----
151/375 [===========>..................] - ETA: 7s - loss: 0.2886
----- stdout -----
153/375 [===========>..................] - ETA: 7s - loss: 0.2887
----- stdout -----
155/375 [===========>..................] - ETA: 7s - loss: 0.2887
----- stdout -----
157/375 [===========>..................] - ETA: 7s - loss: 0.2886
----- stdout -----
159/375 [===========>..................] - ETA: 7s - loss: 0.2887
----- stdout -----
161/375 [===========>..................] - ETA: 7s - loss: 0.2886
----- stdout -----
163/375 [============>.................] - ETA: 7s - loss: 0.2888
----- stdout -----
165/375 [============>.................] - ETA: 7s - loss: 0.2887
----- stdout -----
167/375 [============>.................] - ETA: 7s - loss: 0.2886
----- stdout -----
169/375 [============>.................] - ETA: 7s - loss: 0.2886
----- stdout -----
171/375 [============>.................] - ETA: 7s - loss: 0.2885
----- stdout -----
173/375 [============>.................] - ETA: 7s - loss: 0.2885
----- stdout -----
175/375 [=============>................] - ETA: 6s - loss: 0.2883
----- stdout -----
177/375 [=============>................] - ETA: 6s - loss: 0.2883
----- stdout -----
179/375 [=============>................] - ETA: 6s - loss: 0.2883
----- stdout -----
181/375 [=============>................] - ETA: 6s - loss: 0.2883
----- stdout -----
183/375 [=============>................] - ETA: 6s - loss: 0.2885
----- stdout -----
185/375 [=============>................] - ETA: 6s - loss: 0.2885
----- stdout -----
187/375 [=============>................] - ETA: 6s - loss: 0.2884
----- stdout -----
189/375 [==============>...............] - ETA: 6s - loss: 0.2886
----- stdout -----
191/375 [==============>...............] - ETA: 6s - loss: 0.2885
----- stdout -----
193/375 [==============>...............] - ETA: 6s - loss: 0.2883
----- stdout -----
195/375 [==============>...............] - ETA: 6s - loss: 0.2884
----- stdout -----
197/375 [==============>...............] - ETA: 6s - loss: 0.2885
----- stdout -----
199/375 [==============>...............] - ETA: 6s - loss: 0.2887
----- stdout -----
201/375 [===============>..............] - ETA: 6s - loss: 0.2889
----- stdout -----
203/375 [===============>..............] - ETA: 6s - loss: 0.2891
----- stdout -----
205/375 [===============>..............] - ETA: 5s - loss: 0.2891
----- stdout -----
207/375 [===============>..............] - ETA: 5s - loss: 0.2892
----- stdout -----
209/375 [===============>..............] - ETA: 5s - loss: 0.2890
----- stdout -----
211/375 [===============>..............] - ETA: 5s - loss: 0.2891
----- stdout -----
213/375 [================>.............] - ETA: 5s - loss: 0.2889
----- stdout -----
215/375 [================>.............] - ETA: 5s - loss: 0.2890
----- stdout -----
217/375 [================>.............] - ETA: 5s - loss: 0.2889
----- stdout -----
219/375 [================>.............] - ETA: 5s - loss: 0.2891
----- stdout -----
221/375 [================>.............] - ETA: 5s - loss: 0.2895
----- stdout -----
223/375 [================>.............] - ETA: 5s - loss: 0.2897
----- stdout -----
225/375 [=================>............] - ETA: 5s - loss: 0.2901
----- stdout -----
227/375 [=================>............] - ETA: 5s - loss: 0.2903
----- stdout -----
229/375 [=================>............] - ETA: 5s - loss: 0.2906
----- stdout -----
231/375 [=================>............] - ETA: 5s - loss: 0.2906
----- stdout -----
233/375 [=================>............] - ETA: 4s - loss: 0.2906
----- stdout -----
235/375 [=================>............] - ETA: 4s - loss: 0.2906
----- stdout -----
237/375 [=================>............] - ETA: 4s - loss: 0.2909
----- stdout -----
239/375 [==================>...........] - ETA: 4s - loss: 0.2909
----- stdout -----
241/375 [==================>...........] - ETA: 4s - loss: 0.2909
----- stdout -----
243/375 [==================>...........] - ETA: 4s - loss: 0.2911
----- stdout -----
245/375 [==================>...........] - ETA: 4s - loss: 0.2911
----- stdout -----
247/375 [==================>...........] - ETA: 4s - loss: 0.2913
----- stdout -----
249/375 [==================>...........] - ETA: 4s - loss: 0.2913
----- stdout -----
251/375 [===================>..........] - ETA: 4s - loss: 0.2915
----- stdout -----
253/375 [===================>..........] - ETA: 4s - loss: 0.2915
----- stdout -----
255/375 [===================>..........] - ETA: 4s - loss: 0.2917
----- stdout -----
257/375 [===================>..........] - ETA: 4s - loss: 0.2915
----- stdout -----
259/375 [===================>..........] - ETA: 4s - loss: 0.2916
----- stdout -----
261/375 [===================>..........] - ETA: 3s - loss: 0.2916
----- stdout -----
263/375 [====================>.........] - ETA: 3s - loss: 0.2917
----- stdout -----
265/375 [====================>.........] - ETA: 3s - loss: 0.2916
----- stdout -----
267/375 [====================>.........] - ETA: 3s - loss: 0.2915
----- stdout -----
269/375 [====================>.........] - ETA: 3s - loss: 0.2916
----- stdout -----
271/375 [====================>.........] - ETA: 3s - loss: 0.2916
----- stdout -----
273/375 [====================>.........] - ETA: 3s - loss: 0.2917
----- stdout -----
275/375 [=====================>........] - ETA: 3s - loss: 0.2916
----- stdout -----
277/375 [=====================>........] - ETA: 3s - loss: 0.2916
----- stdout -----
279/375 [=====================>........] - ETA: 3s - loss: 0.2916
----- stdout -----
281/375 [=====================>........] - ETA: 3s - loss: 0.2915
----- stdout -----
283/375 [=====================>........] - ETA: 3s - loss: 0.2915
----- stdout -----
285/375 [=====================>........] - ETA: 3s - loss: 0.2915
----- stdout -----
287/375 [=====================>........] - ETA: 3s - loss: 0.2914
----- stdout -----
289/375 [======================>.......] - ETA: 3s - loss: 0.2914
----- stdout -----
291/375 [======================>.......] - ETA: 2s - loss: 0.2913
----- stdout -----
293/375 [======================>.......] - ETA: 2s - loss: 0.2914
----- stdout -----
295/375 [======================>.......] - ETA: 2s - loss: 0.2914
----- stdout -----
297/375 [======================>.......] - ETA: 2s - loss: 0.2913
----- stdout -----
299/375 [======================>.......] - ETA: 2s - loss: 0.2912
----- stdout -----
301/375 [=======================>......] - ETA: 2s - loss: 0.2912
----- stdout -----
303/375 [=======================>......] - ETA: 2s - loss: 0.2913
----- stdout -----
305/375 [=======================>......] - ETA: 2s - loss: 0.2912
----- stdout -----
307/375 [=======================>......] - ETA: 2s - loss: 0.2914
----- stdout -----
309/375 [=======================>......] - ETA: 2s - loss: 0.2913
----- stdout -----
311/375 [=======================>......] - ETA: 2s - loss: 0.2913
----- stdout -----
313/375 [========================>.....] - ETA: 2s - loss: 0.2913
----- stdout -----
315/375 [========================>.....] - ETA: 2s - loss: 0.2913
----- stdout -----
317/375 [========================>.....] - ETA: 2s - loss: 0.2913
----- stdout -----
319/375 [========================>.....] - ETA: 1s - loss: 0.2914
----- stdout -----
321/375 [========================>.....] - ETA: 1s - loss: 0.2913
----- stdout -----
323/375 [========================>.....] - ETA: 1s - loss: 0.2913
----- stdout -----
325/375 [=========================>....] - ETA: 1s - loss: 0.2914
----- stdout -----
327/375 [=========================>....] - ETA: 1s - loss: 0.2914
----- stdout -----
329/375 [=========================>....] - ETA: 1s - loss: 0.2914
----- stdout -----
331/375 [=========================>....] - ETA: 1s - loss: 0.2914
----- stdout -----
333/375 [=========================>....] - ETA: 1s - loss: 0.2913
----- stdout -----
335/375 [=========================>....] - ETA: 1s - loss: 0.2912
----- stdout -----
337/375 [=========================>....] - ETA: 1s - loss: 0.2911
----- stdout -----
339/375 [==========================>...] - ETA: 1s - loss: 0.2911
----- stdout -----
341/375 [==========================>...] - ETA: 1s - loss: 0.2911
----- stdout -----
343/375 [==========================>...] - ETA: 1s - loss: 0.2911
----- stdout -----
345/375 [==========================>...] - ETA: 1s - loss: 0.2911
----- stdout -----
347/375 [==========================>...] - ETA: 0s - loss: 0.2911
----- stdout -----
349/375 [==========================>...] - ETA: 0s - loss: 0.2912
----- stdout -----
351/375 [===========================>..] - ETA: 0s - loss: 0.2911
----- stdout -----
353/375 [===========================>..] - ETA: 0s - loss: 0.2912
----- stdout -----
355/375 [===========================>..] - ETA: 0s - loss: 0.2913
----- stdout -----
357/375 [===========================>..] - ETA: 0s - loss: 0.2912
----- stdout -----
359/375 [===========================>..] - ETA: 0s - loss: 0.2911
----- stdout -----
361/375 [===========================>..] - ETA: 0s - loss: 0.2911
----- stdout -----
363/375 [============================>.] - ETA: 0s - loss: 0.2910
----- stdout -----
365/375 [============================>.] - ETA: 0s - loss: 0.2910
----- stdout -----
367/375 [============================>.] - ETA: 0s - loss: 0.2909
----- stdout -----
369/375 [============================>.] - ETA: 0s - loss: 0.2910
----- stdout -----
371/375 [============================>.] - ETA: 0s - loss: 0.2910
----- stdout -----
373/375 [============================>.] - ETA: 0s - loss: 0.2910
----- stdout -----
375/375 [==============================] - ETA: 0s - loss: 0.2910
----- stdout -----
375/375 [==============================] - 13s 35ms/step - loss: 0.2910
----- stdout -----
1/1 [==============================] - ETA: 0s
----- stdout -----
1/1 [==============================] - 0s 11ms/step
----- stdout -----

Epoch:  11
----- stdout -----
  1/375 [..............................] - ETA: 14s - loss: 0.2788
----- stdout -----
  3/375 [..............................] - ETA: 13s - loss: 0.2786
----- stdout -----
  5/375 [..............................] - ETA: 13s - loss: 0.2893
----- stdout -----
  7/375 [..............................] - ETA: 12s - loss: 0.2889
----- stdout -----
  9/375 [..............................] - ETA: 12s - loss: 0.2929
----- stdout -----
 11/375 [..............................] - ETA: 12s - loss: 0.2917
----- stdout -----
 13/375 [>.............................] - ETA: 12s - loss: 0.2925
----- stdout -----
 15/375 [>.............................] - ETA: 12s - loss: 0.2907
----- stdout -----
 17/375 [>.............................] - ETA: 12s - loss: 0.2917
----- stdout -----
 19/375 [>.............................] - ETA: 12s - loss: 0.2911
----- stdout -----
 21/375 [>.............................] - ETA: 12s - loss: 0.2904
----- stdout -----
 23/375 [>.............................] - ETA: 12s - loss: 0.2911
----- stdout -----
 25/375 [=>............................] - ETA: 12s - loss: 0.2915
----- stdout -----
 27/375 [=>............................] - ETA: 12s - loss: 0.2906
----- stdout -----
 29/375 [=>............................] - ETA: 12s - loss: 0.2917
----- stdout -----
 31/375 [=>............................] - ETA: 11s - loss: 0.2913
----- stdout -----
 33/375 [=>............................] - ETA: 11s - loss: 0.2908
----- stdout -----
 35/375 [=>............................] - ETA: 11s - loss: 0.2906
----- stdout -----
 37/375 [=>............................] - ETA: 11s - loss: 0.2892
----- stdout -----
 39/375 [==>...........................] - ETA: 11s - loss: 0.2892
----- stdout -----
 41/375 [==>...........................] - ETA: 11s - loss: 0.2897
----- stdout -----
 43/375 [==>...........................] - ETA: 11s - loss: 0.2903
----- stdout -----
 45/375 [==>...........................] - ETA: 11s - loss: 0.2901
----- stdout -----
 47/375 [==>...........................] - ETA: 11s - loss: 0.2907
----- stdout -----
 49/375 [==>...........................] - ETA: 11s - loss: 0.2911
----- stdout -----
 51/375 [===>..........................] - ETA: 11s - loss: 0.2907
----- stdout -----
 53/375 [===>..........................] - ETA: 11s - loss: 0.2905
----- stdout -----
 55/375 [===>..........................] - ETA: 11s - loss: 0.2903
----- stdout -----
 57/375 [===>..........................] - ETA: 11s - loss: 0.2901
----- stdout -----
 59/375 [===>..........................] - ETA: 11s - loss: 0.2898
----- stdout -----
 61/375 [===>..........................] - ETA: 10s - loss: 0.2898
----- stdout -----
 63/375 [====>.........................] - ETA: 10s - loss: 0.2897
----- stdout -----
 65/375 [====>.........................] - ETA: 10s - loss: 0.2893
----- stdout -----
 67/375 [====>.........................] - ETA: 10s - loss: 0.2890
----- stdout -----
 69/375 [====>.........................] - ETA: 10s - loss: 0.2891
----- stdout -----
 71/375 [====>.........................] - ETA: 10s - loss: 0.2886
----- stdout -----
 73/375 [====>.........................] - ETA: 10s - loss: 0.2884
----- stdout -----
 75/375 [=====>........................] - ETA: 10s - loss: 0.2881
----- stdout -----
 77/375 [=====>........................] - ETA: 10s - loss: 0.2879
----- stdout -----
 79/375 [=====>........................] - ETA: 10s - loss: 0.2880
----- stdout -----
 81/375 [=====>........................] - ETA: 10s - loss: 0.2880
----- stdout -----
 83/375 [=====>........................] - ETA: 10s - loss: 0.2881
----- stdout -----
 85/375 [=====>........................] - ETA: 10s - loss: 0.2888
----- stdout -----
 87/375 [=====>........................] - ETA: 10s - loss: 0.2886
----- stdout -----
 89/375 [======>.......................] - ETA: 10s - loss: 0.2886
----- stdout -----
 91/375 [======>.......................] - ETA: 9s - loss: 0.2883
----- stdout -----
 93/375 [======>.......................] - ETA: 9s - loss: 0.2886
----- stdout -----
 95/375 [======>.......................] - ETA: 9s - loss: 0.2885
----- stdout -----
 97/375 [======>.......................] - ETA: 9s - loss: 0.2881
----- stdout -----
 99/375 [======>.......................] - ETA: 9s - loss: 0.2883
----- stdout -----
101/375 [=======>......................] - ETA: 9s - loss: 0.2883
----- stdout -----
103/375 [=======>......................] - ETA: 9s - loss: 0.2880
----- stdout -----
105/375 [=======>......................] - ETA: 9s - loss: 0.2882
----- stdout -----
107/375 [=======>......................] - ETA: 9s - loss: 0.2880
----- stdout -----
109/375 [=======>......................] - ETA: 9s - loss: 0.2880
----- stdout -----
111/375 [=======>......................] - ETA: 9s - loss: 0.2880
----- stdout -----
113/375 [========>.....................] - ETA: 9s - loss: 0.2881
----- stdout -----
115/375 [========>.....................] - ETA: 9s - loss: 0.2881
----- stdout -----
117/375 [========>.....................] - ETA: 9s - loss: 0.2883
----- stdout -----
119/375 [========>.....................] - ETA: 8s - loss: 0.2885
----- stdout -----
121/375 [========>.....................] - ETA: 8s - loss: 0.2885
----- stdout -----
123/375 [========>.....................] - ETA: 8s - loss: 0.2885
----- stdout -----
125/375 [=========>....................] - ETA: 8s - loss: 0.2888
----- stdout -----
127/375 [=========>....................] - ETA: 8s - loss: 0.2890
----- stdout -----
129/375 [=========>....................] - ETA: 8s - loss: 0.2891
----- stdout -----
131/375 [=========>....................] - ETA: 8s - loss: 0.2888
----- stdout -----
133/375 [=========>....................] - ETA: 8s - loss: 0.2886
----- stdout -----
135/375 [=========>....................] - ETA: 8s - loss: 0.2884
----- stdout -----
137/375 [=========>....................] - ETA: 8s - loss: 0.2885
----- stdout -----
139/375 [==========>...................] - ETA: 8s - loss: 0.2886
----- stdout -----
141/375 [==========>...................] - ETA: 8s - loss: 0.2888
----- stdout -----
143/375 [==========>...................] - ETA: 8s - loss: 0.2889
----- stdout -----
145/375 [==========>...................] - ETA: 8s - loss: 0.2889
----- stdout -----
147/375 [==========>...................] - ETA: 7s - loss: 0.2890
----- stdout -----
149/375 [==========>...................] - ETA: 7s - loss: 0.2888
----- stdout -----
151/375 [===========>..................] - ETA: 7s - loss: 0.2887
----- stdout -----
153/375 [===========>..................] - ETA: 7s - loss: 0.2887
----- stdout -----
155/375 [===========>..................] - ETA: 7s - loss: 0.2888
----- stdout -----
157/375 [===========>..................] - ETA: 7s - loss: 0.2888
----- stdout -----
159/375 [===========>..................] - ETA: 7s - loss: 0.2887
----- stdout -----
161/375 [===========>..................] - ETA: 7s - loss: 0.2887
----- stdout -----
163/375 [============>.................] - ETA: 7s - loss: 0.2888
----- stdout -----
165/375 [============>.................] - ETA: 7s - loss: 0.2887
----- stdout -----
167/375 [============>.................] - ETA: 7s - loss: 0.2886
----- stdout -----
169/375 [============>.................] - ETA: 7s - loss: 0.2887
----- stdout -----
171/375 [============>.................] - ETA: 7s - loss: 0.2888
----- stdout -----
173/375 [============>.................] - ETA: 7s - loss: 0.2887
----- stdout -----
175/375 [=============>................] - ETA: 6s - loss: 0.2888
----- stdout -----
177/375 [=============>................] - ETA: 6s - loss: 0.2886
----- stdout -----
179/375 [=============>................] - ETA: 6s - loss: 0.2886
----- stdout -----
181/375 [=============>................] - ETA: 6s - loss: 0.2886
----- stdout -----
183/375 [=============>................] - ETA: 6s - loss: 0.2887
----- stdout -----
185/375 [=============>................] - ETA: 6s - loss: 0.2886
----- stdout -----
187/375 [=============>................] - ETA: 6s - loss: 0.2885
----- stdout -----
189/375 [==============>...............] - ETA: 6s - loss: 0.2884
----- stdout -----
191/375 [==============>...............] - ETA: 6s - loss: 0.2883
----- stdout -----
193/375 [==============>...............] - ETA: 6s - loss: 0.2884
----- stdout -----
195/375 [==============>...............] - ETA: 6s - loss: 0.2884
----- stdout -----
197/375 [==============>...............] - ETA: 6s - loss: 0.2885
----- stdout -----
199/375 [==============>...............] - ETA: 6s - loss: 0.2884
----- stdout -----
201/375 [===============>..............] - ETA: 6s - loss: 0.2883
----- stdout -----
203/375 [===============>..............] - ETA: 6s - loss: 0.2883
----- stdout -----
205/375 [===============>..............] - ETA: 5s - loss: 0.2882
----- stdout -----
207/375 [===============>..............] - ETA: 5s - loss: 0.2883
----- stdout -----
209/375 [===============>..............] - ETA: 5s - loss: 0.2884
----- stdout -----
211/375 [===============>..............] - ETA: 5s - loss: 0.2884
----- stdout -----
213/375 [================>.............] - ETA: 5s - loss: 0.2882
----- stdout -----
215/375 [================>.............] - ETA: 5s - loss: 0.2881
----- stdout -----
217/375 [================>.............] - ETA: 5s - loss: 0.2882
----- stdout -----
219/375 [================>.............] - ETA: 5s - loss: 0.2879
----- stdout -----
221/375 [================>.............] - ETA: 5s - loss: 0.2879
----- stdout -----
223/375 [================>.............] - ETA: 5s - loss: 0.2880
----- stdout -----
225/375 [=================>............] - ETA: 5s - loss: 0.2881
----- stdout -----
227/375 [=================>............] - ETA: 5s - loss: 0.2881
----- stdout -----
229/375 [=================>............] - ETA: 5s - loss: 0.2880
----- stdout -----
231/375 [=================>............] - ETA: 5s - loss: 0.2879
----- stdout -----
233/375 [=================>............] - ETA: 4s - loss: 0.2880
----- stdout -----
235/375 [=================>............] - ETA: 4s - loss: 0.2879
----- stdout -----
237/375 [=================>............] - ETA: 4s - loss: 0.2880
----- stdout -----
239/375 [==================>...........] - ETA: 4s - loss: 0.2878
----- stdout -----
241/375 [==================>...........] - ETA: 4s - loss: 0.2877
----- stdout -----
243/375 [==================>...........] - ETA: 4s - loss: 0.2877
----- stdout -----
245/375 [==================>...........] - ETA: 4s - loss: 0.2877
----- stdout -----
247/375 [==================>...........] - ETA: 4s - loss: 0.2877
----- stdout -----
249/375 [==================>...........] - ETA: 4s - loss: 0.2878
----- stdout -----
251/375 [===================>..........] - ETA: 4s - loss: 0.2878
----- stdout -----
253/375 [===================>..........] - ETA: 4s - loss: 0.2879
----- stdout -----
255/375 [===================>..........] - ETA: 4s - loss: 0.2879
----- stdout -----
257/375 [===================>..........] - ETA: 4s - loss: 0.2879
----- stdout -----
259/375 [===================>..........] - ETA: 4s - loss: 0.2880
----- stdout -----
261/375 [===================>..........] - ETA: 3s - loss: 0.2880
----- stdout -----
263/375 [====================>.........] - ETA: 3s - loss: 0.2880
----- stdout -----
265/375 [====================>.........] - ETA: 3s - loss: 0.2879
----- stdout -----
267/375 [====================>.........] - ETA: 3s - loss: 0.2879
----- stdout -----
269/375 [====================>.........] - ETA: 3s - loss: 0.2880
----- stdout -----
271/375 [====================>.........] - ETA: 3s - loss: 0.2881
----- stdout -----
273/375 [====================>.........] - ETA: 3s - loss: 0.2880
----- stdout -----
275/375 [=====================>........] - ETA: 3s - loss: 0.2880
----- stdout -----
277/375 [=====================>........] - ETA: 3s - loss: 0.2880
----- stdout -----
279/375 [=====================>........] - ETA: 3s - loss: 0.2880
----- stdout -----
281/375 [=====================>........] - ETA: 3s - loss: 0.2879
----- stdout -----
283/375 [=====================>........] - ETA: 3s - loss: 0.2879
----- stdout -----
285/375 [=====================>........] - ETA: 3s - loss: 0.2878
----- stdout -----
287/375 [=====================>........] - ETA: 3s - loss: 0.2877
----- stdout -----
289/375 [======================>.......] - ETA: 3s - loss: 0.2877
----- stdout -----
291/375 [======================>.......] - ETA: 2s - loss: 0.2877
----- stdout -----
293/375 [======================>.......] - ETA: 2s - loss: 0.2878
----- stdout -----
295/375 [======================>.......] - ETA: 2s - loss: 0.2877
----- stdout -----
297/375 [======================>.......] - ETA: 2s - loss: 0.2879
----- stdout -----
299/375 [======================>.......] - ETA: 2s - loss: 0.2878
----- stdout -----
301/375 [=======================>......] - ETA: 2s - loss: 0.2878
----- stdout -----
303/375 [=======================>......] - ETA: 2s - loss: 0.2879
----- stdout -----
305/375 [=======================>......] - ETA: 2s - loss: 0.2879
----- stdout -----
307/375 [=======================>......] - ETA: 2s - loss: 0.2879
----- stdout -----
309/375 [=======================>......] - ETA: 2s - loss: 0.2880
----- stdout -----
311/375 [=======================>......] - ETA: 2s - loss: 0.2879
----- stdout -----
313/375 [========================>.....] - ETA: 2s - loss: 0.2879
----- stdout -----
315/375 [========================>.....] - ETA: 2s - loss: 0.2879
----- stdout -----
317/375 [========================>.....] - ETA: 2s - loss: 0.2879
----- stdout -----
319/375 [========================>.....] - ETA: 1s - loss: 0.2879
----- stdout -----
321/375 [========================>.....] - ETA: 1s - loss: 0.2880
----- stdout -----
323/375 [========================>.....] - ETA: 1s - loss: 0.2880
----- stdout -----
325/375 [=========================>....] - ETA: 1s - loss: 0.2879
----- stdout -----
327/375 [=========================>....] - ETA: 1s - loss: 0.2879
----- stdout -----
329/375 [=========================>....] - ETA: 1s - loss: 0.2879
----- stdout -----
331/375 [=========================>....] - ETA: 1s - loss: 0.2880
----- stdout -----
333/375 [=========================>....] - ETA: 1s - loss: 0.2880
----- stdout -----
335/375 [=========================>....] - ETA: 1s - loss: 0.2880
----- stdout -----
337/375 [=========================>....] - ETA: 1s - loss: 0.2879
----- stdout -----
339/375 [==========================>...] - ETA: 1s - loss: 0.2879
----- stdout -----
341/375 [==========================>...] - ETA: 1s - loss: 0.2881
----- stdout -----
343/375 [==========================>...] - ETA: 1s - loss: 0.2881
----- stdout -----
345/375 [==========================>...] - ETA: 1s - loss: 0.2882
----- stdout -----
347/375 [==========================>...] - ETA: 0s - loss: 0.2882
----- stdout -----
349/375 [==========================>...] - ETA: 0s - loss: 0.2882
----- stdout -----
351/375 [===========================>..] - ETA: 0s - loss: 0.2882
----- stdout -----
353/375 [===========================>..] - ETA: 0s - loss: 0.2882
----- stdout -----
355/375 [===========================>..] - ETA: 0s - loss: 0.2882
----- stdout -----
357/375 [===========================>..] - ETA: 0s - loss: 0.2882
----- stdout -----
359/375 [===========================>..] - ETA: 0s - loss: 0.2882
----- stdout -----
361/375 [===========================>..] - ETA: 0s - loss: 0.2882
----- stdout -----
363/375 [============================>.] - ETA: 0s - loss: 0.2881
----- stdout -----
365/375 [============================>.] - ETA: 0s - loss: 0.2881
----- stdout -----
367/375 [============================>.] - ETA: 0s - loss: 0.2881
----- stdout -----
369/375 [============================>.] - ETA: 0s - loss: 0.2880
----- stdout -----
371/375 [============================>.] - ETA: 0s - loss: 0.2880
----- stdout -----
373/375 [============================>.] - ETA: 0s - loss: 0.2878
----- stdout -----
375/375 [==============================] - ETA: 0s - loss: 0.2878
----- stdout -----
375/375 [==============================] - 13s 35ms/step - loss: 0.2878
----- stdout -----
1/1 [==============================] - ETA: 0s
----- stdout -----
1/1 [==============================] - 0s 12ms/step
----- stdout -----

Epoch:  12
----- stdout -----
  1/375 [..............................] - ETA: 14s - loss: 0.2788
----- stdout -----
  3/375 [..............................] - ETA: 13s - loss: 0.2780
----- stdout -----
  5/375 [..............................] - ETA: 12s - loss: 0.2861
----- stdout -----
  7/375 [..............................] - ETA: 12s - loss: 0.2868
----- stdout -----
  9/375 [..............................] - ETA: 12s - loss: 0.2865
----- stdout -----
 11/375 [..............................] - ETA: 12s - loss: 0.2851
----- stdout -----
 13/375 [>.............................] - ETA: 12s - loss: 0.2859
----- stdout -----
 15/375 [>.............................] - ETA: 12s - loss: 0.2845
----- stdout -----
 17/375 [>.............................] - ETA: 12s - loss: 0.2834
----- stdout -----
 19/375 [>.............................] - ETA: 12s - loss: 0.2833
----- stdout -----
 21/375 [>.............................] - ETA: 12s - loss: 0.2838
----- stdout -----
 23/375 [>.............................] - ETA: 12s - loss: 0.2836
----- stdout -----
 25/375 [=>............................] - ETA: 12s - loss: 0.2829
----- stdout -----
 27/375 [=>............................] - ETA: 12s - loss: 0.2825
----- stdout -----
 29/375 [=>............................] - ETA: 12s - loss: 0.2819
----- stdout -----
 31/375 [=>............................] - ETA: 12s - loss: 0.2826
----- stdout -----
 33/375 [=>............................] - ETA: 11s - loss: 0.2830
----- stdout -----
 35/375 [=>............................] - ETA: 11s - loss: 0.2823
----- stdout -----
 37/375 [=>............................] - ETA: 11s - loss: 0.2820
----- stdout -----
 39/375 [==>...........................] - ETA: 11s - loss: 0.2815
----- stdout -----
 41/375 [==>...........................] - ETA: 11s - loss: 0.2821
----- stdout -----
 43/375 [==>...........................] - ETA: 11s - loss: 0.2823
----- stdout -----
 45/375 [==>...........................] - ETA: 11s - loss: 0.2832
----- stdout -----
 47/375 [==>...........................] - ETA: 11s - loss: 0.2835
----- stdout -----
 49/375 [==>...........................] - ETA: 11s - loss: 0.2841
----- stdout -----
 51/375 [===>..........................] - ETA: 11s - loss: 0.2838
----- stdout -----
 53/375 [===>..........................] - ETA: 11s - loss: 0.2840
----- stdout -----
 55/375 [===>..........................] - ETA: 11s - loss: 0.2837
----- stdout -----
 57/375 [===>..........................] - ETA: 11s - loss: 0.2832
----- stdout -----
 59/375 [===>..........................] - ETA: 11s - loss: 0.2836
----- stdout -----
 61/375 [===>..........................] - ETA: 10s - loss: 0.2837
----- stdout -----
 63/375 [====>.........................] - ETA: 10s - loss: 0.2838
----- stdout -----
 65/375 [====>.........................] - ETA: 10s - loss: 0.2835
----- stdout -----
 67/375 [====>.........................] - ETA: 10s - loss: 0.2838
----- stdout -----
 69/375 [====>.........................] - ETA: 10s - loss: 0.2840
----- stdout -----
 71/375 [====>.........................] - ETA: 10s - loss: 0.2839
----- stdout -----
 73/375 [====>.........................] - ETA: 10s - loss: 0.2841
----- stdout -----
 75/375 [=====>........................] - ETA: 10s - loss: 0.2841
----- stdout -----
 77/375 [=====>........................] - ETA: 10s - loss: 0.2844
----- stdout -----
 79/375 [=====>........................] - ETA: 10s - loss: 0.2846
----- stdout -----
 81/375 [=====>........................] - ETA: 10s - loss: 0.2848
----- stdout -----
 83/375 [=====>........................] - ETA: 10s - loss: 0.2848
----- stdout -----
 85/375 [=====>........................] - ETA: 10s - loss: 0.2849
----- stdout -----
 87/375 [=====>........................] - ETA: 10s - loss: 0.2847
----- stdout -----
 89/375 [======>.......................] - ETA: 9s - loss: 0.2846
----- stdout -----
 91/375 [======>.......................] - ETA: 9s - loss: 0.2849
----- stdout -----
 93/375 [======>.......................] - ETA: 9s - loss: 0.2848
----- stdout -----
 95/375 [======>.......................] - ETA: 9s - loss: 0.2850
----- stdout -----
 97/375 [======>.......................] - ETA: 9s - loss: 0.2850
----- stdout -----
 99/375 [======>.......................] - ETA: 9s - loss: 0.2849
----- stdout -----
101/375 [=======>......................] - ETA: 9s - loss: 0.2848
----- stdout -----
103/375 [=======>......................] - ETA: 9s - loss: 0.2848
----- stdout -----
105/375 [=======>......................] - ETA: 9s - loss: 0.2849
----- stdout -----
107/375 [=======>......................] - ETA: 9s - loss: 0.2850
----- stdout -----
109/375 [=======>......................] - ETA: 9s - loss: 0.2851
----- stdout -----
111/375 [=======>......................] - ETA: 9s - loss: 0.2855
----- stdout -----
113/375 [========>.....................] - ETA: 9s - loss: 0.2855
----- stdout -----
115/375 [========>.....................] - ETA: 9s - loss: 0.2855
----- stdout -----
117/375 [========>.....................] - ETA: 9s - loss: 0.2856
----- stdout -----
119/375 [========>.....................] - ETA: 8s - loss: 0.2858
----- stdout -----
121/375 [========>.....................] - ETA: 8s - loss: 0.2858
----- stdout -----
123/375 [========>.....................] - ETA: 8s - loss: 0.2859
----- stdout -----
125/375 [=========>....................] - ETA: 8s - loss: 0.2860
----- stdout -----
127/375 [=========>....................] - ETA: 8s - loss: 0.2860
----- stdout -----
129/375 [=========>....................] - ETA: 8s - loss: 0.2860
----- stdout -----
131/375 [=========>....................] - ETA: 8s - loss: 0.2861
----- stdout -----
133/375 [=========>....................] - ETA: 8s - loss: 0.2861
----- stdout -----
135/375 [=========>....................] - ETA: 8s - loss: 0.2864
----- stdout -----
137/375 [=========>....................] - ETA: 8s - loss: 0.2864
----- stdout -----
139/375 [==========>...................] - ETA: 8s - loss: 0.2862
----- stdout -----
141/375 [==========>...................] - ETA: 8s - loss: 0.2862
----- stdout -----
143/375 [==========>...................] - ETA: 8s - loss: 0.2864
----- stdout -----
145/375 [==========>...................] - ETA: 8s - loss: 0.2866
----- stdout -----
147/375 [==========>...................] - ETA: 7s - loss: 0.2865
----- stdout -----
149/375 [==========>...................] - ETA: 7s - loss: 0.2865
----- stdout -----
151/375 [===========>..................] - ETA: 7s - loss: 0.2866
----- stdout -----
153/375 [===========>..................] - ETA: 7s - loss: 0.2863
----- stdout -----
155/375 [===========>..................] - ETA: 7s - loss: 0.2863
----- stdout -----
157/375 [===========>..................] - ETA: 7s - loss: 0.2863
----- stdout -----
159/375 [===========>..................] - ETA: 7s - loss: 0.2865
----- stdout -----
161/375 [===========>..................] - ETA: 7s - loss: 0.2868
----- stdout -----
163/375 [============>.................] - ETA: 7s - loss: 0.2868
----- stdout -----
165/375 [============>.................] - ETA: 7s - loss: 0.2868
----- stdout -----
167/375 [============>.................] - ETA: 7s - loss: 0.2869
----- stdout -----
169/375 [============>.................] - ETA: 7s - loss: 0.2868
----- stdout -----
171/375 [============>.................] - ETA: 7s - loss: 0.2868
----- stdout -----
173/375 [============>.................] - ETA: 7s - loss: 0.2867
----- stdout -----
175/375 [=============>................] - ETA: 6s - loss: 0.2867
----- stdout -----
177/375 [=============>................] - ETA: 6s - loss: 0.2866
----- stdout -----
179/375 [=============>................] - ETA: 6s - loss: 0.2867
----- stdout -----
181/375 [=============>................] - ETA: 6s - loss: 0.2868
----- stdout -----
183/375 [=============>................] - ETA: 6s - loss: 0.2867
----- stdout -----
185/375 [=============>................] - ETA: 6s - loss: 0.2868
----- stdout -----
187/375 [=============>................] - ETA: 6s - loss: 0.2869
----- stdout -----
189/375 [==============>...............] - ETA: 6s - loss: 0.2870
----- stdout -----
191/375 [==============>...............] - ETA: 6s - loss: 0.2869
----- stdout -----
193/375 [==============>...............] - ETA: 6s - loss: 0.2870
----- stdout -----
195/375 [==============>...............] - ETA: 6s - loss: 0.2871
----- stdout -----
197/375 [==============>...............] - ETA: 6s - loss: 0.2870
----- stdout -----
199/375 [==============>...............] - ETA: 6s - loss: 0.2869
----- stdout -----
201/375 [===============>..............] - ETA: 6s - loss: 0.2869
----- stdout -----
203/375 [===============>..............] - ETA: 6s - loss: 0.2869
----- stdout -----
205/375 [===============>..............] - ETA: 5s - loss: 0.2869
----- stdout -----
207/375 [===============>..............] - ETA: 5s - loss: 0.2869
----- stdout -----
209/375 [===============>..............] - ETA: 5s - loss: 0.2869
----- stdout -----
211/375 [===============>..............] - ETA: 5s - loss: 0.2868
----- stdout -----
213/375 [================>.............] - ETA: 5s - loss: 0.2866
----- stdout -----
215/375 [================>.............] - ETA: 5s - loss: 0.2867
----- stdout -----
217/375 [================>.............] - ETA: 5s - loss: 0.2867
----- stdout -----
219/375 [================>.............] - ETA: 5s - loss: 0.2867
----- stdout -----
221/375 [================>.............] - ETA: 5s - loss: 0.2867
----- stdout -----
223/375 [================>.............] - ETA: 5s - loss: 0.2865
----- stdout -----
225/375 [=================>............] - ETA: 5s - loss: 0.2867
----- stdout -----
227/375 [=================>............] - ETA: 5s - loss: 0.2866
----- stdout -----
229/375 [=================>............] - ETA: 5s - loss: 0.2866
----- stdout -----
231/375 [=================>............] - ETA: 5s - loss: 0.2864
----- stdout -----
233/375 [=================>............] - ETA: 4s - loss: 0.2864
----- stdout -----
235/375 [=================>............] - ETA: 4s - loss: 0.2864
----- stdout -----
237/375 [=================>............] - ETA: 4s - loss: 0.2865
----- stdout -----
239/375 [==================>...........] - ETA: 4s - loss: 0.2865
----- stdout -----
241/375 [==================>...........] - ETA: 4s - loss: 0.2865
----- stdout -----
243/375 [==================>...........] - ETA: 4s - loss: 0.2866
----- stdout -----
245/375 [==================>...........] - ETA: 4s - loss: 0.2867
----- stdout -----
247/375 [==================>...........] - ETA: 4s - loss: 0.2867
----- stdout -----
249/375 [==================>...........] - ETA: 4s - loss: 0.2866
----- stdout -----
251/375 [===================>..........] - ETA: 4s - loss: 0.2867
----- stdout -----
253/375 [===================>..........] - ETA: 4s - loss: 0.2866
----- stdout -----
255/375 [===================>..........] - ETA: 4s - loss: 0.2865
----- stdout -----
257/375 [===================>..........] - ETA: 4s - loss: 0.2865
----- stdout -----
259/375 [===================>..........] - ETA: 4s - loss: 0.2865
----- stdout -----
261/375 [===================>..........] - ETA: 3s - loss: 0.2866
----- stdout -----
263/375 [====================>.........] - ETA: 3s - loss: 0.2866
----- stdout -----
265/375 [====================>.........] - ETA: 3s - loss: 0.2866
----- stdout -----
267/375 [====================>.........] - ETA: 3s - loss: 0.2866
----- stdout -----
269/375 [====================>.........] - ETA: 3s - loss: 0.2866
----- stdout -----
271/375 [====================>.........] - ETA: 3s - loss: 0.2866
----- stdout -----
273/375 [====================>.........] - ETA: 3s - loss: 0.2865
----- stdout -----
275/375 [=====================>........] - ETA: 3s - loss: 0.2865
----- stdout -----
277/375 [=====================>........] - ETA: 3s - loss: 0.2866
----- stdout -----
279/375 [=====================>........] - ETA: 3s - loss: 0.2865
----- stdout -----
281/375 [=====================>........] - ETA: 3s - loss: 0.2866
----- stdout -----
283/375 [=====================>........] - ETA: 3s - loss: 0.2867
----- stdout -----
285/375 [=====================>........] - ETA: 3s - loss: 0.2866
----- stdout -----
287/375 [=====================>........] - ETA: 3s - loss: 0.2865
----- stdout -----
289/375 [======================>.......] - ETA: 3s - loss: 0.2864
----- stdout -----
291/375 [======================>.......] - ETA: 2s - loss: 0.2864
----- stdout -----
293/375 [======================>.......] - ETA: 2s - loss: 0.2865
----- stdout -----
295/375 [======================>.......] - ETA: 2s - loss: 0.2865
----- stdout -----
297/375 [======================>.......] - ETA: 2s - loss: 0.2867
----- stdout -----
299/375 [======================>.......] - ETA: 2s - loss: 0.2866
----- stdout -----
301/375 [=======================>......] - ETA: 2s - loss: 0.2867
----- stdout -----
303/375 [=======================>......] - ETA: 2s - loss: 0.2868
----- stdout -----
305/375 [=======================>......] - ETA: 2s - loss: 0.2868
----- stdout -----
307/375 [=======================>......] - ETA: 2s - loss: 0.2867
----- stdout -----
309/375 [=======================>......] - ETA: 2s - loss: 0.2866
----- stdout -----
311/375 [=======================>......] - ETA: 2s - loss: 0.2866
----- stdout -----
313/375 [========================>.....] - ETA: 2s - loss: 0.2867
----- stdout -----
315/375 [========================>.....] - ETA: 2s - loss: 0.2868
----- stdout -----
317/375 [========================>.....] - ETA: 2s - loss: 0.2868
----- stdout -----
319/375 [========================>.....] - ETA: 1s - loss: 0.2869
----- stdout -----
321/375 [========================>.....] - ETA: 1s - loss: 0.2869
----- stdout -----
323/375 [========================>.....] - ETA: 1s - loss: 0.2868
----- stdout -----
325/375 [=========================>....] - ETA: 1s - loss: 0.2868
----- stdout -----
327/375 [=========================>....] - ETA: 1s - loss: 0.2868
----- stdout -----
329/375 [=========================>....] - ETA: 1s - loss: 0.2869
----- stdout -----
331/375 [=========================>....] - ETA: 1s - loss: 0.2868
----- stdout -----
333/375 [=========================>....] - ETA: 1s - loss: 0.2868
----- stdout -----
335/375 [=========================>....] - ETA: 1s - loss: 0.2868
----- stdout -----
337/375 [=========================>....] - ETA: 1s - loss: 0.2867
----- stdout -----
339/375 [==========================>...] - ETA: 1s - loss: 0.2868
----- stdout -----
341/375 [==========================>...] - ETA: 1s - loss: 0.2868
----- stdout -----
343/375 [==========================>...] - ETA: 1s - loss: 0.2869
----- stdout -----
345/375 [==========================>...] - ETA: 1s - loss: 0.2868
----- stdout -----
347/375 [==========================>...] - ETA: 0s - loss: 0.2868
----- stdout -----
349/375 [==========================>...] - ETA: 0s - loss: 0.2868
----- stdout -----
351/375 [===========================>..] - ETA: 0s - loss: 0.2869
----- stdout -----
353/375 [===========================>..] - ETA: 0s - loss: 0.2868
----- stdout -----
355/375 [===========================>..] - ETA: 0s - loss: 0.2868
----- stdout -----
357/375 [===========================>..] - ETA: 0s - loss: 0.2868
----- stdout -----
359/375 [===========================>..] - ETA: 0s - loss: 0.2867
----- stdout -----
361/375 [===========================>..] - ETA: 0s - loss: 0.2868
----- stdout -----
363/375 [============================>.] - ETA: 0s - loss: 0.2867
----- stdout -----
365/375 [============================>.] - ETA: 0s - loss: 0.2866
----- stdout -----
367/375 [============================>.] - ETA: 0s - loss: 0.2865
----- stdout -----
369/375 [============================>.] - ETA: 0s - loss: 0.2864
----- stdout -----
371/375 [============================>.] - ETA: 0s - loss: 0.2864
----- stdout -----
373/375 [============================>.] - ETA: 0s - loss: 0.2865
----- stdout -----
375/375 [==============================] - ETA: 0s - loss: 0.2864
----- stdout -----
375/375 [==============================] - 13s 35ms/step - loss: 0.2864
----- stdout -----
1/1 [==============================] - ETA: 0s
----- stdout -----
1/1 [==============================] - 0s 12ms/step
----- stdout -----

Epoch:  13
----- stdout -----
  1/375 [..............................] - ETA: 14s - loss: 0.2945
----- stdout -----
  3/375 [..............................] - ETA: 13s - loss: 0.2942
----- stdout -----
  5/375 [..............................] - ETA: 12s - loss: 0.2939
----- stdout -----
  7/375 [..............................] - ETA: 12s - loss: 0.2914
----- stdout -----
  9/375 [..............................] - ETA: 12s - loss: 0.2891
----- stdout -----
 11/375 [..............................] - ETA: 12s - loss: 0.2951
----- stdout -----
 13/375 [>.............................] - ETA: 12s - loss: 0.2950
----- stdout -----
 15/375 [>.............................] - ETA: 12s - loss: 0.2994
----- stdout -----
 17/375 [>.............................] - ETA: 12s - loss: 0.3007
----- stdout -----
 19/375 [>.............................] - ETA: 12s - loss: 0.3029
----- stdout -----
 21/375 [>.............................] - ETA: 12s - loss: 0.3027
----- stdout -----
 23/375 [>.............................] - ETA: 12s - loss: 0.3021
----- stdout -----
 25/375 [=>............................] - ETA: 12s - loss: 0.3008
----- stdout -----
 27/375 [=>............................] - ETA: 12s - loss: 0.3016
----- stdout -----
 29/375 [=>............................] - ETA: 12s - loss: 0.3005
----- stdout -----
 31/375 [=>............................] - ETA: 12s - loss: 0.2999
----- stdout -----
 33/375 [=>............................] - ETA: 11s - loss: 0.2996
----- stdout -----
 35/375 [=>............................] - ETA: 11s - loss: 0.2990
----- stdout -----
 37/375 [=>............................] - ETA: 11s - loss: 0.2991
----- stdout -----
 39/375 [==>...........................] - ETA: 11s - loss: 0.2982
----- stdout -----
 41/375 [==>...........................] - ETA: 11s - loss: 0.2982
----- stdout -----
 43/375 [==>...........................] - ETA: 11s - loss: 0.2977
----- stdout -----
 45/375 [==>...........................] - ETA: 11s - loss: 0.2966
----- stdout -----
 47/375 [==>...........................] - ETA: 11s - loss: 0.2966
----- stdout -----
 49/375 [==>...........................] - ETA: 11s - loss: 0.2967
----- stdout -----
 51/375 [===>..........................] - ETA: 11s - loss: 0.2957
----- stdout -----
 53/375 [===>..........................] - ETA: 11s - loss: 0.2956
----- stdout -----
 55/375 [===>..........................] - ETA: 11s - loss: 0.2953
----- stdout -----
 57/375 [===>..........................] - ETA: 11s - loss: 0.2948
----- stdout -----
 59/375 [===>..........................] - ETA: 11s - loss: 0.2941
----- stdout -----
 61/375 [===>..........................] - ETA: 11s - loss: 0.2942
----- stdout -----
 63/375 [====>.........................] - ETA: 10s - loss: 0.2941
----- stdout -----
 65/375 [====>.........................] - ETA: 10s - loss: 0.2933
----- stdout -----
 67/375 [====>.........................] - ETA: 10s - loss: 0.2934
----- stdout -----
 69/375 [====>.........................] - ETA: 10s - loss: 0.2932
----- stdout -----
 71/375 [====>.........................] - ETA: 10s - loss: 0.2935
----- stdout -----
 73/375 [====>.........................] - ETA: 10s - loss: 0.2929
----- stdout -----
 75/375 [=====>........................] - ETA: 10s - loss: 0.2926
----- stdout -----
 77/375 [=====>........................] - ETA: 10s - loss: 0.2926
----- stdout -----
 79/375 [=====>........................] - ETA: 10s - loss: 0.2920
----- stdout -----
 81/375 [=====>........................] - ETA: 10s - loss: 0.2923
----- stdout -----
 83/375 [=====>........................] - ETA: 10s - loss: 0.2920
----- stdout -----
 85/375 [=====>........................] - ETA: 10s - loss: 0.2921
----- stdout -----
 87/375 [=====>........................] - ETA: 10s - loss: 0.2920
----- stdout -----
 89/375 [======>.......................] - ETA: 10s - loss: 0.2920
----- stdout -----
 91/375 [======>.......................] - ETA: 9s - loss: 0.2921
----- stdout -----
 93/375 [======>.......................] - ETA: 9s - loss: 0.2922
----- stdout -----
 95/375 [======>.......................] - ETA: 9s - loss: 0.2922
----- stdout -----
 97/375 [======>.......................] - ETA: 9s - loss: 0.2920
----- stdout -----
 99/375 [======>.......................] - ETA: 9s - loss: 0.2919
----- stdout -----
101/375 [=======>......................] - ETA: 9s - loss: 0.2916
----- stdout -----
103/375 [=======>......................] - ETA: 9s - loss: 0.2914
----- stdout -----
105/375 [=======>......................] - ETA: 9s - loss: 0.2913
----- stdout -----
107/375 [=======>......................] - ETA: 9s - loss: 0.2914
----- stdout -----
109/375 [=======>......................] - ETA: 9s - loss: 0.2914
----- stdout -----
111/375 [=======>......................] - ETA: 9s - loss: 0.2918
----- stdout -----
113/375 [========>.....................] - ETA: 9s - loss: 0.2915
----- stdout -----
115/375 [========>.....................] - ETA: 9s - loss: 0.2914
----- stdout -----
117/375 [========>.....................] - ETA: 9s - loss: 0.2913
----- stdout -----
119/375 [========>.....................] - ETA: 8s - loss: 0.2914
----- stdout -----
121/375 [========>.....................] - ETA: 8s - loss: 0.2913
----- stdout -----
123/375 [========>.....................] - ETA: 8s - loss: 0.2913
----- stdout -----
125/375 [=========>....................] - ETA: 8s - loss: 0.2909
----- stdout -----
127/375 [=========>....................] - ETA: 8s - loss: 0.2908
----- stdout -----
129/375 [=========>....................] - ETA: 8s - loss: 0.2906
----- stdout -----
131/375 [=========>....................] - ETA: 8s - loss: 0.2905
----- stdout -----
133/375 [=========>....................] - ETA: 8s - loss: 0.2903
----- stdout -----
135/375 [=========>....................] - ETA: 8s - loss: 0.2902
----- stdout -----
137/375 [=========>....................] - ETA: 8s - loss: 0.2899
----- stdout -----
139/375 [==========>...................] - ETA: 8s - loss: 0.2897
----- stdout -----
141/375 [==========>...................] - ETA: 8s - loss: 0.2897
----- stdout -----
143/375 [==========>...................] - ETA: 8s - loss: 0.2897
----- stdout -----
145/375 [==========>...................] - ETA: 8s - loss: 0.2896
----- stdout -----
147/375 [==========>...................] - ETA: 7s - loss: 0.2896
----- stdout -----
149/375 [==========>...................] - ETA: 7s - loss: 0.2897
----- stdout -----
151/375 [===========>..................] - ETA: 7s - loss: 0.2896
----- stdout -----
153/375 [===========>..................] - ETA: 7s - loss: 0.2898
----- stdout -----
155/375 [===========>..................] - ETA: 7s - loss: 0.2897
----- stdout -----
157/375 [===========>..................] - ETA: 7s - loss: 0.2896
----- stdout -----
159/375 [===========>..................] - ETA: 7s - loss: 0.2895
----- stdout -----
161/375 [===========>..................] - ETA: 7s - loss: 0.2894
----- stdout -----
163/375 [============>.................] - ETA: 7s - loss: 0.2893
----- stdout -----
165/375 [============>.................] - ETA: 7s - loss: 0.2897
----- stdout -----
167/375 [============>.................] - ETA: 7s - loss: 0.2895
----- stdout -----
169/375 [============>.................] - ETA: 7s - loss: 0.2893
----- stdout -----
171/375 [============>.................] - ETA: 7s - loss: 0.2894
----- stdout -----
173/375 [============>.................] - ETA: 7s - loss: 0.2892
----- stdout -----
175/375 [=============>................] - ETA: 6s - loss: 0.2892
----- stdout -----
177/375 [=============>................] - ETA: 6s - loss: 0.2891
----- stdout -----
179/375 [=============>................] - ETA: 6s - loss: 0.2892
----- stdout -----
181/375 [=============>................] - ETA: 6s - loss: 0.2892
----- stdout -----
183/375 [=============>................] - ETA: 6s - loss: 0.2891
----- stdout -----
185/375 [=============>................] - ETA: 6s - loss: 0.2889
----- stdout -----
187/375 [=============>................] - ETA: 6s - loss: 0.2889
----- stdout -----
189/375 [==============>...............] - ETA: 6s - loss: 0.2887
----- stdout -----
191/375 [==============>...............] - ETA: 6s - loss: 0.2886
----- stdout -----
193/375 [==============>...............] - ETA: 6s - loss: 0.2885
----- stdout -----
195/375 [==============>...............] - ETA: 6s - loss: 0.2885
----- stdout -----
197/375 [==============>...............] - ETA: 6s - loss: 0.2884
----- stdout -----
199/375 [==============>...............] - ETA: 6s - loss: 0.2883
----- stdout -----
201/375 [===============>..............] - ETA: 6s - loss: 0.2883
----- stdout -----
203/375 [===============>..............] - ETA: 6s - loss: 0.2884
----- stdout -----
205/375 [===============>..............] - ETA: 5s - loss: 0.2883
----- stdout -----
207/375 [===============>..............] - ETA: 5s - loss: 0.2880
----- stdout -----
209/375 [===============>..............] - ETA: 5s - loss: 0.2879
----- stdout -----
211/375 [===============>..............] - ETA: 5s - loss: 0.2878
----- stdout -----
213/375 [================>.............] - ETA: 5s - loss: 0.2878
----- stdout -----
215/375 [================>.............] - ETA: 5s - loss: 0.2878
----- stdout -----
217/375 [================>.............] - ETA: 5s - loss: 0.2877
----- stdout -----
219/375 [================>.............] - ETA: 5s - loss: 0.2877
----- stdout -----
221/375 [================>.............] - ETA: 5s - loss: 0.2877
----- stdout -----
223/375 [================>.............] - ETA: 5s - loss: 0.2875
----- stdout -----
225/375 [=================>............] - ETA: 5s - loss: 0.2875
----- stdout -----
227/375 [=================>............] - ETA: 5s - loss: 0.2873
----- stdout -----
229/375 [=================>............] - ETA: 5s - loss: 0.2874
----- stdout -----
231/375 [=================>............] - ETA: 5s - loss: 0.2873
----- stdout -----
233/375 [=================>............] - ETA: 4s - loss: 0.2872
----- stdout -----
235/375 [=================>............] - ETA: 4s - loss: 0.2872
----- stdout -----
237/375 [=================>............] - ETA: 4s - loss: 0.2871
----- stdout -----
239/375 [==================>...........] - ETA: 4s - loss: 0.2870
----- stdout -----
241/375 [==================>...........] - ETA: 4s - loss: 0.2869
----- stdout -----
243/375 [==================>...........] - ETA: 4s - loss: 0.2869
----- stdout -----
245/375 [==================>...........] - ETA: 4s - loss: 0.2869
----- stdout -----
247/375 [==================>...........] - ETA: 4s - loss: 0.2870
----- stdout -----
249/375 [==================>...........] - ETA: 4s - loss: 0.2869
----- stdout -----
251/375 [===================>..........] - ETA: 4s - loss: 0.2870
----- stdout -----
253/375 [===================>..........] - ETA: 4s - loss: 0.2871
----- stdout -----
255/375 [===================>..........] - ETA: 4s - loss: 0.2871
----- stdout -----
257/375 [===================>..........] - ETA: 4s - loss: 0.2872
----- stdout -----
259/375 [===================>..........] - ETA: 4s - loss: 0.2872
----- stdout -----
261/375 [===================>..........] - ETA: 3s - loss: 0.2872
----- stdout -----
263/375 [====================>.........] - ETA: 3s - loss: 0.2872
----- stdout -----
265/375 [====================>.........] - ETA: 3s - loss: 0.2872
----- stdout -----
267/375 [====================>.........] - ETA: 3s - loss: 0.2872
----- stdout -----
269/375 [====================>.........] - ETA: 3s - loss: 0.2871
----- stdout -----
271/375 [====================>.........] - ETA: 3s - loss: 0.2870
----- stdout -----
273/375 [====================>.........] - ETA: 3s - loss: 0.2869
----- stdout -----
275/375 [=====================>........] - ETA: 3s - loss: 0.2870
----- stdout -----
277/375 [=====================>........] - ETA: 3s - loss: 0.2869
----- stdout -----
279/375 [=====================>........] - ETA: 3s - loss: 0.2870
----- stdout -----
281/375 [=====================>........] - ETA: 3s - loss: 0.2870
----- stdout -----
283/375 [=====================>........] - ETA: 3s - loss: 0.2870
----- stdout -----
285/375 [=====================>........] - ETA: 3s - loss: 0.2870
----- stdout -----
287/375 [=====================>........] - ETA: 3s - loss: 0.2870
----- stdout -----
289/375 [======================>.......] - ETA: 3s - loss: 0.2870
----- stdout -----
291/375 [======================>.......] - ETA: 2s - loss: 0.2869
----- stdout -----
293/375 [======================>.......] - ETA: 2s - loss: 0.2868
----- stdout -----
295/375 [======================>.......] - ETA: 2s - loss: 0.2868
----- stdout -----
297/375 [======================>.......] - ETA: 2s - loss: 0.2868
----- stdout -----
299/375 [======================>.......] - ETA: 2s - loss: 0.2869
----- stdout -----
301/375 [=======================>......] - ETA: 2s - loss: 0.2869
----- stdout -----
303/375 [=======================>......] - ETA: 2s - loss: 0.2868
----- stdout -----
305/375 [=======================>......] - ETA: 2s - loss: 0.2868
----- stdout -----
307/375 [=======================>......] - ETA: 2s - loss: 0.2869
----- stdout -----
309/375 [=======================>......] - ETA: 2s - loss: 0.2869
----- stdout -----
311/375 [=======================>......] - ETA: 2s - loss: 0.2868
----- stdout -----
313/375 [========================>.....] - ETA: 2s - loss: 0.2869
----- stdout -----
315/375 [========================>.....] - ETA: 2s - loss: 0.2868
----- stdout -----
317/375 [========================>.....] - ETA: 2s - loss: 0.2868
----- stdout -----
319/375 [========================>.....] - ETA: 1s - loss: 0.2868
----- stdout -----
321/375 [========================>.....] - ETA: 1s - loss: 0.2866
----- stdout -----
323/375 [========================>.....] - ETA: 1s - loss: 0.2865
----- stdout -----
325/375 [=========================>....] - ETA: 1s - loss: 0.2867
----- stdout -----
327/375 [=========================>....] - ETA: 1s - loss: 0.2866
----- stdout -----
329/375 [=========================>....] - ETA: 1s - loss: 0.2867
----- stdout -----
331/375 [=========================>....] - ETA: 1s - loss: 0.2867
----- stdout -----
333/375 [=========================>....] - ETA: 1s - loss: 0.2867
----- stdout -----
335/375 [=========================>....] - ETA: 1s - loss: 0.2867
----- stdout -----
337/375 [=========================>....] - ETA: 1s - loss: 0.2866
----- stdout -----
339/375 [==========================>...] - ETA: 1s - loss: 0.2865
----- stdout -----
341/375 [==========================>...] - ETA: 1s - loss: 0.2865
----- stdout -----
343/375 [==========================>...] - ETA: 1s - loss: 0.2864
----- stdout -----
345/375 [==========================>...] - ETA: 1s - loss: 0.2864
----- stdout -----
347/375 [==========================>...] - ETA: 0s - loss: 0.2865
----- stdout -----
349/375 [==========================>...] - ETA: 0s - loss: 0.2865
----- stdout -----
351/375 [===========================>..] - ETA: 0s - loss: 0.2865
----- stdout -----
353/375 [===========================>..] - ETA: 0s - loss: 0.2865
----- stdout -----
355/375 [===========================>..] - ETA: 0s - loss: 0.2864
----- stdout -----
357/375 [===========================>..] - ETA: 0s - loss: 0.2865
----- stdout -----
359/375 [===========================>..] - ETA: 0s - loss: 0.2865
----- stdout -----
361/375 [===========================>..] - ETA: 0s - loss: 0.2865
----- stdout -----
363/375 [============================>.] - ETA: 0s - loss: 0.2866
----- stdout -----
365/375 [============================>.] - ETA: 0s - loss: 0.2866
----- stdout -----
367/375 [============================>.] - ETA: 0s - loss: 0.2866
----- stdout -----
369/375 [============================>.] - ETA: 0s - loss: 0.2867
----- stdout -----
371/375 [============================>.] - ETA: 0s - loss: 0.2866
----- stdout -----
373/375 [============================>.] - ETA: 0s - loss: 0.2867
----- stdout -----
375/375 [==============================] - ETA: 0s - loss: 0.2866
----- stdout -----
375/375 [==============================] - 13s 35ms/step - loss: 0.2866
----- stdout -----
1/1 [==============================] - ETA: 0s
----- stdout -----
1/1 [==============================] - 0s 12ms/step
----- stdout -----

Epoch:  14
----- stdout -----
  1/375 [..............................] - ETA: 14s - loss: 0.2788
----- stdout -----
  3/375 [..............................] - ETA: 12s - loss: 0.2878
----- stdout -----
  5/375 [..............................] - ETA: 12s - loss: 0.2848
----- stdout -----
  7/375 [..............................] - ETA: 12s - loss: 0.2823
----- stdout -----
  9/375 [..............................] - ETA: 12s - loss: 0.2804
----- stdout -----
 11/375 [..............................] - ETA: 12s - loss: 0.2812
----- stdout -----
 13/375 [>.............................] - ETA: 12s - loss: 0.2803
----- stdout -----
 15/375 [>.............................] - ETA: 12s - loss: 0.2799
----- stdout -----
 17/375 [>.............................] - ETA: 12s - loss: 0.2809
----- stdout -----
 19/375 [>.............................] - ETA: 12s - loss: 0.2809
----- stdout -----
 21/375 [>.............................] - ETA: 12s - loss: 0.2809
----- stdout -----
 23/375 [>.............................] - ETA: 12s - loss: 0.2816
----- stdout -----
 25/375 [=>............................] - ETA: 12s - loss: 0.2824
----- stdout -----
 27/375 [=>............................] - ETA: 12s - loss: 0.2833
----- stdout -----
 29/375 [=>............................] - ETA: 12s - loss: 0.2834
----- stdout -----
 31/375 [=>............................] - ETA: 11s - loss: 0.2829
----- stdout -----
 33/375 [=>............................] - ETA: 11s - loss: 0.2826
----- stdout -----
 35/375 [=>............................] - ETA: 11s - loss: 0.2837
----- stdout -----
 37/375 [=>............................] - ETA: 11s - loss: 0.2832
----- stdout -----
 39/375 [==>...........................] - ETA: 11s - loss: 0.2837
----- stdout -----
 41/375 [==>...........................] - ETA: 11s - loss: 0.2841
----- stdout -----
 43/375 [==>...........................] - ETA: 11s - loss: 0.2839
----- stdout -----
 45/375 [==>...........................] - ETA: 11s - loss: 0.2831
----- stdout -----
 47/375 [==>...........................] - ETA: 11s - loss: 0.2834
----- stdout -----
 49/375 [==>...........................] - ETA: 11s - loss: 0.2829
----- stdout -----
 51/375 [===>..........................] - ETA: 11s - loss: 0.2828
----- stdout -----
 53/375 [===>..........................] - ETA: 11s - loss: 0.2833
----- stdout -----
 55/375 [===>..........................] - ETA: 11s - loss: 0.2836
----- stdout -----
 57/375 [===>..........................] - ETA: 11s - loss: 0.2844
----- stdout -----
 59/375 [===>..........................] - ETA: 11s - loss: 0.2845
----- stdout -----
 61/375 [===>..........................] - ETA: 10s - loss: 0.2843
----- stdout -----
 63/375 [====>.........................] - ETA: 10s - loss: 0.2846
----- stdout -----
 65/375 [====>.........................] - ETA: 10s - loss: 0.2843
----- stdout -----
 67/375 [====>.........................] - ETA: 10s - loss: 0.2840
----- stdout -----
 69/375 [====>.........................] - ETA: 10s - loss: 0.2838
----- stdout -----
 71/375 [====>.........................] - ETA: 10s - loss: 0.2839
----- stdout -----
 73/375 [====>.........................] - ETA: 10s - loss: 0.2837
----- stdout -----
 75/375 [=====>........................] - ETA: 10s - loss: 0.2837
----- stdout -----
 77/375 [=====>........................] - ETA: 10s - loss: 0.2836
----- stdout -----
 79/375 [=====>........................] - ETA: 10s - loss: 0.2841
----- stdout -----
 81/375 [=====>........................] - ETA: 10s - loss: 0.2845
----- stdout -----
 83/375 [=====>........................] - ETA: 10s - loss: 0.2845
----- stdout -----
 85/375 [=====>........................] - ETA: 10s - loss: 0.2846
----- stdout -----
 87/375 [=====>........................] - ETA: 10s - loss: 0.2848
----- stdout -----
 89/375 [======>.......................] - ETA: 9s - loss: 0.2849
----- stdout -----
 91/375 [======>.......................] - ETA: 9s - loss: 0.2849
----- stdout -----
 93/375 [======>.......................] - ETA: 9s - loss: 0.2851
----- stdout -----
 95/375 [======>.......................] - ETA: 9s - loss: 0.2848
----- stdout -----
 97/375 [======>.......................] - ETA: 9s - loss: 0.2852
----- stdout -----
 99/375 [======>.......................] - ETA: 9s - loss: 0.2852
----- stdout -----
101/375 [=======>......................] - ETA: 9s - loss: 0.2855
----- stdout -----
103/375 [=======>......................] - ETA: 9s - loss: 0.2856
----- stdout -----
105/375 [=======>......................] - ETA: 9s - loss: 0.2856
----- stdout -----
107/375 [=======>......................] - ETA: 9s - loss: 0.2858
----- stdout -----
109/375 [=======>......................] - ETA: 9s - loss: 0.2859
----- stdout -----
111/375 [=======>......................] - ETA: 9s - loss: 0.2856
----- stdout -----
113/375 [========>.....................] - ETA: 9s - loss: 0.2856
----- stdout -----
115/375 [========>.....................] - ETA: 9s - loss: 0.2856
----- stdout -----
117/375 [========>.....................] - ETA: 8s - loss: 0.2854
----- stdout -----
119/375 [========>.....................] - ETA: 8s - loss: 0.2854
----- stdout -----
121/375 [========>.....................] - ETA: 8s - loss: 0.2856
----- stdout -----
123/375 [========>.....................] - ETA: 8s - loss: 0.2854
----- stdout -----
125/375 [=========>....................] - ETA: 8s - loss: 0.2853
----- stdout -----
127/375 [=========>....................] - ETA: 8s - loss: 0.2851
----- stdout -----
129/375 [=========>....................] - ETA: 8s - loss: 0.2850
----- stdout -----
131/375 [=========>....................] - ETA: 8s - loss: 0.2850
----- stdout -----
133/375 [=========>....................] - ETA: 8s - loss: 0.2850
----- stdout -----
135/375 [=========>....................] - ETA: 8s - loss: 0.2848
----- stdout -----
137/375 [=========>....................] - ETA: 8s - loss: 0.2849
----- stdout -----
139/375 [==========>...................] - ETA: 8s - loss: 0.2849
----- stdout -----
141/375 [==========>...................] - ETA: 8s - loss: 0.2851
----- stdout -----
143/375 [==========>...................] - ETA: 8s - loss: 0.2852
----- stdout -----
145/375 [==========>...................] - ETA: 8s - loss: 0.2854
----- stdout -----
147/375 [==========>...................] - ETA: 7s - loss: 0.2854
----- stdout -----
149/375 [==========>...................] - ETA: 7s - loss: 0.2856
----- stdout -----
151/375 [===========>..................] - ETA: 7s - loss: 0.2858
----- stdout -----
153/375 [===========>..................] - ETA: 7s - loss: 0.2858
----- stdout -----
155/375 [===========>..................] - ETA: 7s - loss: 0.2857
----- stdout -----
157/375 [===========>..................] - ETA: 7s - loss: 0.2858
----- stdout -----
159/375 [===========>..................] - ETA: 7s - loss: 0.2857
----- stdout -----
161/375 [===========>..................] - ETA: 7s - loss: 0.2855
----- stdout -----
163/375 [============>.................] - ETA: 7s - loss: 0.2855
----- stdout -----
165/375 [============>.................] - ETA: 7s - loss: 0.2856
----- stdout -----
167/375 [============>.................] - ETA: 7s - loss: 0.2856
----- stdout -----
169/375 [============>.................] - ETA: 7s - loss: 0.2855
----- stdout -----
171/375 [============>.................] - ETA: 7s - loss: 0.2855
----- stdout -----
173/375 [============>.................] - ETA: 7s - loss: 0.2856
----- stdout -----
175/375 [=============>................] - ETA: 6s - loss: 0.2854
----- stdout -----
177/375 [=============>................] - ETA: 6s - loss: 0.2854
----- stdout -----
179/375 [=============>................] - ETA: 6s - loss: 0.2854
----- stdout -----
181/375 [=============>................] - ETA: 6s - loss: 0.2853
----- stdout -----
183/375 [=============>................] - ETA: 6s - loss: 0.2852
----- stdout -----
185/375 [=============>................] - ETA: 6s - loss: 0.2853
----- stdout -----
187/375 [=============>................] - ETA: 6s - loss: 0.2852
----- stdout -----
189/375 [==============>...............] - ETA: 6s - loss: 0.2852
----- stdout -----
191/375 [==============>...............] - ETA: 6s - loss: 0.2852
----- stdout -----
193/375 [==============>...............] - ETA: 6s - loss: 0.2854
----- stdout -----
195/375 [==============>...............] - ETA: 6s - loss: 0.2852
----- stdout -----
197/375 [==============>...............] - ETA: 6s - loss: 0.2853
----- stdout -----
199/375 [==============>...............] - ETA: 6s - loss: 0.2853
----- stdout -----
201/375 [===============>..............] - ETA: 6s - loss: 0.2853
----- stdout -----
203/375 [===============>..............] - ETA: 5s - loss: 0.2856
----- stdout -----
205/375 [===============>..............] - ETA: 5s - loss: 0.2855
----- stdout -----
207/375 [===============>..............] - ETA: 5s - loss: 0.2854
----- stdout -----
209/375 [===============>..............] - ETA: 5s - loss: 0.2854
----- stdout -----
211/375 [===============>..............] - ETA: 5s - loss: 0.2853
----- stdout -----
213/375 [================>.............] - ETA: 5s - loss: 0.2854
----- stdout -----
215/375 [================>.............] - ETA: 5s - loss: 0.2855
----- stdout -----
217/375 [================>.............] - ETA: 5s - loss: 0.2855
----- stdout -----
219/375 [================>.............] - ETA: 5s - loss: 0.2854
----- stdout -----
221/375 [================>.............] - ETA: 5s - loss: 0.2854
----- stdout -----
223/375 [================>.............] - ETA: 5s - loss: 0.2852
----- stdout -----
225/375 [=================>............] - ETA: 5s - loss: 0.2851
----- stdout -----
227/375 [=================>............] - ETA: 5s - loss: 0.2849
----- stdout -----
229/375 [=================>............] - ETA: 5s - loss: 0.2848
----- stdout -----
231/375 [=================>............] - ETA: 5s - loss: 0.2849
----- stdout -----
233/375 [=================>............] - ETA: 4s - loss: 0.2849
----- stdout -----
235/375 [=================>............] - ETA: 4s - loss: 0.2849
----- stdout -----
237/375 [=================>............] - ETA: 4s - loss: 0.2848
----- stdout -----
239/375 [==================>...........] - ETA: 4s - loss: 0.2846
----- stdout -----
241/375 [==================>...........] - ETA: 4s - loss: 0.2846
----- stdout -----
243/375 [==================>...........] - ETA: 4s - loss: 0.2848
----- stdout -----
245/375 [==================>...........] - ETA: 4s - loss: 0.2847
----- stdout -----
247/375 [==================>...........] - ETA: 4s - loss: 0.2845
----- stdout -----
249/375 [==================>...........] - ETA: 4s - loss: 0.2844
----- stdout -----
251/375 [===================>..........] - ETA: 4s - loss: 0.2845
----- stdout -----
253/375 [===================>..........] - ETA: 4s - loss: 0.2844
----- stdout -----
255/375 [===================>..........] - ETA: 4s - loss: 0.2844
----- stdout -----
257/375 [===================>..........] - ETA: 4s - loss: 0.2843
----- stdout -----
259/375 [===================>..........] - ETA: 4s - loss: 0.2842
----- stdout -----
261/375 [===================>..........] - ETA: 3s - loss: 0.2842
----- stdout -----
263/375 [====================>.........] - ETA: 3s - loss: 0.2842
----- stdout -----
265/375 [====================>.........] - ETA: 3s - loss: 0.2842
----- stdout -----
267/375 [====================>.........] - ETA: 3s - loss: 0.2841
----- stdout -----
269/375 [====================>.........] - ETA: 3s - loss: 0.2841
----- stdout -----
271/375 [====================>.........] - ETA: 3s - loss: 0.2842
----- stdout -----
273/375 [====================>.........] - ETA: 3s - loss: 0.2841
----- stdout -----
275/375 [=====================>........] - ETA: 3s - loss: 0.2841
----- stdout -----
277/375 [=====================>........] - ETA: 3s - loss: 0.2841
----- stdout -----
279/375 [=====================>........] - ETA: 3s - loss: 0.2842
----- stdout -----
281/375 [=====================>........] - ETA: 3s - loss: 0.2842
----- stdout -----
283/375 [=====================>........] - ETA: 3s - loss: 0.2843
----- stdout -----
285/375 [=====================>........] - ETA: 3s - loss: 0.2843
----- stdout -----
287/375 [=====================>........] - ETA: 3s - loss: 0.2842
----- stdout -----
289/375 [======================>.......] - ETA: 2s - loss: 0.2843
----- stdout -----
291/375 [======================>.......] - ETA: 2s - loss: 0.2843
----- stdout -----
293/375 [======================>.......] - ETA: 2s - loss: 0.2842
----- stdout -----
295/375 [======================>.......] - ETA: 2s - loss: 0.2842
----- stdout -----
297/375 [======================>.......] - ETA: 2s - loss: 0.2843
----- stdout -----
299/375 [======================>.......] - ETA: 2s - loss: 0.2843
----- stdout -----
301/375 [=======================>......] - ETA: 2s - loss: 0.2843
----- stdout -----
303/375 [=======================>......] - ETA: 2s - loss: 0.2843
----- stdout -----
305/375 [=======================>......] - ETA: 2s - loss: 0.2844
----- stdout -----
307/375 [=======================>......] - ETA: 2s - loss: 0.2844
----- stdout -----
309/375 [=======================>......] - ETA: 2s - loss: 0.2843
----- stdout -----
311/375 [=======================>......] - ETA: 2s - loss: 0.2844
----- stdout -----
313/375 [========================>.....] - ETA: 2s - loss: 0.2843
----- stdout -----
315/375 [========================>.....] - ETA: 2s - loss: 0.2843
----- stdout -----
317/375 [========================>.....] - ETA: 2s - loss: 0.2842
----- stdout -----
319/375 [========================>.....] - ETA: 1s - loss: 0.2843
----- stdout -----
321/375 [========================>.....] - ETA: 1s - loss: 0.2842
----- stdout -----
323/375 [========================>.....] - ETA: 1s - loss: 0.2841
----- stdout -----
325/375 [=========================>....] - ETA: 1s - loss: 0.2842
----- stdout -----
327/375 [=========================>....] - ETA: 1s - loss: 0.2842
----- stdout -----
329/375 [=========================>....] - ETA: 1s - loss: 0.2843
----- stdout -----
331/375 [=========================>....] - ETA: 1s - loss: 0.2842
----- stdout -----
333/375 [=========================>....] - ETA: 1s - loss: 0.2843
----- stdout -----
335/375 [=========================>....] - ETA: 1s - loss: 0.2842
----- stdout -----
337/375 [=========================>....] - ETA: 1s - loss: 0.2842
----- stdout -----
339/375 [==========================>...] - ETA: 1s - loss: 0.2841
----- stdout -----
341/375 [==========================>...] - ETA: 1s - loss: 0.2841
----- stdout -----
343/375 [==========================>...] - ETA: 1s - loss: 0.2840
----- stdout -----
345/375 [==========================>...] - ETA: 1s - loss: 0.2841
----- stdout -----
347/375 [==========================>...] - ETA: 0s - loss: 0.2840
----- stdout -----
349/375 [==========================>...] - ETA: 0s - loss: 0.2840
----- stdout -----
351/375 [===========================>..] - ETA: 0s - loss: 0.2841
----- stdout -----
353/375 [===========================>..] - ETA: 0s - loss: 0.2840
----- stdout -----
355/375 [===========================>..] - ETA: 0s - loss: 0.2841
----- stdout -----
357/375 [===========================>..] - ETA: 0s - loss: 0.2840
----- stdout -----
359/375 [===========================>..] - ETA: 0s - loss: 0.2841
----- stdout -----
361/375 [===========================>..] - ETA: 0s - loss: 0.2841
----- stdout -----
363/375 [============================>.] - ETA: 0s - loss: 0.2841
----- stdout -----
365/375 [============================>.] - ETA: 0s - loss: 0.2842
----- stdout -----
367/375 [============================>.] - ETA: 0s - loss: 0.2841
----- stdout -----
369/375 [============================>.] - ETA: 0s - loss: 0.2841
----- stdout -----
371/375 [============================>.] - ETA: 0s - loss: 0.2842
----- stdout -----
373/375 [============================>.] - ETA: 0s - loss: 0.2841
----- stdout -----
375/375 [==============================] - ETA: 0s - loss: 0.2842
----- stdout -----
375/375 [==============================] - 13s 35ms/step - loss: 0.2842
----- stdout -----
1/1 [==============================] - ETA: 0s
----- stdout -----
1/1 [==============================] - 0s 12ms/step
----- stdout -----

Epoch:  15
----- stdout -----
  1/375 [..............................] - ETA: 14s - loss: 0.2723
----- stdout -----
  3/375 [..............................] - ETA: 13s - loss: 0.2729
----- stdout -----
  5/375 [..............................] - ETA: 12s - loss: 0.2787
----- stdout -----
  7/375 [..............................] - ETA: 12s - loss: 0.2777
----- stdout -----
  9/375 [..............................] - ETA: 12s - loss: 0.2785
----- stdout -----
 11/375 [..............................] - ETA: 12s - loss: 0.2823
----- stdout -----
 13/375 [>.............................] - ETA: 12s - loss: 0.2821
----- stdout -----
 15/375 [>.............................] - ETA: 12s - loss: 0.2839
----- stdout -----
 17/375 [>.............................] - ETA: 12s - loss: 0.2844
----- stdout -----
 19/375 [>.............................] - ETA: 12s - loss: 0.2828
----- stdout -----
 21/375 [>.............................] - ETA: 12s - loss: 0.2831
----- stdout -----
 23/375 [>.............................] - ETA: 12s - loss: 0.2829
----- stdout -----
 25/375 [=>............................] - ETA: 12s - loss: 0.2832
----- stdout -----
 27/375 [=>............................] - ETA: 12s - loss: 0.2825
----- stdout -----
 29/375 [=>............................] - ETA: 12s - loss: 0.2825
----- stdout -----
 31/375 [=>............................] - ETA: 12s - loss: 0.2828
----- stdout -----
 33/375 [=>............................] - ETA: 11s - loss: 0.2827
----- stdout -----
 35/375 [=>............................] - ETA: 11s - loss: 0.2827
----- stdout -----
 37/375 [=>............................] - ETA: 11s - loss: 0.2841
----- stdout -----
 39/375 [==>...........................] - ETA: 11s - loss: 0.2841
----- stdout -----
 41/375 [==>...........................] - ETA: 11s - loss: 0.2840
----- stdout -----
 43/375 [==>...........................] - ETA: 11s - loss: 0.2844
----- stdout -----
 45/375 [==>...........................] - ETA: 11s - loss: 0.2845
----- stdout -----
 47/375 [==>...........................] - ETA: 11s - loss: 0.2847
----- stdout -----
 49/375 [==>...........................] - ETA: 11s - loss: 0.2844
----- stdout -----
 51/375 [===>..........................] - ETA: 11s - loss: 0.2844
----- stdout -----
 53/375 [===>..........................] - ETA: 11s - loss: 0.2843
----- stdout -----
 55/375 [===>..........................] - ETA: 11s - loss: 0.2842
----- stdout -----
 57/375 [===>..........................] - ETA: 11s - loss: 0.2842
----- stdout -----
 59/375 [===>..........................] - ETA: 11s - loss: 0.2842
----- stdout -----
 61/375 [===>..........................] - ETA: 10s - loss: 0.2848
----- stdout -----
 63/375 [====>.........................] - ETA: 10s - loss: 0.2845
----- stdout -----
 65/375 [====>.........................] - ETA: 10s - loss: 0.2842
----- stdout -----
 67/375 [====>.........................] - ETA: 10s - loss: 0.2836
----- stdout -----
 69/375 [====>.........................] - ETA: 10s - loss: 0.2836
----- stdout -----
 71/375 [====>.........................] - ETA: 10s - loss: 0.2839
----- stdout -----
 73/375 [====>.........................] - ETA: 10s - loss: 0.2844
----- stdout -----
 75/375 [=====>........................] - ETA: 10s - loss: 0.2843
----- stdout -----
 77/375 [=====>........................] - ETA: 10s - loss: 0.2840
----- stdout -----
 79/375 [=====>........................] - ETA: 10s - loss: 0.2840
----- stdout -----
 81/375 [=====>........................] - ETA: 10s - loss: 0.2837
----- stdout -----
 83/375 [=====>........................] - ETA: 10s - loss: 0.2834
----- stdout -----
 85/375 [=====>........................] - ETA: 10s - loss: 0.2833
----- stdout -----
 87/375 [=====>........................] - ETA: 10s - loss: 0.2832
----- stdout -----
 89/375 [======>.......................] - ETA: 9s - loss: 0.2832
----- stdout -----
 91/375 [======>.......................] - ETA: 9s - loss: 0.2832
----- stdout -----
 93/375 [======>.......................] - ETA: 9s - loss: 0.2834
----- stdout -----
 95/375 [======>.......................] - ETA: 9s - loss: 0.2836
----- stdout -----
 97/375 [======>.......................] - ETA: 9s - loss: 0.2836
----- stdout -----
 99/375 [======>.......................] - ETA: 9s - loss: 0.2838
----- stdout -----
101/375 [=======>......................] - ETA: 9s - loss: 0.2838
----- stdout -----
103/375 [=======>......................] - ETA: 9s - loss: 0.2837
----- stdout -----
105/375 [=======>......................] - ETA: 9s - loss: 0.2838
----- stdout -----
107/375 [=======>......................] - ETA: 9s - loss: 0.2837
----- stdout -----
109/375 [=======>......................] - ETA: 9s - loss: 0.2841
----- stdout -----
111/375 [=======>......................] - ETA: 9s - loss: 0.2842
----- stdout -----
113/375 [========>.....................] - ETA: 9s - loss: 0.2844
----- stdout -----
115/375 [========>.....................] - ETA: 9s - loss: 0.2844
----- stdout -----
117/375 [========>.....................] - ETA: 9s - loss: 0.2847
----- stdout -----
119/375 [========>.....................] - ETA: 8s - loss: 0.2844
----- stdout -----
121/375 [========>.....................] - ETA: 8s - loss: 0.2844
----- stdout -----
123/375 [========>.....................] - ETA: 8s - loss: 0.2845
----- stdout -----
125/375 [=========>....................] - ETA: 8s - loss: 0.2843
----- stdout -----
127/375 [=========>....................] - ETA: 8s - loss: 0.2842
----- stdout -----
129/375 [=========>....................] - ETA: 8s - loss: 0.2841
----- stdout -----
131/375 [=========>....................] - ETA: 8s - loss: 0.2840
----- stdout -----
133/375 [=========>....................] - ETA: 8s - loss: 0.2840
----- stdout -----
135/375 [=========>....................] - ETA: 8s - loss: 0.2839
----- stdout -----
137/375 [=========>....................] - ETA: 8s - loss: 0.2838
----- stdout -----
139/375 [==========>...................] - ETA: 8s - loss: 0.2836
----- stdout -----
141/375 [==========>...................] - ETA: 8s - loss: 0.2840
----- stdout -----
143/375 [==========>...................] - ETA: 8s - loss: 0.2840
----- stdout -----
145/375 [==========>...................] - ETA: 8s - loss: 0.2839
----- stdout -----
147/375 [==========>...................] - ETA: 7s - loss: 0.2839
----- stdout -----
149/375 [==========>...................] - ETA: 7s - loss: 0.2838
----- stdout -----
151/375 [===========>..................] - ETA: 7s - loss: 0.2838
----- stdout -----
153/375 [===========>..................] - ETA: 7s - loss: 0.2837
----- stdout -----
155/375 [===========>..................] - ETA: 7s - loss: 0.2836
----- stdout -----
157/375 [===========>..................] - ETA: 7s - loss: 0.2836
----- stdout -----
159/375 [===========>..................] - ETA: 7s - loss: 0.2836
----- stdout -----
161/375 [===========>..................] - ETA: 7s - loss: 0.2836
----- stdout -----
163/375 [============>.................] - ETA: 7s - loss: 0.2837
----- stdout -----
165/375 [============>.................] - ETA: 7s - loss: 0.2834
----- stdout -----
167/375 [============>.................] - ETA: 7s - loss: 0.2837
----- stdout -----
169/375 [============>.................] - ETA: 7s - loss: 0.2836
----- stdout -----
171/375 [============>.................] - ETA: 7s - loss: 0.2836
----- stdout -----
173/375 [============>.................] - ETA: 7s - loss: 0.2837
----- stdout -----
175/375 [=============>................] - ETA: 6s - loss: 0.2837
----- stdout -----
177/375 [=============>................] - ETA: 6s - loss: 0.2837
----- stdout -----
179/375 [=============>................] - ETA: 6s - loss: 0.2836
----- stdout -----
181/375 [=============>................] - ETA: 6s - loss: 0.2836
----- stdout -----
183/375 [=============>................] - ETA: 6s - loss: 0.2834
----- stdout -----
185/375 [=============>................] - ETA: 6s - loss: 0.2833
----- stdout -----
187/375 [=============>................] - ETA: 6s - loss: 0.2832
----- stdout -----
189/375 [==============>...............] - ETA: 6s - loss: 0.2831
----- stdout -----
191/375 [==============>...............] - ETA: 6s - loss: 0.2834
----- stdout -----
193/375 [==============>...............] - ETA: 6s - loss: 0.2834
----- stdout -----
195/375 [==============>...............] - ETA: 6s - loss: 0.2833
----- stdout -----
197/375 [==============>...............] - ETA: 6s - loss: 0.2833
----- stdout -----
199/375 [==============>...............] - ETA: 6s - loss: 0.2832
----- stdout -----
201/375 [===============>..............] - ETA: 6s - loss: 0.2832
----- stdout -----
203/375 [===============>..............] - ETA: 6s - loss: 0.2832
----- stdout -----
205/375 [===============>..............] - ETA: 5s - loss: 0.2831
----- stdout -----
207/375 [===============>..............] - ETA: 5s - loss: 0.2831
----- stdout -----
209/375 [===============>..............] - ETA: 5s - loss: 0.2831
----- stdout -----
211/375 [===============>..............] - ETA: 5s - loss: 0.2831
----- stdout -----
213/375 [================>.............] - ETA: 5s - loss: 0.2831
----- stdout -----
215/375 [================>.............] - ETA: 5s - loss: 0.2831
----- stdout -----
217/375 [================>.............] - ETA: 5s - loss: 0.2832
----- stdout -----
219/375 [================>.............] - ETA: 5s - loss: 0.2831
----- stdout -----
221/375 [================>.............] - ETA: 5s - loss: 0.2832
----- stdout -----
223/375 [================>.............] - ETA: 5s - loss: 0.2831
----- stdout -----
225/375 [=================>............] - ETA: 5s - loss: 0.2829
----- stdout -----
227/375 [=================>............] - ETA: 5s - loss: 0.2830
----- stdout -----
229/375 [=================>............] - ETA: 5s - loss: 0.2832
----- stdout -----
231/375 [=================>............] - ETA: 5s - loss: 0.2832
----- stdout -----
233/375 [=================>............] - ETA: 4s - loss: 0.2832
----- stdout -----
235/375 [=================>............] - ETA: 4s - loss: 0.2831
----- stdout -----
237/375 [=================>............] - ETA: 4s - loss: 0.2831
----- stdout -----
239/375 [==================>...........] - ETA: 4s - loss: 0.2832
----- stdout -----
241/375 [==================>...........] - ETA: 4s - loss: 0.2832
----- stdout -----
243/375 [==================>...........] - ETA: 4s - loss: 0.2831
----- stdout -----
245/375 [==================>...........] - ETA: 4s - loss: 0.2830
----- stdout -----
247/375 [==================>...........] - ETA: 4s - loss: 0.2829
----- stdout -----
249/375 [==================>...........] - ETA: 4s - loss: 0.2830
----- stdout -----
251/375 [===================>..........] - ETA: 4s - loss: 0.2831
----- stdout -----
253/375 [===================>..........] - ETA: 4s - loss: 0.2830
----- stdout -----
255/375 [===================>..........] - ETA: 4s - loss: 0.2830
----- stdout -----
257/375 [===================>..........] - ETA: 4s - loss: 0.2829
----- stdout -----
259/375 [===================>..........] - ETA: 4s - loss: 0.2829
----- stdout -----
261/375 [===================>..........] - ETA: 3s - loss: 0.2829
----- stdout -----
263/375 [====================>.........] - ETA: 3s - loss: 0.2829
----- stdout -----
265/375 [====================>.........] - ETA: 3s - loss: 0.2827
----- stdout -----
267/375 [====================>.........] - ETA: 3s - loss: 0.2829
----- stdout -----
269/375 [====================>.........] - ETA: 3s - loss: 0.2827
----- stdout -----
271/375 [====================>.........] - ETA: 3s - loss: 0.2827
----- stdout -----
273/375 [====================>.........] - ETA: 3s - loss: 0.2826
----- stdout -----
275/375 [=====================>........] - ETA: 3s - loss: 0.2827
----- stdout -----
277/375 [=====================>........] - ETA: 3s - loss: 0.2827
----- stdout -----
279/375 [=====================>........] - ETA: 3s - loss: 0.2828
----- stdout -----
281/375 [=====================>........] - ETA: 3s - loss: 0.2827
----- stdout -----
283/375 [=====================>........] - ETA: 3s - loss: 0.2827
----- stdout -----
285/375 [=====================>........] - ETA: 3s - loss: 0.2827
----- stdout -----
287/375 [=====================>........] - ETA: 3s - loss: 0.2827
----- stdout -----
289/375 [======================>.......] - ETA: 3s - loss: 0.2827
----- stdout -----
291/375 [======================>.......] - ETA: 2s - loss: 0.2828
----- stdout -----
293/375 [======================>.......] - ETA: 2s - loss: 0.2827
----- stdout -----
295/375 [======================>.......] - ETA: 2s - loss: 0.2828
----- stdout -----
297/375 [======================>.......] - ETA: 2s - loss: 0.2828
----- stdout -----
299/375 [======================>.......] - ETA: 2s - loss: 0.2827
----- stdout -----
301/375 [=======================>......] - ETA: 2s - loss: 0.2826
----- stdout -----
303/375 [=======================>......] - ETA: 2s - loss: 0.2827
----- stdout -----
305/375 [=======================>......] - ETA: 2s - loss: 0.2826
----- stdout -----
307/375 [=======================>......] - ETA: 2s - loss: 0.2827
----- stdout -----
309/375 [=======================>......] - ETA: 2s - loss: 0.2827
----- stdout -----
311/375 [=======================>......] - ETA: 2s - loss: 0.2827
----- stdout -----
313/375 [========================>.....] - ETA: 2s - loss: 0.2828
----- stdout -----
315/375 [========================>.....] - ETA: 2s - loss: 0.2827
----- stdout -----
317/375 [========================>.....] - ETA: 2s - loss: 0.2827
----- stdout -----
319/375 [========================>.....] - ETA: 1s - loss: 0.2827
----- stdout -----
321/375 [========================>.....] - ETA: 1s - loss: 0.2828
----- stdout -----
323/375 [========================>.....] - ETA: 1s - loss: 0.2828
----- stdout -----
325/375 [=========================>....] - ETA: 1s - loss: 0.2827
----- stdout -----
327/375 [=========================>....] - ETA: 1s - loss: 0.2828
----- stdout -----
329/375 [=========================>....] - ETA: 1s - loss: 0.2827
----- stdout -----
331/375 [=========================>....] - ETA: 1s - loss: 0.2827
----- stdout -----
333/375 [=========================>....] - ETA: 1s - loss: 0.2827
----- stdout -----
335/375 [=========================>....] - ETA: 1s - loss: 0.2827
----- stdout -----
337/375 [=========================>....] - ETA: 1s - loss: 0.2827
----- stdout -----
339/375 [==========================>...] - ETA: 1s - loss: 0.2828
----- stdout -----
341/375 [==========================>...] - ETA: 1s - loss: 0.2828
----- stdout -----
343/375 [==========================>...] - ETA: 1s - loss: 0.2826
----- stdout -----
345/375 [==========================>...] - ETA: 1s - loss: 0.2829
----- stdout -----
347/375 [==========================>...] - ETA: 0s - loss: 0.2833
----- stdout -----
349/375 [==========================>...] - ETA: 0s - loss: 0.2835
----- stdout -----
351/375 [===========================>..] - ETA: 0s - loss: 0.2837
----- stdout -----
353/375 [===========================>..] - ETA: 0s - loss: 0.2838
----- stdout -----
355/375 [===========================>..] - ETA: 0s - loss: 0.2841
----- stdout -----
357/375 [===========================>..] - ETA: 0s - loss: 0.2842
----- stdout -----
359/375 [===========================>..] - ETA: 0s - loss: 0.2844
----- stdout -----
361/375 [===========================>..] - ETA: 0s - loss: 0.2845
----- stdout -----
363/375 [============================>.] - ETA: 0s - loss: 0.2846
----- stdout -----
365/375 [============================>.] - ETA: 0s - loss: 0.2847
----- stdout -----
367/375 [============================>.] - ETA: 0s - loss: 0.2848
----- stdout -----
369/375 [============================>.] - ETA: 0s - loss: 0.2850
----- stdout -----
371/375 [============================>.] - ETA: 0s - loss: 0.2850
----- stdout -----
373/375 [============================>.] - ETA: 0s - loss: 0.2851
----- stdout -----
375/375 [==============================] - ETA: 0s - loss: 0.2851
----- stdout -----
375/375 [==============================] - 13s 35ms/step - loss: 0.2851
----- stdout -----
1/1 [==============================] - ETA: 0s
----- stdout -----
1/1 [==============================] - 0s 12ms/step
----- stdout -----

Epoch:  16
----- stdout -----
  1/375 [..............................] - ETA: 14s - loss: 0.2601
----- stdout -----
  3/375 [..............................] - ETA: 12s - loss: 0.2779
----- stdout -----
  5/375 [..............................] - ETA: 12s - loss: 0.2813
----- stdout -----
  7/375 [..............................] - ETA: 12s - loss: 0.2817
----- stdout -----
  9/375 [..............................] - ETA: 12s - loss: 0.2832
----- stdout -----
 11/375 [..............................] - ETA: 12s - loss: 0.2847
----- stdout -----
 13/375 [>.............................] - ETA: 12s - loss: 0.2843
----- stdout -----
 15/375 [>.............................] - ETA: 12s - loss: 0.2838
----- stdout -----
 17/375 [>.............................] - ETA: 12s - loss: 0.2851
----- stdout -----
 19/375 [>.............................] - ETA: 12s - loss: 0.2828
----- stdout -----
 21/375 [>.............................] - ETA: 12s - loss: 0.2828
----- stdout -----
 23/375 [>.............................] - ETA: 12s - loss: 0.2834
----- stdout -----
 25/375 [=>............................] - ETA: 12s - loss: 0.2846
----- stdout -----
 27/375 [=>............................] - ETA: 12s - loss: 0.2862
----- stdout -----
 29/375 [=>............................] - ETA: 12s - loss: 0.2867
----- stdout -----
 31/375 [=>............................] - ETA: 11s - loss: 0.2873
----- stdout -----
 33/375 [=>............................] - ETA: 11s - loss: 0.2865
----- stdout -----
 35/375 [=>............................] - ETA: 11s - loss: 0.2858
----- stdout -----
 37/375 [=>............................] - ETA: 11s - loss: 0.2848
----- stdout -----
 39/375 [==>...........................] - ETA: 11s - loss: 0.2850
----- stdout -----
 41/375 [==>...........................] - ETA: 11s - loss: 0.2850
----- stdout -----
 43/375 [==>...........................] - ETA: 11s - loss: 0.2848
----- stdout -----
 45/375 [==>...........................] - ETA: 11s - loss: 0.2844
----- stdout -----
 47/375 [==>...........................] - ETA: 11s - loss: 0.2841
----- stdout -----
 49/375 [==>...........................] - ETA: 11s - loss: 0.2843
----- stdout -----
 51/375 [===>..........................] - ETA: 11s - loss: 0.2844
----- stdout -----
 53/375 [===>..........................] - ETA: 11s - loss: 0.2845
----- stdout -----
 55/375 [===>..........................] - ETA: 11s - loss: 0.2846
----- stdout -----
 57/375 [===>..........................] - ETA: 11s - loss: 0.2845
----- stdout -----
 59/375 [===>..........................] - ETA: 11s - loss: 0.2848
----- stdout -----
 61/375 [===>..........................] - ETA: 10s - loss: 0.2846
----- stdout -----
 63/375 [====>.........................] - ETA: 10s - loss: 0.2845
----- stdout -----
 65/375 [====>.........................] - ETA: 10s - loss: 0.2846
----- stdout -----
 67/375 [====>.........................] - ETA: 10s - loss: 0.2845
----- stdout -----
 69/375 [====>.........................] - ETA: 10s - loss: 0.2848
----- stdout -----
 71/375 [====>.........................] - ETA: 10s - loss: 0.2853
----- stdout -----
 73/375 [====>.........................] - ETA: 10s - loss: 0.2856
----- stdout -----
 75/375 [=====>........................] - ETA: 10s - loss: 0.2857
----- stdout -----
 77/375 [=====>........................] - ETA: 10s - loss: 0.2852
----- stdout -----
 79/375 [=====>........................] - ETA: 10s - loss: 0.2852
----- stdout -----
 81/375 [=====>........................] - ETA: 10s - loss: 0.2855
----- stdout -----
 83/375 [=====>........................] - ETA: 10s - loss: 0.2852
----- stdout -----
 85/375 [=====>........................] - ETA: 10s - loss: 0.2852
----- stdout -----
 87/375 [=====>........................] - ETA: 10s - loss: 0.2850
----- stdout -----
 89/375 [======>.......................] - ETA: 9s - loss: 0.2847
----- stdout -----
 91/375 [======>.......................] - ETA: 9s - loss: 0.2845
----- stdout -----
 93/375 [======>.......................] - ETA: 9s - loss: 0.2843
----- stdout -----
 95/375 [======>.......................] - ETA: 9s - loss: 0.2848
----- stdout -----
 97/375 [======>.......................] - ETA: 9s - loss: 0.2841
----- stdout -----
 99/375 [======>.......................] - ETA: 9s - loss: 0.2843
----- stdout -----
101/375 [=======>......................] - ETA: 9s - loss: 0.2842
----- stdout -----
103/375 [=======>......................] - ETA: 9s - loss: 0.2840
----- stdout -----
105/375 [=======>......................] - ETA: 9s - loss: 0.2843
----- stdout -----
107/375 [=======>......................] - ETA: 9s - loss: 0.2843
----- stdout -----
109/375 [=======>......................] - ETA: 9s - loss: 0.2841
----- stdout -----
111/375 [=======>......................] - ETA: 9s - loss: 0.2838
----- stdout -----
113/375 [========>.....................] - ETA: 9s - loss: 0.2839
----- stdout -----
115/375 [========>.....................] - ETA: 9s - loss: 0.2838
----- stdout -----
117/375 [========>.....................] - ETA: 9s - loss: 0.2838
----- stdout -----
119/375 [========>.....................] - ETA: 8s - loss: 0.2835
----- stdout -----
121/375 [========>.....................] - ETA: 8s - loss: 0.2836
----- stdout -----
123/375 [========>.....................] - ETA: 8s - loss: 0.2832
----- stdout -----
125/375 [=========>....................] - ETA: 8s - loss: 0.2830
----- stdout -----
127/375 [=========>....................] - ETA: 8s - loss: 0.2831
----- stdout -----
129/375 [=========>....................] - ETA: 8s - loss: 0.2830
----- stdout -----
131/375 [=========>....................] - ETA: 8s - loss: 0.2831
----- stdout -----
133/375 [=========>....................] - ETA: 8s - loss: 0.2831
----- stdout -----
135/375 [=========>....................] - ETA: 8s - loss: 0.2828
----- stdout -----
137/375 [=========>....................] - ETA: 8s - loss: 0.2827
----- stdout -----
139/375 [==========>...................] - ETA: 8s - loss: 0.2828
----- stdout -----
141/375 [==========>...................] - ETA: 8s - loss: 0.2827
----- stdout -----
143/375 [==========>...................] - ETA: 8s - loss: 0.2827
----- stdout -----
145/375 [==========>...................] - ETA: 8s - loss: 0.2825
----- stdout -----
147/375 [==========>...................] - ETA: 7s - loss: 0.2826
----- stdout -----
149/375 [==========>...................] - ETA: 7s - loss: 0.2825
----- stdout -----
151/375 [===========>..................] - ETA: 7s - loss: 0.2825
----- stdout -----
153/375 [===========>..................] - ETA: 7s - loss: 0.2823
----- stdout -----
155/375 [===========>..................] - ETA: 7s - loss: 0.2823
----- stdout -----
157/375 [===========>..................] - ETA: 7s - loss: 0.2825
----- stdout -----
159/375 [===========>..................] - ETA: 7s - loss: 0.2825
----- stdout -----
161/375 [===========>..................] - ETA: 7s - loss: 0.2825
----- stdout -----
163/375 [============>.................] - ETA: 7s - loss: 0.2825
----- stdout -----
165/375 [============>.................] - ETA: 7s - loss: 0.2826
----- stdout -----
167/375 [============>.................] - ETA: 7s - loss: 0.2827
----- stdout -----
169/375 [============>.................] - ETA: 7s - loss: 0.2827
----- stdout -----
171/375 [============>.................] - ETA: 7s - loss: 0.2826
----- stdout -----
173/375 [============>.................] - ETA: 7s - loss: 0.2826
----- stdout -----
175/375 [=============>................] - ETA: 6s - loss: 0.2826
----- stdout -----
177/375 [=============>................] - ETA: 6s - loss: 0.2825
----- stdout -----
179/375 [=============>................] - ETA: 6s - loss: 0.2825
----- stdout -----
181/375 [=============>................] - ETA: 6s - loss: 0.2823
----- stdout -----
183/375 [=============>................] - ETA: 6s - loss: 0.2824
----- stdout -----
185/375 [=============>................] - ETA: 6s - loss: 0.2825
----- stdout -----
187/375 [=============>................] - ETA: 6s - loss: 0.2824
----- stdout -----
189/375 [==============>...............] - ETA: 6s - loss: 0.2825
----- stdout -----
191/375 [==============>...............] - ETA: 6s - loss: 0.2825
----- stdout -----
193/375 [==============>...............] - ETA: 6s - loss: 0.2824
----- stdout -----
195/375 [==============>...............] - ETA: 6s - loss: 0.2824
----- stdout -----
197/375 [==============>...............] - ETA: 6s - loss: 0.2826
----- stdout -----
199/375 [==============>...............] - ETA: 6s - loss: 0.2825
----- stdout -----
201/375 [===============>..............] - ETA: 6s - loss: 0.2826
----- stdout -----
203/375 [===============>..............] - ETA: 6s - loss: 0.2828
----- stdout -----
205/375 [===============>..............] - ETA: 5s - loss: 0.2828
----- stdout -----
207/375 [===============>..............] - ETA: 5s - loss: 0.2829
----- stdout -----
209/375 [===============>..............] - ETA: 5s - loss: 0.2830
----- stdout -----
211/375 [===============>..............] - ETA: 5s - loss: 0.2829
----- stdout -----
213/375 [================>.............] - ETA: 5s - loss: 0.2828
----- stdout -----
215/375 [================>.............] - ETA: 5s - loss: 0.2827
----- stdout -----
217/375 [================>.............] - ETA: 5s - loss: 0.2827
----- stdout -----
219/375 [================>.............] - ETA: 5s - loss: 0.2826
----- stdout -----
221/375 [================>.............] - ETA: 5s - loss: 0.2826
----- stdout -----
223/375 [================>.............] - ETA: 5s - loss: 0.2826
----- stdout -----
225/375 [=================>............] - ETA: 5s - loss: 0.2826
----- stdout -----
227/375 [=================>............] - ETA: 5s - loss: 0.2826
----- stdout -----
229/375 [=================>............] - ETA: 5s - loss: 0.2825
----- stdout -----
231/375 [=================>............] - ETA: 5s - loss: 0.2824
----- stdout -----
233/375 [=================>............] - ETA: 4s - loss: 0.2825
----- stdout -----
235/375 [=================>............] - ETA: 4s - loss: 0.2824
----- stdout -----
237/375 [=================>............] - ETA: 4s - loss: 0.2824
----- stdout -----
239/375 [==================>...........] - ETA: 4s - loss: 0.2824
----- stdout -----
241/375 [==================>...........] - ETA: 4s - loss: 0.2824
----- stdout -----
243/375 [==================>...........] - ETA: 4s - loss: 0.2825
----- stdout -----
245/375 [==================>...........] - ETA: 4s - loss: 0.2825
----- stdout -----
247/375 [==================>...........] - ETA: 4s - loss: 0.2824
----- stdout -----
249/375 [==================>...........] - ETA: 4s - loss: 0.2824
----- stdout -----
251/375 [===================>..........] - ETA: 4s - loss: 0.2825
----- stdout -----
253/375 [===================>..........] - ETA: 4s - loss: 0.2824
----- stdout -----
255/375 [===================>..........] - ETA: 4s - loss: 0.2824
----- stdout -----
257/375 [===================>..........] - ETA: 4s - loss: 0.2824
----- stdout -----
259/375 [===================>..........] - ETA: 4s - loss: 0.2823
----- stdout -----
261/375 [===================>..........] - ETA: 3s - loss: 0.2823
----- stdout -----
263/375 [====================>.........] - ETA: 3s - loss: 0.2824
----- stdout -----
265/375 [====================>.........] - ETA: 3s - loss: 0.2825
----- stdout -----
267/375 [====================>.........] - ETA: 3s - loss: 0.2825
----- stdout -----
269/375 [====================>.........] - ETA: 3s - loss: 0.2826
----- stdout -----
271/375 [====================>.........] - ETA: 3s - loss: 0.2826
----- stdout -----
273/375 [====================>.........] - ETA: 3s - loss: 0.2827
----- stdout -----
275/375 [=====================>........] - ETA: 3s - loss: 0.2826
----- stdout -----
277/375 [=====================>........] - ETA: 3s - loss: 0.2826
----- stdout -----
279/375 [=====================>........] - ETA: 3s - loss: 0.2827
----- stdout -----
281/375 [=====================>........] - ETA: 3s - loss: 0.2826
----- stdout -----
283/375 [=====================>........] - ETA: 3s - loss: 0.2827
----- stdout -----
285/375 [=====================>........] - ETA: 3s - loss: 0.2826
----- stdout -----
287/375 [=====================>........] - ETA: 3s - loss: 0.2826
----- stdout -----
289/375 [======================>.......] - ETA: 3s - loss: 0.2826
----- stdout -----
291/375 [======================>.......] - ETA: 2s - loss: 0.2826
----- stdout -----
293/375 [======================>.......] - ETA: 2s - loss: 0.2827
----- stdout -----
295/375 [======================>.......] - ETA: 2s - loss: 0.2828
----- stdout -----
297/375 [======================>.......] - ETA: 2s - loss: 0.2827
----- stdout -----
299/375 [======================>.......] - ETA: 2s - loss: 0.2827
----- stdout -----
301/375 [=======================>......] - ETA: 2s - loss: 0.2827
----- stdout -----
303/375 [=======================>......] - ETA: 2s - loss: 0.2828
----- stdout -----
305/375 [=======================>......] - ETA: 2s - loss: 0.2828
----- stdout -----
307/375 [=======================>......] - ETA: 2s - loss: 0.2829
----- stdout -----
309/375 [=======================>......] - ETA: 2s - loss: 0.2829
----- stdout -----
311/375 [=======================>......] - ETA: 2s - loss: 0.2830
----- stdout -----
313/375 [========================>.....] - ETA: 2s - loss: 0.2831
----- stdout -----
315/375 [========================>.....] - ETA: 2s - loss: 0.2831
----- stdout -----
317/375 [========================>.....] - ETA: 2s - loss: 0.2831
----- stdout -----
319/375 [========================>.....] - ETA: 1s - loss: 0.2831
----- stdout -----
321/375 [========================>.....] - ETA: 1s - loss: 0.2831
----- stdout -----
323/375 [========================>.....] - ETA: 1s - loss: 0.2832
----- stdout -----
325/375 [=========================>....] - ETA: 1s - loss: 0.2832
----- stdout -----
327/375 [=========================>....] - ETA: 1s - loss: 0.2832
----- stdout -----
329/375 [=========================>....] - ETA: 1s - loss: 0.2831
----- stdout -----
331/375 [=========================>....] - ETA: 1s - loss: 0.2831
----- stdout -----
333/375 [=========================>....] - ETA: 1s - loss: 0.2831
----- stdout -----
335/375 [=========================>....] - ETA: 1s - loss: 0.2831
----- stdout -----
337/375 [=========================>....] - ETA: 1s - loss: 0.2830
----- stdout -----
339/375 [==========================>...] - ETA: 1s - loss: 0.2830
----- stdout -----
341/375 [==========================>...] - ETA: 1s - loss: 0.2830
----- stdout -----
343/375 [==========================>...] - ETA: 1s - loss: 0.2830
----- stdout -----
345/375 [==========================>...] - ETA: 1s - loss: 0.2829
----- stdout -----
347/375 [==========================>...] - ETA: 0s - loss: 0.2829
----- stdout -----
349/375 [==========================>...] - ETA: 0s - loss: 0.2828
----- stdout -----
351/375 [===========================>..] - ETA: 0s - loss: 0.2828
----- stdout -----
353/375 [===========================>..] - ETA: 0s - loss: 0.2827
----- stdout -----
355/375 [===========================>..] - ETA: 0s - loss: 0.2828
----- stdout -----
357/375 [===========================>..] - ETA: 0s - loss: 0.2827
----- stdout -----
359/375 [===========================>..] - ETA: 0s - loss: 0.2828
----- stdout -----
361/375 [===========================>..] - ETA: 0s - loss: 0.2829
----- stdout -----
363/375 [============================>.] - ETA: 0s - loss: 0.2830
----- stdout -----
365/375 [============================>.] - ETA: 0s - loss: 0.2830
----- stdout -----
367/375 [============================>.] - ETA: 0s - loss: 0.2830
----- stdout -----
369/375 [============================>.] - ETA: 0s - loss: 0.2830
----- stdout -----
371/375 [============================>.] - ETA: 0s - loss: 0.2829
----- stdout -----
373/375 [============================>.] - ETA: 0s - loss: 0.2829
----- stdout -----
375/375 [==============================] - ETA: 0s - loss: 0.2827
----- stdout -----
375/375 [==============================] - 13s 35ms/step - loss: 0.2827
----- stdout -----
1/1 [==============================] - ETA: 0s
----- stdout -----
1/1 [==============================] - 0s 11ms/step
----- stdout -----

Epoch:  17
----- stdout -----
  1/375 [..............................] - ETA: 14s - loss: 0.2921
----- stdout -----
  3/375 [..............................] - ETA: 13s - loss: 0.2891
----- stdout -----
  5/375 [..............................] - ETA: 12s - loss: 0.2859
----- stdout -----
  7/375 [..............................] - ETA: 12s - loss: 0.2876
----- stdout -----
  9/375 [..............................] - ETA: 12s - loss: 0.2853
----- stdout -----
 11/375 [..............................] - ETA: 12s - loss: 0.2864
----- stdout -----
 13/375 [>.............................] - ETA: 12s - loss: 0.2854
----- stdout -----
 15/375 [>.............................] - ETA: 12s - loss: 0.2834
----- stdout -----
 17/375 [>.............................] - ETA: 12s - loss: 0.2812
----- stdout -----
 19/375 [>.............................] - ETA: 12s - loss: 0.2807
----- stdout -----
 21/375 [>.............................] - ETA: 12s - loss: 0.2816
----- stdout -----
 23/375 [>.............................] - ETA: 12s - loss: 0.2804
----- stdout -----
 25/375 [=>............................] - ETA: 12s - loss: 0.2817
----- stdout -----
 27/375 [=>............................] - ETA: 12s - loss: 0.2821
----- stdout -----
 29/375 [=>............................] - ETA: 12s - loss: 0.2825
----- stdout -----
 31/375 [=>............................] - ETA: 12s - loss: 0.2818
----- stdout -----
 33/375 [=>............................] - ETA: 11s - loss: 0.2823
----- stdout -----
 35/375 [=>............................] - ETA: 11s - loss: 0.2820
----- stdout -----
 37/375 [=>............................] - ETA: 11s - loss: 0.2808
----- stdout -----
 39/375 [==>...........................] - ETA: 11s - loss: 0.2810
----- stdout -----
 41/375 [==>...........................] - ETA: 11s - loss: 0.2808
----- stdout -----
 43/375 [==>...........................] - ETA: 11s - loss: 0.2804
----- stdout -----
 45/375 [==>...........................] - ETA: 11s - loss: 0.2802
----- stdout -----
 47/375 [==>...........................] - ETA: 11s - loss: 0.2799
----- stdout -----
 49/375 [==>...........................] - ETA: 11s - loss: 0.2800
----- stdout -----
 51/375 [===>..........................] - ETA: 11s - loss: 0.2795
----- stdout -----
 53/375 [===>..........................] - ETA: 11s - loss: 0.2801
----- stdout -----
 55/375 [===>..........................] - ETA: 11s - loss: 0.2802
----- stdout -----
 57/375 [===>..........................] - ETA: 11s - loss: 0.2803
----- stdout -----
 59/375 [===>..........................] - ETA: 11s - loss: 0.2806
----- stdout -----
 61/375 [===>..........................] - ETA: 10s - loss: 0.2802
----- stdout -----
 63/375 [====>.........................] - ETA: 10s - loss: 0.2806
----- stdout -----
 65/375 [====>.........................] - ETA: 10s - loss: 0.2804
----- stdout -----
 67/375 [====>.........................] - ETA: 10s - loss: 0.2801
----- stdout -----
 69/375 [====>.........................] - ETA: 10s - loss: 0.2802
----- stdout -----
 71/375 [====>.........................] - ETA: 10s - loss: 0.2802
----- stdout -----
 73/375 [====>.........................] - ETA: 10s - loss: 0.2803
----- stdout -----
 75/375 [=====>........................] - ETA: 10s - loss: 0.2805
----- stdout -----
 77/375 [=====>........................] - ETA: 10s - loss: 0.2802
----- stdout -----
 79/375 [=====>........................] - ETA: 10s - loss: 0.2803
----- stdout -----
 81/375 [=====>........................] - ETA: 10s - loss: 0.2804
----- stdout -----
 83/375 [=====>........................] - ETA: 10s - loss: 0.2802
----- stdout -----
 85/375 [=====>........................] - ETA: 10s - loss: 0.2803
----- stdout -----
 87/375 [=====>........................] - ETA: 10s - loss: 0.2807
----- stdout -----
 89/375 [======>.......................] - ETA: 9s - loss: 0.2804
----- stdout -----
 91/375 [======>.......................] - ETA: 9s - loss: 0.2805
----- stdout -----
 93/375 [======>.......................] - ETA: 9s - loss: 0.2809
----- stdout -----
 95/375 [======>.......................] - ETA: 9s - loss: 0.2808
----- stdout -----
 97/375 [======>.......................] - ETA: 9s - loss: 0.2805
----- stdout -----
 99/375 [======>.......................] - ETA: 9s - loss: 0.2805
----- stdout -----
101/375 [=======>......................] - ETA: 9s - loss: 0.2803
----- stdout -----
103/375 [=======>......................] - ETA: 9s - loss: 0.2801
----- stdout -----
105/375 [=======>......................] - ETA: 9s - loss: 0.2801
----- stdout -----
107/375 [=======>......................] - ETA: 9s - loss: 0.2803
----- stdout -----
109/375 [=======>......................] - ETA: 9s - loss: 0.2804
----- stdout -----
111/375 [=======>......................] - ETA: 9s - loss: 0.2803
----- stdout -----
113/375 [========>.....................] - ETA: 9s - loss: 0.2802
----- stdout -----
115/375 [========>.....................] - ETA: 9s - loss: 0.2801
----- stdout -----
117/375 [========>.....................] - ETA: 9s - loss: 0.2802
----- stdout -----
119/375 [========>.....................] - ETA: 8s - loss: 0.2802
----- stdout -----
121/375 [========>.....................] - ETA: 8s - loss: 0.2802
----- stdout -----
123/375 [========>.....................] - ETA: 8s - loss: 0.2801
----- stdout -----
125/375 [=========>....................] - ETA: 8s - loss: 0.2802
----- stdout -----
127/375 [=========>....................] - ETA: 8s - loss: 0.2804
----- stdout -----
129/375 [=========>....................] - ETA: 8s - loss: 0.2801
----- stdout -----
131/375 [=========>....................] - ETA: 8s - loss: 0.2800
----- stdout -----
133/375 [=========>....................] - ETA: 8s - loss: 0.2800
----- stdout -----
135/375 [=========>....................] - ETA: 8s - loss: 0.2801
----- stdout -----
137/375 [=========>....................] - ETA: 8s - loss: 0.2800
----- stdout -----
139/375 [==========>...................] - ETA: 8s - loss: 0.2803
----- stdout -----
141/375 [==========>...................] - ETA: 8s - loss: 0.2802
----- stdout -----
143/375 [==========>...................] - ETA: 8s - loss: 0.2801
----- stdout -----
145/375 [==========>...................] - ETA: 8s - loss: 0.2803
----- stdout -----
147/375 [==========>...................] - ETA: 7s - loss: 0.2804
----- stdout -----
149/375 [==========>...................] - ETA: 7s - loss: 0.2803
----- stdout -----
151/375 [===========>..................] - ETA: 7s - loss: 0.2804
----- stdout -----
153/375 [===========>..................] - ETA: 7s - loss: 0.2807
----- stdout -----
155/375 [===========>..................] - ETA: 7s - loss: 0.2808
----- stdout -----
157/375 [===========>..................] - ETA: 7s - loss: 0.2806
----- stdout -----
159/375 [===========>..................] - ETA: 7s - loss: 0.2806
----- stdout -----
161/375 [===========>..................] - ETA: 7s - loss: 0.2809
----- stdout -----
163/375 [============>.................] - ETA: 7s - loss: 0.2809
----- stdout -----
165/375 [============>.................] - ETA: 7s - loss: 0.2809
----- stdout -----
167/375 [============>.................] - ETA: 7s - loss: 0.2808
----- stdout -----
169/375 [============>.................] - ETA: 7s - loss: 0.2808
----- stdout -----
171/375 [============>.................] - ETA: 7s - loss: 0.2808
----- stdout -----
173/375 [============>.................] - ETA: 7s - loss: 0.2808
----- stdout -----
175/375 [=============>................] - ETA: 6s - loss: 0.2808
----- stdout -----
177/375 [=============>................] - ETA: 6s - loss: 0.2809
----- stdout -----
179/375 [=============>................] - ETA: 6s - loss: 0.2808
----- stdout -----
181/375 [=============>................] - ETA: 6s - loss: 0.2809
----- stdout -----
183/375 [=============>................] - ETA: 6s - loss: 0.2808
----- stdout -----
185/375 [=============>................] - ETA: 6s - loss: 0.2808
----- stdout -----
187/375 [=============>................] - ETA: 6s - loss: 0.2808
----- stdout -----
189/375 [==============>...............] - ETA: 6s - loss: 0.2808
----- stdout -----
191/375 [==============>...............] - ETA: 6s - loss: 0.2807
----- stdout -----
193/375 [==============>...............] - ETA: 6s - loss: 0.2807
----- stdout -----
195/375 [==============>...............] - ETA: 6s - loss: 0.2809
----- stdout -----
197/375 [==============>...............] - ETA: 6s - loss: 0.2809
----- stdout -----
199/375 [==============>...............] - ETA: 6s - loss: 0.2809
----- stdout -----
201/375 [===============>..............] - ETA: 6s - loss: 0.2809
----- stdout -----
203/375 [===============>..............] - ETA: 6s - loss: 0.2810
----- stdout -----
205/375 [===============>..............] - ETA: 5s - loss: 0.2811
----- stdout -----
207/375 [===============>..............] - ETA: 5s - loss: 0.2811
----- stdout -----
209/375 [===============>..............] - ETA: 5s - loss: 0.2811
----- stdout -----
211/375 [===============>..............] - ETA: 5s - loss: 0.2812
----- stdout -----
213/375 [================>.............] - ETA: 5s - loss: 0.2811
----- stdout -----
215/375 [================>.............] - ETA: 5s - loss: 0.2812
----- stdout -----
217/375 [================>.............] - ETA: 5s - loss: 0.2812
----- stdout -----
219/375 [================>.............] - ETA: 5s - loss: 0.2812
----- stdout -----
221/375 [================>.............] - ETA: 5s - loss: 0.2812
----- stdout -----
223/375 [================>.............] - ETA: 5s - loss: 0.2811
----- stdout -----
225/375 [=================>............] - ETA: 5s - loss: 0.2810
----- stdout -----
227/375 [=================>............] - ETA: 5s - loss: 0.2810
----- stdout -----
229/375 [=================>............] - ETA: 5s - loss: 0.2810
----- stdout -----
231/375 [=================>............] - ETA: 5s - loss: 0.2811
----- stdout -----
233/375 [=================>............] - ETA: 4s - loss: 0.2810
----- stdout -----
235/375 [=================>............] - ETA: 4s - loss: 0.2812
----- stdout -----
237/375 [=================>............] - ETA: 4s - loss: 0.2810
----- stdout -----
239/375 [==================>...........] - ETA: 4s - loss: 0.2811
----- stdout -----
241/375 [==================>...........] - ETA: 4s - loss: 0.2813
----- stdout -----
243/375 [==================>...........] - ETA: 4s - loss: 0.2811
----- stdout -----
245/375 [==================>...........] - ETA: 4s - loss: 0.2812
----- stdout -----
247/375 [==================>...........] - ETA: 4s - loss: 0.2811
----- stdout -----
249/375 [==================>...........] - ETA: 4s - loss: 0.2811
----- stdout -----
251/375 [===================>..........] - ETA: 4s - loss: 0.2812
----- stdout -----
253/375 [===================>..........] - ETA: 4s - loss: 0.2811
----- stdout -----
255/375 [===================>..........] - ETA: 4s - loss: 0.2812
----- stdout -----
257/375 [===================>..........] - ETA: 4s - loss: 0.2811
----- stdout -----
259/375 [===================>..........] - ETA: 4s - loss: 0.2812
----- stdout -----
261/375 [===================>..........] - ETA: 3s - loss: 0.2811
----- stdout -----
263/375 [====================>.........] - ETA: 3s - loss: 0.2811
----- stdout -----
265/375 [====================>.........] - ETA: 3s - loss: 0.2811
----- stdout -----
267/375 [====================>.........] - ETA: 3s - loss: 0.2811
----- stdout -----
269/375 [====================>.........] - ETA: 3s - loss: 0.2810
----- stdout -----
271/375 [====================>.........] - ETA: 3s - loss: 0.2810
----- stdout -----
273/375 [====================>.........] - ETA: 3s - loss: 0.2811
----- stdout -----
275/375 [=====================>........] - ETA: 3s - loss: 0.2811
----- stdout -----
277/375 [=====================>........] - ETA: 3s - loss: 0.2811
----- stdout -----
279/375 [=====================>........] - ETA: 3s - loss: 0.2811
----- stdout -----
281/375 [=====================>........] - ETA: 3s - loss: 0.2812
----- stdout -----
283/375 [=====================>........] - ETA: 3s - loss: 0.2812
----- stdout -----
285/375 [=====================>........] - ETA: 3s - loss: 0.2812
----- stdout -----
287/375 [=====================>........] - ETA: 3s - loss: 0.2812
----- stdout -----
289/375 [======================>.......] - ETA: 3s - loss: 0.2811
----- stdout -----
291/375 [======================>.......] - ETA: 2s - loss: 0.2811
----- stdout -----
293/375 [======================>.......] - ETA: 2s - loss: 0.2811
----- stdout -----
295/375 [======================>.......] - ETA: 2s - loss: 0.2810
----- stdout -----
297/375 [======================>.......] - ETA: 2s - loss: 0.2811
----- stdout -----
299/375 [======================>.......] - ETA: 2s - loss: 0.2811
----- stdout -----
301/375 [=======================>......] - ETA: 2s - loss: 0.2812
----- stdout -----
303/375 [=======================>......] - ETA: 2s - loss: 0.2813
----- stdout -----
305/375 [=======================>......] - ETA: 2s - loss: 0.2812
----- stdout -----
307/375 [=======================>......] - ETA: 2s - loss: 0.2812
----- stdout -----
309/375 [=======================>......] - ETA: 2s - loss: 0.2812
----- stdout -----
311/375 [=======================>......] - ETA: 2s - loss: 0.2812
----- stdout -----
313/375 [========================>.....] - ETA: 2s - loss: 0.2810
----- stdout -----
315/375 [========================>.....] - ETA: 2s - loss: 0.2811
----- stdout -----
317/375 [========================>.....] - ETA: 2s - loss: 0.2811
----- stdout -----
319/375 [========================>.....] - ETA: 1s - loss: 0.2810
----- stdout -----
321/375 [========================>.....] - ETA: 1s - loss: 0.2810
----- stdout -----
323/375 [========================>.....] - ETA: 1s - loss: 0.2811
----- stdout -----
325/375 [=========================>....] - ETA: 1s - loss: 0.2811
----- stdout -----
327/375 [=========================>....] - ETA: 1s - loss: 0.2811
----- stdout -----
329/375 [=========================>....] - ETA: 1s - loss: 0.2811
----- stdout -----
331/375 [=========================>....] - ETA: 1s - loss: 0.2811
----- stdout -----
333/375 [=========================>....] - ETA: 1s - loss: 0.2812
----- stdout -----
335/375 [=========================>....] - ETA: 1s - loss: 0.2812
----- stdout -----
337/375 [=========================>....] - ETA: 1s - loss: 0.2811
----- stdout -----
339/375 [==========================>...] - ETA: 1s - loss: 0.2811
----- stdout -----
341/375 [==========================>...] - ETA: 1s - loss: 0.2811
----- stdout -----
343/375 [==========================>...] - ETA: 1s - loss: 0.2811
----- stdout -----
345/375 [==========================>...] - ETA: 1s - loss: 0.2811
----- stdout -----
347/375 [==========================>...] - ETA: 0s - loss: 0.2811
----- stdout -----
349/375 [==========================>...] - ETA: 0s - loss: 0.2811
----- stdout -----
351/375 [===========================>..] - ETA: 0s - loss: 0.2811
----- stdout -----
353/375 [===========================>..] - ETA: 0s - loss: 0.2811
----- stdout -----
355/375 [===========================>..] - ETA: 0s - loss: 0.2811
----- stdout -----
357/375 [===========================>..] - ETA: 0s - loss: 0.2810
----- stdout -----
359/375 [===========================>..] - ETA: 0s - loss: 0.2811
----- stdout -----
361/375 [===========================>..] - ETA: 0s - loss: 0.2811
----- stdout -----
363/375 [============================>.] - ETA: 0s - loss: 0.2810
----- stdout -----
365/375 [============================>.] - ETA: 0s - loss: 0.2810
----- stdout -----
367/375 [============================>.] - ETA: 0s - loss: 0.2810
----- stdout -----
369/375 [============================>.] - ETA: 0s - loss: 0.2810
----- stdout -----
371/375 [============================>.] - ETA: 0s - loss: 0.2810
----- stdout -----
373/375 [============================>.] - ETA: 0s - loss: 0.2809
----- stdout -----
375/375 [==============================] - ETA: 0s - loss: 0.2809
----- stdout -----
375/375 [==============================] - 13s 35ms/step - loss: 0.2809
----- stdout -----
1/1 [==============================] - ETA: 0s
----- stdout -----
1/1 [==============================] - 0s 12ms/step
----- stdout -----

Epoch:  18
----- stdout -----
  1/375 [..............................] - ETA: 14s - loss: 0.2735
----- stdout -----
  3/375 [..............................] - ETA: 13s - loss: 0.2744
----- stdout -----
  5/375 [..............................] - ETA: 12s - loss: 0.2773
----- stdout -----
  7/375 [..............................] - ETA: 12s - loss: 0.2840
----- stdout -----
  9/375 [..............................] - ETA: 12s - loss: 0.2844
----- stdout -----
 11/375 [..............................] - ETA: 12s - loss: 0.2813
----- stdout -----
 13/375 [>.............................] - ETA: 12s - loss: 0.2815
----- stdout -----
 15/375 [>.............................] - ETA: 12s - loss: 0.2822
----- stdout -----
 17/375 [>.............................] - ETA: 12s - loss: 0.2822
----- stdout -----
 19/375 [>.............................] - ETA: 12s - loss: 0.2821
----- stdout -----
 21/375 [>.............................] - ETA: 12s - loss: 0.2824
----- stdout -----
 23/375 [>.............................] - ETA: 12s - loss: 0.2836
----- stdout -----
 25/375 [=>............................] - ETA: 12s - loss: 0.2831
----- stdout -----
 27/375 [=>............................] - ETA: 12s - loss: 0.2840
----- stdout -----
 29/375 [=>............................] - ETA: 12s - loss: 0.2842
----- stdout -----
 31/375 [=>............................] - ETA: 12s - loss: 0.2830
----- stdout -----
 33/375 [=>............................] - ETA: 11s - loss: 0.2831
----- stdout -----
 35/375 [=>............................] - ETA: 11s - loss: 0.2832
----- stdout -----
 37/375 [=>............................] - ETA: 11s - loss: 0.2837
----- stdout -----
 39/375 [==>...........................] - ETA: 11s - loss: 0.2837
----- stdout -----
 41/375 [==>...........................] - ETA: 11s - loss: 0.2827
----- stdout -----
 43/375 [==>...........................] - ETA: 11s - loss: 0.2827
----- stdout -----
 45/375 [==>...........................] - ETA: 11s - loss: 0.2831
----- stdout -----
 47/375 [==>...........................] - ETA: 11s - loss: 0.2826
----- stdout -----
 49/375 [==>...........................] - ETA: 11s - loss: 0.2819
----- stdout -----
 51/375 [===>..........................] - ETA: 11s - loss: 0.2816
----- stdout -----
 53/375 [===>..........................] - ETA: 11s - loss: 0.2816
----- stdout -----
 55/375 [===>..........................] - ETA: 11s - loss: 0.2821
----- stdout -----
 57/375 [===>..........................] - ETA: 11s - loss: 0.2814
----- stdout -----
 59/375 [===>..........................] - ETA: 11s - loss: 0.2810
----- stdout -----
 61/375 [===>..........................] - ETA: 10s - loss: 0.2811
----- stdout -----
 63/375 [====>.........................] - ETA: 10s - loss: 0.2809
----- stdout -----
 65/375 [====>.........................] - ETA: 10s - loss: 0.2803
----- stdout -----
 67/375 [====>.........................] - ETA: 10s - loss: 0.2804
----- stdout -----
 69/375 [====>.........................] - ETA: 10s - loss: 0.2808
----- stdout -----
 71/375 [====>.........................] - ETA: 10s - loss: 0.2810
----- stdout -----
 73/375 [====>.........................] - ETA: 10s - loss: 0.2810
----- stdout -----
 75/375 [=====>........................] - ETA: 10s - loss: 0.2811
----- stdout -----
 77/375 [=====>........................] - ETA: 10s - loss: 0.2808
----- stdout -----
 79/375 [=====>........................] - ETA: 10s - loss: 0.2810
----- stdout -----
 81/375 [=====>........................] - ETA: 10s - loss: 0.2811
----- stdout -----
 83/375 [=====>........................] - ETA: 10s - loss: 0.2806
----- stdout -----
 85/375 [=====>........................] - ETA: 10s - loss: 0.2802
----- stdout -----
 87/375 [=====>........................] - ETA: 10s - loss: 0.2802
----- stdout -----
 89/375 [======>.......................] - ETA: 10s - loss: 0.2804
----- stdout -----
 91/375 [======>.......................] - ETA: 9s - loss: 0.2803
----- stdout -----
 93/375 [======>.......................] - ETA: 9s - loss: 0.2801
----- stdout -----
 95/375 [======>.......................] - ETA: 9s - loss: 0.2802
----- stdout -----
 97/375 [======>.......................] - ETA: 9s - loss: 0.2804
----- stdout -----
 99/375 [======>.......................] - ETA: 9s - loss: 0.2802
----- stdout -----
101/375 [=======>......................] - ETA: 9s - loss: 0.2804
----- stdout -----
103/375 [=======>......................] - ETA: 9s - loss: 0.2802
----- stdout -----
105/375 [=======>......................] - ETA: 9s - loss: 0.2801
----- stdout -----
107/375 [=======>......................] - ETA: 9s - loss: 0.2797
----- stdout -----
109/375 [=======>......................] - ETA: 9s - loss: 0.2797
----- stdout -----
111/375 [=======>......................] - ETA: 9s - loss: 0.2795
----- stdout -----
113/375 [========>.....................] - ETA: 9s - loss: 0.2798
----- stdout -----
115/375 [========>.....................] - ETA: 9s - loss: 0.2798
----- stdout -----
117/375 [========>.....................] - ETA: 9s - loss: 0.2796
----- stdout -----
119/375 [========>.....................] - ETA: 8s - loss: 0.2797
----- stdout -----
121/375 [========>.....................] - ETA: 8s - loss: 0.2798
----- stdout -----
123/375 [========>.....................] - ETA: 8s - loss: 0.2798
----- stdout -----
125/375 [=========>....................] - ETA: 8s - loss: 0.2796
----- stdout -----
127/375 [=========>....................] - ETA: 8s - loss: 0.2795
----- stdout -----
129/375 [=========>....................] - ETA: 8s - loss: 0.2795
----- stdout -----
131/375 [=========>....................] - ETA: 8s - loss: 0.2795
----- stdout -----
133/375 [=========>....................] - ETA: 8s - loss: 0.2796
----- stdout -----
135/375 [=========>....................] - ETA: 8s - loss: 0.2797
----- stdout -----
137/375 [=========>....................] - ETA: 8s - loss: 0.2800
----- stdout -----
139/375 [==========>...................] - ETA: 8s - loss: 0.2800
----- stdout -----
141/375 [==========>...................] - ETA: 8s - loss: 0.2800
----- stdout -----
143/375 [==========>...................] - ETA: 8s - loss: 0.2801
----- stdout -----
145/375 [==========>...................] - ETA: 8s - loss: 0.2801
----- stdout -----
147/375 [==========>...................] - ETA: 7s - loss: 0.2802
----- stdout -----
149/375 [==========>...................] - ETA: 7s - loss: 0.2800
----- stdout -----
151/375 [===========>..................] - ETA: 7s - loss: 0.2802
----- stdout -----
153/375 [===========>..................] - ETA: 7s - loss: 0.2801
----- stdout -----
155/375 [===========>..................] - ETA: 7s - loss: 0.2800
----- stdout -----
157/375 [===========>..................] - ETA: 7s - loss: 0.2799
----- stdout -----
159/375 [===========>..................] - ETA: 7s - loss: 0.2798
----- stdout -----
161/375 [===========>..................] - ETA: 7s - loss: 0.2797
----- stdout -----
163/375 [============>.................] - ETA: 7s - loss: 0.2800
----- stdout -----
165/375 [============>.................] - ETA: 7s - loss: 0.2798
----- stdout -----
167/375 [============>.................] - ETA: 7s - loss: 0.2797
----- stdout -----
169/375 [============>.................] - ETA: 7s - loss: 0.2799
----- stdout -----
171/375 [============>.................] - ETA: 7s - loss: 0.2799
----- stdout -----
173/375 [============>.................] - ETA: 7s - loss: 0.2800
----- stdout -----
175/375 [=============>................] - ETA: 6s - loss: 0.2798
----- stdout -----
177/375 [=============>................] - ETA: 6s - loss: 0.2799
----- stdout -----
179/375 [=============>................] - ETA: 6s - loss: 0.2800
----- stdout -----
181/375 [=============>................] - ETA: 6s - loss: 0.2801
----- stdout -----
183/375 [=============>................] - ETA: 6s - loss: 0.2799
----- stdout -----
185/375 [=============>................] - ETA: 6s - loss: 0.2798
----- stdout -----
187/375 [=============>................] - ETA: 6s - loss: 0.2798
----- stdout -----
189/375 [==============>...............] - ETA: 6s - loss: 0.2798
----- stdout -----
191/375 [==============>...............] - ETA: 6s - loss: 0.2798
----- stdout -----
193/375 [==============>...............] - ETA: 6s - loss: 0.2796
----- stdout -----
195/375 [==============>...............] - ETA: 6s - loss: 0.2797
----- stdout -----
197/375 [==============>...............] - ETA: 6s - loss: 0.2796
----- stdout -----
199/375 [==============>...............] - ETA: 6s - loss: 0.2797
----- stdout -----
201/375 [===============>..............] - ETA: 6s - loss: 0.2795
----- stdout -----
203/375 [===============>..............] - ETA: 6s - loss: 0.2796
----- stdout -----
205/375 [===============>..............] - ETA: 5s - loss: 0.2795
----- stdout -----
207/375 [===============>..............] - ETA: 5s - loss: 0.2796
----- stdout -----
209/375 [===============>..............] - ETA: 5s - loss: 0.2804
----- stdout -----
211/375 [===============>..............] - ETA: 5s - loss: 0.2813
----- stdout -----
213/375 [================>.............] - ETA: 5s - loss: 0.2827
----- stdout -----
215/375 [================>.............] - ETA: 5s - loss: 0.2836
----- stdout -----
217/375 [================>.............] - ETA: 5s - loss: 0.2847
----- stdout -----
219/375 [================>.............] - ETA: 5s - loss: 0.2855
----- stdout -----
221/375 [================>.............] - ETA: 5s - loss: 0.2863
----- stdout -----
223/375 [================>.............] - ETA: 5s - loss: 0.2871
----- stdout -----
225/375 [=================>............] - ETA: 5s - loss: 0.2877
----- stdout -----
227/375 [=================>............] - ETA: 5s - loss: 0.2882
----- stdout -----
229/375 [=================>............] - ETA: 5s - loss: 0.2888
----- stdout -----
231/375 [=================>............] - ETA: 5s - loss: 0.2893
----- stdout -----
233/375 [=================>............] - ETA: 4s - loss: 0.2897
----- stdout -----
235/375 [=================>............] - ETA: 4s - loss: 0.2901
----- stdout -----
237/375 [=================>............] - ETA: 4s - loss: 0.2904
----- stdout -----
239/375 [==================>...........] - ETA: 4s - loss: 0.2908
----- stdout -----
241/375 [==================>...........] - ETA: 4s - loss: 0.2912
----- stdout -----
243/375 [==================>...........] - ETA: 4s - loss: 0.2914
----- stdout -----
245/375 [==================>...........] - ETA: 4s - loss: 0.2919
----- stdout -----
247/375 [==================>...........] - ETA: 4s - loss: 0.2922
----- stdout -----
249/375 [==================>...........] - ETA: 4s - loss: 0.2923
----- stdout -----
251/375 [===================>..........] - ETA: 4s - loss: 0.2925
----- stdout -----
253/375 [===================>..........] - ETA: 4s - loss: 0.2926
----- stdout -----
255/375 [===================>..........] - ETA: 4s - loss: 0.2925
----- stdout -----
257/375 [===================>..........] - ETA: 4s - loss: 0.2926
----- stdout -----
259/375 [===================>..........] - ETA: 4s - loss: 0.2928
----- stdout -----
261/375 [===================>..........] - ETA: 3s - loss: 0.2930
----- stdout -----
263/375 [====================>.........] - ETA: 3s - loss: 0.2930
----- stdout -----
265/375 [====================>.........] - ETA: 3s - loss: 0.2932
----- stdout -----
267/375 [====================>.........] - ETA: 3s - loss: 0.2932
----- stdout -----
269/375 [====================>.........] - ETA: 3s - loss: 0.2933
----- stdout -----
271/375 [====================>.........] - ETA: 3s - loss: 0.2933
----- stdout -----
273/375 [====================>.........] - ETA: 3s - loss: 0.2933
----- stdout -----
275/375 [=====================>........] - ETA: 3s - loss: 0.2933
----- stdout -----
277/375 [=====================>........] - ETA: 3s - loss: 0.2934
----- stdout -----
279/375 [=====================>........] - ETA: 3s - loss: 0.2934
----- stdout -----
281/375 [=====================>........] - ETA: 3s - loss: 0.2935
----- stdout -----
283/375 [=====================>........] - ETA: 3s - loss: 0.2936
----- stdout -----
285/375 [=====================>........] - ETA: 3s - loss: 0.2936
----- stdout -----
287/375 [=====================>........] - ETA: 3s - loss: 0.2936
----- stdout -----
289/375 [======================>.......] - ETA: 3s - loss: 0.2935
----- stdout -----
291/375 [======================>.......] - ETA: 2s - loss: 0.2936
----- stdout -----
293/375 [======================>.......] - ETA: 2s - loss: 0.2935
----- stdout -----
295/375 [======================>.......] - ETA: 2s - loss: 0.2935
----- stdout -----
297/375 [======================>.......] - ETA: 2s - loss: 0.2935
----- stdout -----
299/375 [======================>.......] - ETA: 2s - loss: 0.2935
----- stdout -----
301/375 [=======================>......] - ETA: 2s - loss: 0.2934
----- stdout -----
303/375 [=======================>......] - ETA: 2s - loss: 0.2935
----- stdout -----
305/375 [=======================>......] - ETA: 2s - loss: 0.2935
----- stdout -----
307/375 [=======================>......] - ETA: 2s - loss: 0.2935
----- stdout -----
309/375 [=======================>......] - ETA: 2s - loss: 0.2935
----- stdout -----
311/375 [=======================>......] - ETA: 2s - loss: 0.2934
----- stdout -----
313/375 [========================>.....] - ETA: 2s - loss: 0.2935
----- stdout -----
315/375 [========================>.....] - ETA: 2s - loss: 0.2935
----- stdout -----
317/375 [========================>.....] - ETA: 2s - loss: 0.2934
----- stdout -----
319/375 [========================>.....] - ETA: 1s - loss: 0.2934
----- stdout -----
321/375 [========================>.....] - ETA: 1s - loss: 0.2934
----- stdout -----
323/375 [========================>.....] - ETA: 1s - loss: 0.2933
----- stdout -----
325/375 [=========================>....] - ETA: 1s - loss: 0.2933
----- stdout -----
327/375 [=========================>....] - ETA: 1s - loss: 0.2933
----- stdout -----
329/375 [=========================>....] - ETA: 1s - loss: 0.2933
----- stdout -----
331/375 [=========================>....] - ETA: 1s - loss: 0.2933
----- stdout -----
333/375 [=========================>....] - ETA: 1s - loss: 0.2933
----- stdout -----
335/375 [=========================>....] - ETA: 1s - loss: 0.2933
----- stdout -----
337/375 [=========================>....] - ETA: 1s - loss: 0.2933
----- stdout -----
339/375 [==========================>...] - ETA: 1s - loss: 0.2934
----- stdout -----
341/375 [==========================>...] - ETA: 1s - loss: 0.2934
----- stdout -----
343/375 [==========================>...] - ETA: 1s - loss: 0.2933
----- stdout -----
345/375 [==========================>...] - ETA: 1s - loss: 0.2933
----- stdout -----
347/375 [==========================>...] - ETA: 0s - loss: 0.2933
----- stdout -----
349/375 [==========================>...] - ETA: 0s - loss: 0.2933
----- stdout -----
351/375 [===========================>..] - ETA: 0s - loss: 0.2933
----- stdout -----
353/375 [===========================>..] - ETA: 0s - loss: 0.2933
----- stdout -----
355/375 [===========================>..] - ETA: 0s - loss: 0.2933
----- stdout -----
357/375 [===========================>..] - ETA: 0s - loss: 0.2932
----- stdout -----
359/375 [===========================>..] - ETA: 0s - loss: 0.2932
----- stdout -----
361/375 [===========================>..] - ETA: 0s - loss: 0.2932
----- stdout -----
363/375 [============================>.] - ETA: 0s - loss: 0.2931
----- stdout -----
365/375 [============================>.] - ETA: 0s - loss: 0.2931
----- stdout -----
367/375 [============================>.] - ETA: 0s - loss: 0.2930
----- stdout -----
369/375 [============================>.] - ETA: 0s - loss: 0.2929
----- stdout -----
371/375 [============================>.] - ETA: 0s - loss: 0.2929
----- stdout -----
373/375 [============================>.] - ETA: 0s - loss: 0.2929
----- stdout -----
375/375 [==============================] - ETA: 0s - loss: 0.2929
----- stdout -----
375/375 [==============================] - 13s 35ms/step - loss: 0.2929
----- stdout -----
1/1 [==============================] - ETA: 0s
----- stdout -----
1/1 [==============================] - 0s 12ms/step
----- stdout -----

Epoch:  19
----- stdout -----
  1/375 [..............................] - ETA: 14s - loss: 0.2839
----- stdout -----
  3/375 [..............................] - ETA: 13s - loss: 0.2769
----- stdout -----
  5/375 [..............................] - ETA: 12s - loss: 0.2829
----- stdout -----
  7/375 [..............................] - ETA: 12s - loss: 0.2849
----- stdout -----
  9/375 [..............................] - ETA: 12s - loss: 0.2840
----- stdout -----
 11/375 [..............................] - ETA: 12s - loss: 0.2825
----- stdout -----
 13/375 [>.............................] - ETA: 12s - loss: 0.2819
----- stdout -----
 15/375 [>.............................] - ETA: 12s - loss: 0.2842
----- stdout -----
 17/375 [>.............................] - ETA: 12s - loss: 0.2825
----- stdout -----
 19/375 [>.............................] - ETA: 12s - loss: 0.2837
----- stdout -----
 21/375 [>.............................] - ETA: 12s - loss: 0.2850
----- stdout -----
 23/375 [>.............................] - ETA: 12s - loss: 0.2848
----- stdout -----
 25/375 [=>............................] - ETA: 12s - loss: 0.2844
----- stdout -----
 27/375 [=>............................] - ETA: 12s - loss: 0.2844
----- stdout -----
 29/375 [=>............................] - ETA: 12s - loss: 0.2845
----- stdout -----
 31/375 [=>............................] - ETA: 12s - loss: 0.2842
----- stdout -----
 33/375 [=>............................] - ETA: 11s - loss: 0.2844
----- stdout -----
 35/375 [=>............................] - ETA: 11s - loss: 0.2841
----- stdout -----
 37/375 [=>............................] - ETA: 11s - loss: 0.2834
----- stdout -----
 39/375 [==>...........................] - ETA: 11s - loss: 0.2837
----- stdout -----
 41/375 [==>...........................] - ETA: 11s - loss: 0.2827
----- stdout -----
 43/375 [==>...........................] - ETA: 11s - loss: 0.2826
----- stdout -----
 45/375 [==>...........................] - ETA: 11s - loss: 0.2834
----- stdout -----
 47/375 [==>...........................] - ETA: 11s - loss: 0.2847
----- stdout -----
 49/375 [==>...........................] - ETA: 11s - loss: 0.2848
----- stdout -----
 51/375 [===>..........................] - ETA: 11s - loss: 0.2848
----- stdout -----
 53/375 [===>..........................] - ETA: 11s - loss: 0.2848
----- stdout -----
 55/375 [===>..........................] - ETA: 11s - loss: 0.2850
----- stdout -----
 57/375 [===>..........................] - ETA: 11s - loss: 0.2847
----- stdout -----
 59/375 [===>..........................] - ETA: 11s - loss: 0.2855
----- stdout -----
 61/375 [===>..........................] - ETA: 10s - loss: 0.2859
----- stdout -----
 63/375 [====>.........................] - ETA: 10s - loss: 0.2859
----- stdout -----
 65/375 [====>.........................] - ETA: 10s - loss: 0.2855
----- stdout -----
 67/375 [====>.........................] - ETA: 10s - loss: 0.2848
----- stdout -----
 69/375 [====>.........................] - ETA: 10s - loss: 0.2850
----- stdout -----
 71/375 [====>.........................] - ETA: 10s - loss: 0.2853
----- stdout -----
 73/375 [====>.........................] - ETA: 10s - loss: 0.2855
----- stdout -----
 75/375 [=====>........................] - ETA: 10s - loss: 0.2856
----- stdout -----
 77/375 [=====>........................] - ETA: 10s - loss: 0.2852
----- stdout -----
 79/375 [=====>........................] - ETA: 10s - loss: 0.2853
----- stdout -----
 81/375 [=====>........................] - ETA: 10s - loss: 0.2853
----- stdout -----
 83/375 [=====>........................] - ETA: 10s - loss: 0.2852
----- stdout -----
 85/375 [=====>........................] - ETA: 10s - loss: 0.2855
----- stdout -----
 87/375 [=====>........................] - ETA: 10s - loss: 0.2852
----- stdout -----
 89/375 [======>.......................] - ETA: 9s - loss: 0.2849
----- stdout -----
 91/375 [======>.......................] - ETA: 9s - loss: 0.2845
----- stdout -----
 93/375 [======>.......................] - ETA: 9s - loss: 0.2843
----- stdout -----
 95/375 [======>.......................] - ETA: 9s - loss: 0.2844
----- stdout -----
 97/375 [======>.......................] - ETA: 9s - loss: 0.2845
----- stdout -----
 99/375 [======>.......................] - ETA: 9s - loss: 0.2844
----- stdout -----
101/375 [=======>......................] - ETA: 9s - loss: 0.2841
----- stdout -----
103/375 [=======>......................] - ETA: 9s - loss: 0.2841
----- stdout -----
105/375 [=======>......................] - ETA: 9s - loss: 0.2840
----- stdout -----
107/375 [=======>......................] - ETA: 9s - loss: 0.2842
----- stdout -----
109/375 [=======>......................] - ETA: 9s - loss: 0.2841
----- stdout -----
111/375 [=======>......................] - ETA: 9s - loss: 0.2839
----- stdout -----
113/375 [========>.....................] - ETA: 9s - loss: 0.2840
----- stdout -----
115/375 [========>.....................] - ETA: 9s - loss: 0.2842
----- stdout -----
117/375 [========>.....................] - ETA: 9s - loss: 0.2842
----- stdout -----
119/375 [========>.....................] - ETA: 8s - loss: 0.2843
----- stdout -----
121/375 [========>.....................] - ETA: 8s - loss: 0.2842
----- stdout -----
123/375 [========>.....................] - ETA: 8s - loss: 0.2841
----- stdout -----
125/375 [=========>....................] - ETA: 8s - loss: 0.2839
----- stdout -----
127/375 [=========>....................] - ETA: 8s - loss: 0.2838
----- stdout -----
129/375 [=========>....................] - ETA: 8s - loss: 0.2838
----- stdout -----
131/375 [=========>....................] - ETA: 8s - loss: 0.2840
----- stdout -----
133/375 [=========>....................] - ETA: 8s - loss: 0.2838
----- stdout -----
135/375 [=========>....................] - ETA: 8s - loss: 0.2834
----- stdout -----
137/375 [=========>....................] - ETA: 8s - loss: 0.2835
----- stdout -----
139/375 [==========>...................] - ETA: 8s - loss: 0.2835
----- stdout -----
141/375 [==========>...................] - ETA: 8s - loss: 0.2837
----- stdout -----
143/375 [==========>...................] - ETA: 8s - loss: 0.2837
----- stdout -----
145/375 [==========>...................] - ETA: 8s - loss: 0.2836
----- stdout -----
147/375 [==========>...................] - ETA: 7s - loss: 0.2835
----- stdout -----
149/375 [==========>...................] - ETA: 7s - loss: 0.2833
----- stdout -----
151/375 [===========>..................] - ETA: 7s - loss: 0.2834
----- stdout -----
153/375 [===========>..................] - ETA: 7s - loss: 0.2832
----- stdout -----
155/375 [===========>..................] - ETA: 7s - loss: 0.2835
----- stdout -----
157/375 [===========>..................] - ETA: 7s - loss: 0.2836
----- stdout -----
159/375 [===========>..................] - ETA: 7s - loss: 0.2837
----- stdout -----
161/375 [===========>..................] - ETA: 7s - loss: 0.2839
----- stdout -----
163/375 [============>.................] - ETA: 7s - loss: 0.2840
----- stdout -----
165/375 [============>.................] - ETA: 7s - loss: 0.2839
----- stdout -----
167/375 [============>.................] - ETA: 7s - loss: 0.2838
----- stdout -----
169/375 [============>.................] - ETA: 7s - loss: 0.2838
----- stdout -----
171/375 [============>.................] - ETA: 7s - loss: 0.2838
----- stdout -----
173/375 [============>.................] - ETA: 7s - loss: 0.2840
----- stdout -----
175/375 [=============>................] - ETA: 6s - loss: 0.2839
----- stdout -----
177/375 [=============>................] - ETA: 6s - loss: 0.2839
----- stdout -----
179/375 [=============>................] - ETA: 6s - loss: 0.2840
----- stdout -----
181/375 [=============>................] - ETA: 6s - loss: 0.2841
----- stdout -----
183/375 [=============>................] - ETA: 6s - loss: 0.2842
----- stdout -----
185/375 [=============>................] - ETA: 6s - loss: 0.2842
----- stdout -----
187/375 [=============>................] - ETA: 6s - loss: 0.2842
----- stdout -----
189/375 [==============>...............] - ETA: 6s - loss: 0.2841
----- stdout -----
191/375 [==============>...............] - ETA: 6s - loss: 0.2841
----- stdout -----
193/375 [==============>...............] - ETA: 6s - loss: 0.2841
----- stdout -----
195/375 [==============>...............] - ETA: 6s - loss: 0.2842
----- stdout -----
197/375 [==============>...............] - ETA: 6s - loss: 0.2843
----- stdout -----
199/375 [==============>...............] - ETA: 6s - loss: 0.2843
----- stdout -----
201/375 [===============>..............] - ETA: 6s - loss: 0.2842
----- stdout -----
203/375 [===============>..............] - ETA: 6s - loss: 0.2840
----- stdout -----
205/375 [===============>..............] - ETA: 5s - loss: 0.2839
----- stdout -----
207/375 [===============>..............] - ETA: 5s - loss: 0.2839
----- stdout -----
209/375 [===============>..............] - ETA: 5s - loss: 0.2840
----- stdout -----
211/375 [===============>..............] - ETA: 5s - loss: 0.2839
----- stdout -----
213/375 [================>.............] - ETA: 5s - loss: 0.2840
----- stdout -----
215/375 [================>.............] - ETA: 5s - loss: 0.2839
----- stdout -----
217/375 [================>.............] - ETA: 5s - loss: 0.2839
----- stdout -----
219/375 [================>.............] - ETA: 5s - loss: 0.2841
----- stdout -----
221/375 [================>.............] - ETA: 5s - loss: 0.2841
----- stdout -----
223/375 [================>.............] - ETA: 5s - loss: 0.2842
----- stdout -----
225/375 [=================>............] - ETA: 5s - loss: 0.2842
----- stdout -----
227/375 [=================>............] - ETA: 5s - loss: 0.2842
----- stdout -----
229/375 [=================>............] - ETA: 5s - loss: 0.2843
----- stdout -----
231/375 [=================>............] - ETA: 5s - loss: 0.2842
----- stdout -----
233/375 [=================>............] - ETA: 4s - loss: 0.2842
----- stdout -----
235/375 [=================>............] - ETA: 4s - loss: 0.2841
----- stdout -----
237/375 [=================>............] - ETA: 4s - loss: 0.2840
----- stdout -----
239/375 [==================>...........] - ETA: 4s - loss: 0.2841
----- stdout -----
241/375 [==================>...........] - ETA: 4s - loss: 0.2839
----- stdout -----
243/375 [==================>...........] - ETA: 4s - loss: 0.2841
----- stdout -----
245/375 [==================>...........] - ETA: 4s - loss: 0.2841
----- stdout -----
247/375 [==================>...........] - ETA: 4s - loss: 0.2841
----- stdout -----
249/375 [==================>...........] - ETA: 4s - loss: 0.2842
----- stdout -----
251/375 [===================>..........] - ETA: 4s - loss: 0.2842
----- stdout -----
253/375 [===================>..........] - ETA: 4s - loss: 0.2842
----- stdout -----
255/375 [===================>..........] - ETA: 4s - loss: 0.2841
----- stdout -----
257/375 [===================>..........] - ETA: 4s - loss: 0.2841
----- stdout -----
259/375 [===================>..........] - ETA: 4s - loss: 0.2839
----- stdout -----
261/375 [===================>..........] - ETA: 3s - loss: 0.2839
----- stdout -----
263/375 [====================>.........] - ETA: 3s - loss: 0.2839
----- stdout -----
265/375 [====================>.........] - ETA: 3s - loss: 0.2840
----- stdout -----
267/375 [====================>.........] - ETA: 3s - loss: 0.2839
----- stdout -----
269/375 [====================>.........] - ETA: 3s - loss: 0.2839
----- stdout -----
271/375 [====================>.........] - ETA: 3s - loss: 0.2840
----- stdout -----
273/375 [====================>.........] - ETA: 3s - loss: 0.2838
----- stdout -----
275/375 [=====================>........] - ETA: 3s - loss: 0.2837
----- stdout -----
277/375 [=====================>........] - ETA: 3s - loss: 0.2838
----- stdout -----
279/375 [=====================>........] - ETA: 3s - loss: 0.2839
----- stdout -----
281/375 [=====================>........] - ETA: 3s - loss: 0.2839
----- stdout -----
283/375 [=====================>........] - ETA: 3s - loss: 0.2839
----- stdout -----
285/375 [=====================>........] - ETA: 3s - loss: 0.2839
----- stdout -----
287/375 [=====================>........] - ETA: 3s - loss: 0.2838
----- stdout -----
289/375 [======================>.......] - ETA: 3s - loss: 0.2838
----- stdout -----
291/375 [======================>.......] - ETA: 2s - loss: 0.2837
----- stdout -----
293/375 [======================>.......] - ETA: 2s - loss: 0.2837
----- stdout -----
295/375 [======================>.......] - ETA: 2s - loss: 0.2837
----- stdout -----
297/375 [======================>.......] - ETA: 2s - loss: 0.2836
----- stdout -----
299/375 [======================>.......] - ETA: 2s - loss: 0.2836
----- stdout -----
301/375 [=======================>......] - ETA: 2s - loss: 0.2835
----- stdout -----
303/375 [=======================>......] - ETA: 2s - loss: 0.2835
----- stdout -----
305/375 [=======================>......] - ETA: 2s - loss: 0.2836
----- stdout -----
307/375 [=======================>......] - ETA: 2s - loss: 0.2835
----- stdout -----
309/375 [=======================>......] - ETA: 2s - loss: 0.2835
----- stdout -----
311/375 [=======================>......] - ETA: 2s - loss: 0.2835
----- stdout -----
313/375 [========================>.....] - ETA: 2s - loss: 0.2836
----- stdout -----
315/375 [========================>.....] - ETA: 2s - loss: 0.2835
----- stdout -----
317/375 [========================>.....] - ETA: 2s - loss: 0.2836
----- stdout -----
319/375 [========================>.....] - ETA: 1s - loss: 0.2835
----- stdout -----
321/375 [========================>.....] - ETA: 1s - loss: 0.2834
----- stdout -----
323/375 [========================>.....] - ETA: 1s - loss: 0.2835
----- stdout -----
325/375 [=========================>....] - ETA: 1s - loss: 0.2835
----- stdout -----
327/375 [=========================>....] - ETA: 1s - loss: 0.2834
----- stdout -----
329/375 [=========================>....] - ETA: 1s - loss: 0.2835
----- stdout -----
331/375 [=========================>....] - ETA: 1s - loss: 0.2835
----- stdout -----
333/375 [=========================>....] - ETA: 1s - loss: 0.2834
----- stdout -----
335/375 [=========================>....] - ETA: 1s - loss: 0.2834
----- stdout -----
337/375 [=========================>....] - ETA: 1s - loss: 0.2833
----- stdout -----
339/375 [==========================>...] - ETA: 1s - loss: 0.2832
----- stdout -----
341/375 [==========================>...] - ETA: 1s - loss: 0.2832
----- stdout -----
343/375 [==========================>...] - ETA: 1s - loss: 0.2833
----- stdout -----
345/375 [==========================>...] - ETA: 1s - loss: 0.2834
----- stdout -----
347/375 [==========================>...] - ETA: 0s - loss: 0.2834
----- stdout -----
349/375 [==========================>...] - ETA: 0s - loss: 0.2832
----- stdout -----
351/375 [===========================>..] - ETA: 0s - loss: 0.2833
----- stdout -----
353/375 [===========================>..] - ETA: 0s - loss: 0.2833
----- stdout -----
355/375 [===========================>..] - ETA: 0s - loss: 0.2833
----- stdout -----
357/375 [===========================>..] - ETA: 0s - loss: 0.2832
----- stdout -----
359/375 [===========================>..] - ETA: 0s - loss: 0.2831
----- stdout -----
361/375 [===========================>..] - ETA: 0s - loss: 0.2831
----- stdout -----
363/375 [============================>.] - ETA: 0s - loss: 0.2832
----- stdout -----
365/375 [============================>.] - ETA: 0s - loss: 0.2832
----- stdout -----
367/375 [============================>.] - ETA: 0s - loss: 0.2832
----- stdout -----
369/375 [============================>.] - ETA: 0s - loss: 0.2831
----- stdout -----
371/375 [============================>.] - ETA: 0s - loss: 0.2831
----- stdout -----
373/375 [============================>.] - ETA: 0s - loss: 0.2831
----- stdout -----
375/375 [==============================] - ETA: 0s - loss: 0.2831
----- stdout -----
375/375 [==============================] - 13s 35ms/step - loss: 0.2831
----- stdout -----
1/1 [==============================] - ETA: 0s
----- stdout -----
1/1 [==============================] - 0s 12ms/step
----- stdout -----

Epoch:  20
----- stdout -----
  1/375 [..............................] - ETA: 14s - loss: 0.2858
----- stdout -----
  3/375 [..............................] - ETA: 13s - loss: 0.2821
----- stdout -----
  5/375 [..............................] - ETA: 12s - loss: 0.2729
----- stdout -----
  7/375 [..............................] - ETA: 12s - loss: 0.2781
----- stdout -----
  9/375 [..............................] - ETA: 12s - loss: 0.2773
----- stdout -----
 11/375 [..............................] - ETA: 12s - loss: 0.2778
----- stdout -----
 13/375 [>.............................] - ETA: 12s - loss: 0.2802
----- stdout -----
 15/375 [>.............................] - ETA: 12s - loss: 0.2789
----- stdout -----
 17/375 [>.............................] - ETA: 12s - loss: 0.2805
----- stdout -----
 19/375 [>.............................] - ETA: 12s - loss: 0.2800
----- stdout -----
 21/375 [>.............................] - ETA: 12s - loss: 0.2807
----- stdout -----
 23/375 [>.............................] - ETA: 12s - loss: 0.2797
----- stdout -----
 25/375 [=>............................] - ETA: 12s - loss: 0.2805
----- stdout -----
 27/375 [=>............................] - ETA: 12s - loss: 0.2797
----- stdout -----
 29/375 [=>............................] - ETA: 12s - loss: 0.2789
----- stdout -----
 31/375 [=>............................] - ETA: 11s - loss: 0.2790
----- stdout -----
 33/375 [=>............................] - ETA: 11s - loss: 0.2796
----- stdout -----
 35/375 [=>............................] - ETA: 11s - loss: 0.2797
----- stdout -----
 37/375 [=>............................] - ETA: 11s - loss: 0.2806
----- stdout -----
 39/375 [==>...........................] - ETA: 11s - loss: 0.2804
----- stdout -----
 41/375 [==>...........................] - ETA: 11s - loss: 0.2805
----- stdout -----
 43/375 [==>...........................] - ETA: 11s - loss: 0.2819
----- stdout -----
 45/375 [==>...........................] - ETA: 11s - loss: 0.2814
----- stdout -----
 47/375 [==>...........................] - ETA: 11s - loss: 0.2815
----- stdout -----
 49/375 [==>...........................] - ETA: 11s - loss: 0.2817
----- stdout -----
 51/375 [===>..........................] - ETA: 11s - loss: 0.2815
----- stdout -----
 53/375 [===>..........................] - ETA: 11s - loss: 0.2817
----- stdout -----
 55/375 [===>..........................] - ETA: 11s - loss: 0.2821
----- stdout -----
 57/375 [===>..........................] - ETA: 11s - loss: 0.2819
----- stdout -----
 59/375 [===>..........................] - ETA: 11s - loss: 0.2819
----- stdout -----
 61/375 [===>..........................] - ETA: 10s - loss: 0.2820
----- stdout -----
 63/375 [====>.........................] - ETA: 10s - loss: 0.2824
----- stdout -----
 65/375 [====>.........................] - ETA: 10s - loss: 0.2816
----- stdout -----
 67/375 [====>.........................] - ETA: 10s - loss: 0.2815
----- stdout -----
 69/375 [====>.........................] - ETA: 10s - loss: 0.2814
----- stdout -----
 71/375 [====>.........................] - ETA: 10s - loss: 0.2814
----- stdout -----
 73/375 [====>.........................] - ETA: 10s - loss: 0.2811
----- stdout -----
 75/375 [=====>........................] - ETA: 10s - loss: 0.2814
----- stdout -----
 77/375 [=====>........................] - ETA: 10s - loss: 0.2815
----- stdout -----
 79/375 [=====>........................] - ETA: 10s - loss: 0.2820
----- stdout -----
 81/375 [=====>........................] - ETA: 10s - loss: 0.2819
----- stdout -----
 83/375 [=====>........................] - ETA: 10s - loss: 0.2819
----- stdout -----
 85/375 [=====>........................] - ETA: 10s - loss: 0.2817
----- stdout -----
 87/375 [=====>........................] - ETA: 10s - loss: 0.2821
----- stdout -----
 89/375 [======>.......................] - ETA: 9s - loss: 0.2819
----- stdout -----
 91/375 [======>.......................] - ETA: 9s - loss: 0.2820
----- stdout -----
 93/375 [======>.......................] - ETA: 9s - loss: 0.2817
----- stdout -----
 95/375 [======>.......................] - ETA: 9s - loss: 0.2816
----- stdout -----
 97/375 [======>.......................] - ETA: 9s - loss: 0.2818
----- stdout -----
 99/375 [======>.......................] - ETA: 9s - loss: 0.2816
----- stdout -----
101/375 [=======>......................] - ETA: 9s - loss: 0.2820
----- stdout -----
103/375 [=======>......................] - ETA: 9s - loss: 0.2820
----- stdout -----
105/375 [=======>......................] - ETA: 9s - loss: 0.2818
----- stdout -----
107/375 [=======>......................] - ETA: 9s - loss: 0.2816
----- stdout -----
109/375 [=======>......................] - ETA: 9s - loss: 0.2816
----- stdout -----
111/375 [=======>......................] - ETA: 9s - loss: 0.2816
----- stdout -----
113/375 [========>.....................] - ETA: 9s - loss: 0.2819
----- stdout -----
115/375 [========>.....................] - ETA: 9s - loss: 0.2818
----- stdout -----
117/375 [========>.....................] - ETA: 9s - loss: 0.2817
----- stdout -----
119/375 [========>.....................] - ETA: 8s - loss: 0.2818
----- stdout -----
121/375 [========>.....................] - ETA: 8s - loss: 0.2817
----- stdout -----
123/375 [========>.....................] - ETA: 8s - loss: 0.2818
----- stdout -----
125/375 [=========>....................] - ETA: 8s - loss: 0.2819
----- stdout -----
127/375 [=========>....................] - ETA: 8s - loss: 0.2820
----- stdout -----
129/375 [=========>....................] - ETA: 8s - loss: 0.2820
----- stdout -----
131/375 [=========>....................] - ETA: 8s - loss: 0.2821
----- stdout -----
133/375 [=========>....................] - ETA: 8s - loss: 0.2820
----- stdout -----
135/375 [=========>....................] - ETA: 8s - loss: 0.2819
----- stdout -----
137/375 [=========>....................] - ETA: 8s - loss: 0.2821
----- stdout -----
139/375 [==========>...................] - ETA: 8s - loss: 0.2822
----- stdout -----
141/375 [==========>...................] - ETA: 8s - loss: 0.2823
----- stdout -----
143/375 [==========>...................] - ETA: 8s - loss: 0.2821
----- stdout -----
145/375 [==========>...................] - ETA: 8s - loss: 0.2824
----- stdout -----
147/375 [==========>...................] - ETA: 7s - loss: 0.2822
----- stdout -----
149/375 [==========>...................] - ETA: 7s - loss: 0.2821
----- stdout -----
151/375 [===========>..................] - ETA: 7s - loss: 0.2820
----- stdout -----
153/375 [===========>..................] - ETA: 7s - loss: 0.2821
----- stdout -----
155/375 [===========>..................] - ETA: 7s - loss: 0.2821
----- stdout -----
157/375 [===========>..................] - ETA: 7s - loss: 0.2821
----- stdout -----
159/375 [===========>..................] - ETA: 7s - loss: 0.2820
----- stdout -----
161/375 [===========>..................] - ETA: 7s - loss: 0.2819
----- stdout -----
163/375 [============>.................] - ETA: 7s - loss: 0.2820
----- stdout -----
165/375 [============>.................] - ETA: 7s - loss: 0.2819
----- stdout -----
167/375 [============>.................] - ETA: 7s - loss: 0.2818
----- stdout -----
169/375 [============>.................] - ETA: 7s - loss: 0.2817
----- stdout -----
171/375 [============>.................] - ETA: 7s - loss: 0.2815
----- stdout -----
173/375 [============>.................] - ETA: 7s - loss: 0.2814
----- stdout -----
175/375 [=============>................] - ETA: 6s - loss: 0.2812
----- stdout -----
177/375 [=============>................] - ETA: 6s - loss: 0.2812
----- stdout -----
179/375 [=============>................] - ETA: 6s - loss: 0.2810
----- stdout -----
181/375 [=============>................] - ETA: 6s - loss: 0.2809
----- stdout -----
183/375 [=============>................] - ETA: 6s - loss: 0.2809
----- stdout -----
185/375 [=============>................] - ETA: 6s - loss: 0.2810
----- stdout -----
187/375 [=============>................] - ETA: 6s - loss: 0.2809
----- stdout -----
189/375 [==============>...............] - ETA: 6s - loss: 0.2809
----- stdout -----
191/375 [==============>...............] - ETA: 6s - loss: 0.2810
----- stdout -----
193/375 [==============>...............] - ETA: 6s - loss: 0.2810
----- stdout -----
195/375 [==============>...............] - ETA: 6s - loss: 0.2809
----- stdout -----
197/375 [==============>...............] - ETA: 6s - loss: 0.2809
----- stdout -----
199/375 [==============>...............] - ETA: 6s - loss: 0.2809
----- stdout -----
201/375 [===============>..............] - ETA: 6s - loss: 0.2809
----- stdout -----
203/375 [===============>..............] - ETA: 6s - loss: 0.2809
----- stdout -----
205/375 [===============>..............] - ETA: 5s - loss: 0.2809
----- stdout -----
207/375 [===============>..............] - ETA: 5s - loss: 0.2807
----- stdout -----
209/375 [===============>..............] - ETA: 5s - loss: 0.2805
----- stdout -----
211/375 [===============>..............] - ETA: 5s - loss: 0.2805
----- stdout -----
213/375 [================>.............] - ETA: 5s - loss: 0.2805
----- stdout -----
215/375 [================>.............] - ETA: 5s - loss: 0.2806
----- stdout -----
217/375 [================>.............] - ETA: 5s - loss: 0.2806
----- stdout -----
219/375 [================>.............] - ETA: 5s - loss: 0.2806
----- stdout -----
221/375 [================>.............] - ETA: 5s - loss: 0.2806
----- stdout -----
223/375 [================>.............] - ETA: 5s - loss: 0.2808
----- stdout -----
225/375 [=================>............] - ETA: 5s - loss: 0.2808
----- stdout -----
227/375 [=================>............] - ETA: 5s - loss: 0.2808
----- stdout -----
229/375 [=================>............] - ETA: 5s - loss: 0.2807
----- stdout -----
231/375 [=================>............] - ETA: 5s - loss: 0.2807
----- stdout -----
233/375 [=================>............] - ETA: 4s - loss: 0.2806
----- stdout -----
235/375 [=================>............] - ETA: 4s - loss: 0.2805
----- stdout -----
237/375 [=================>............] - ETA: 4s - loss: 0.2803
----- stdout -----
239/375 [==================>...........] - ETA: 4s - loss: 0.2802
----- stdout -----
241/375 [==================>...........] - ETA: 4s - loss: 0.2801
----- stdout -----
243/375 [==================>...........] - ETA: 4s - loss: 0.2801
----- stdout -----
245/375 [==================>...........] - ETA: 4s - loss: 0.2801
----- stdout -----
247/375 [==================>...........] - ETA: 4s - loss: 0.2801
----- stdout -----
249/375 [==================>...........] - ETA: 4s - loss: 0.2802
----- stdout -----
251/375 [===================>..........] - ETA: 4s - loss: 0.2803
----- stdout -----
253/375 [===================>..........] - ETA: 4s - loss: 0.2801
----- stdout -----
255/375 [===================>..........] - ETA: 4s - loss: 0.2803
----- stdout -----
257/375 [===================>..........] - ETA: 4s - loss: 0.2802
----- stdout -----
259/375 [===================>..........] - ETA: 4s - loss: 0.2804
----- stdout -----
261/375 [===================>..........] - ETA: 3s - loss: 0.2804
----- stdout -----
263/375 [====================>.........] - ETA: 3s - loss: 0.2805
----- stdout -----
265/375 [====================>.........] - ETA: 3s - loss: 0.2805
----- stdout -----
267/375 [====================>.........] - ETA: 3s - loss: 0.2805
----- stdout -----
269/375 [====================>.........] - ETA: 3s - loss: 0.2805
----- stdout -----
271/375 [====================>.........] - ETA: 3s - loss: 0.2806
----- stdout -----
273/375 [====================>.........] - ETA: 3s - loss: 0.2809
----- stdout -----
275/375 [=====================>........] - ETA: 3s - loss: 0.2810
----- stdout -----
277/375 [=====================>........] - ETA: 3s - loss: 0.2815
----- stdout -----
279/375 [=====================>........] - ETA: 3s - loss: 0.2817
----- stdout -----
281/375 [=====================>........] - ETA: 3s - loss: 0.2820
----- stdout -----
283/375 [=====================>........] - ETA: 3s - loss: 0.2822
----- stdout -----
285/375 [=====================>........] - ETA: 3s - loss: 0.2825
----- stdout -----
287/375 [=====================>........] - ETA: 3s - loss: 0.2827
----- stdout -----
289/375 [======================>.......] - ETA: 3s - loss: 0.2829
----- stdout -----
291/375 [======================>.......] - ETA: 2s - loss: 0.2830
----- stdout -----
293/375 [======================>.......] - ETA: 2s - loss: 0.2831
----- stdout -----
295/375 [======================>.......] - ETA: 2s - loss: 0.2833
----- stdout -----
297/375 [======================>.......] - ETA: 2s - loss: 0.2834
----- stdout -----
299/375 [======================>.......] - ETA: 2s - loss: 0.2834
----- stdout -----
301/375 [=======================>......] - ETA: 2s - loss: 0.2835
----- stdout -----
303/375 [=======================>......] - ETA: 2s - loss: 0.2835
----- stdout -----
305/375 [=======================>......] - ETA: 2s - loss: 0.2836
----- stdout -----
307/375 [=======================>......] - ETA: 2s - loss: 0.2836
----- stdout -----
309/375 [=======================>......] - ETA: 2s - loss: 0.2836
----- stdout -----
311/375 [=======================>......] - ETA: 2s - loss: 0.2836
----- stdout -----
313/375 [========================>.....] - ETA: 2s - loss: 0.2836
----- stdout -----
315/375 [========================>.....] - ETA: 2s - loss: 0.2837
----- stdout -----
317/375 [========================>.....] - ETA: 2s - loss: 0.2836
----- stdout -----
319/375 [========================>.....] - ETA: 1s - loss: 0.2837
----- stdout -----
321/375 [========================>.....] - ETA: 1s - loss: 0.2837
----- stdout -----
323/375 [========================>.....] - ETA: 1s - loss: 0.2835
----- stdout -----
325/375 [=========================>....] - ETA: 1s - loss: 0.2835
----- stdout -----
327/375 [=========================>....] - ETA: 1s - loss: 0.2836
----- stdout -----
329/375 [=========================>....] - ETA: 1s - loss: 0.2836
----- stdout -----
331/375 [=========================>....] - ETA: 1s - loss: 0.2836
----- stdout -----
333/375 [=========================>....] - ETA: 1s - loss: 0.2836
----- stdout -----
335/375 [=========================>....] - ETA: 1s - loss: 0.2834
----- stdout -----
337/375 [=========================>....] - ETA: 1s - loss: 0.2835
----- stdout -----
339/375 [==========================>...] - ETA: 1s - loss: 0.2836
----- stdout -----
341/375 [==========================>...] - ETA: 1s - loss: 0.2835
----- stdout -----
343/375 [==========================>...] - ETA: 1s - loss: 0.2834
----- stdout -----
345/375 [==========================>...] - ETA: 1s - loss: 0.2834
----- stdout -----
347/375 [==========================>...] - ETA: 0s - loss: 0.2833
----- stdout -----
349/375 [==========================>...] - ETA: 0s - loss: 0.2833
----- stdout -----
351/375 [===========================>..] - ETA: 0s - loss: 0.2833
----- stdout -----
353/375 [===========================>..] - ETA: 0s - loss: 0.2833
----- stdout -----
355/375 [===========================>..] - ETA: 0s - loss: 0.2833
----- stdout -----
357/375 [===========================>..] - ETA: 0s - loss: 0.2833
----- stdout -----
359/375 [===========================>..] - ETA: 0s - loss: 0.2832
----- stdout -----
361/375 [===========================>..] - ETA: 0s - loss: 0.2832
----- stdout -----
363/375 [============================>.] - ETA: 0s - loss: 0.2831
----- stdout -----
365/375 [============================>.] - ETA: 0s - loss: 0.2832
----- stdout -----
367/375 [============================>.] - ETA: 0s - loss: 0.2832
----- stdout -----
369/375 [============================>.] - ETA: 0s - loss: 0.2832
----- stdout -----
371/375 [============================>.] - ETA: 0s - loss: 0.2833
----- stdout -----
373/375 [============================>.] - ETA: 0s - loss: 0.2833
----- stdout -----
375/375 [==============================] - ETA: 0s - loss: 0.2833
----- stdout -----
375/375 [==============================] - 13s 35ms/step - loss: 0.2833
----- stdout -----
1/1 [==============================] - ETA: 0s
----- stdout -----
1/1 [==============================] - 0s 12ms/step
----- stdout -----

Epoch:  21
----- stdout -----
  1/375 [..............................] - ETA: 14s - loss: 0.2746
----- stdout -----
  3/375 [..............................] - ETA: 13s - loss: 0.2849
----- stdout -----
  5/375 [..............................] - ETA: 12s - loss: 0.2858
----- stdout -----
  7/375 [..............................] - ETA: 12s - loss: 0.2803
----- stdout -----
  9/375 [..............................] - ETA: 12s - loss: 0.2853
----- stdout -----
 11/375 [..............................] - ETA: 12s - loss: 0.2855
----- stdout -----
 13/375 [>.............................] - ETA: 12s - loss: 0.2835
----- stdout -----
 15/375 [>.............................] - ETA: 12s - loss: 0.2841
----- stdout -----
 17/375 [>.............................] - ETA: 12s - loss: 0.2835
----- stdout -----
 19/375 [>.............................] - ETA: 12s - loss: 0.2837
----- stdout -----
 21/375 [>.............................] - ETA: 12s - loss: 0.2831
----- stdout -----
 23/375 [>.............................] - ETA: 12s - loss: 0.2826
----- stdout -----
 25/375 [=>............................] - ETA: 12s - loss: 0.2811
----- stdout -----
 27/375 [=>............................] - ETA: 12s - loss: 0.2812
----- stdout -----
 29/375 [=>............................] - ETA: 12s - loss: 0.2797
----- stdout -----
 31/375 [=>............................] - ETA: 12s - loss: 0.2797
----- stdout -----
 33/375 [=>............................] - ETA: 11s - loss: 0.2797
----- stdout -----
 35/375 [=>............................] - ETA: 11s - loss: 0.2794
----- stdout -----
 37/375 [=>............................] - ETA: 11s - loss: 0.2797
----- stdout -----
 39/375 [==>...........................] - ETA: 11s - loss: 0.2796
----- stdout -----
 41/375 [==>...........................] - ETA: 11s - loss: 0.2786
----- stdout -----
 43/375 [==>...........................] - ETA: 11s - loss: 0.2779
----- stdout -----
 45/375 [==>...........................] - ETA: 11s - loss: 0.2779
----- stdout -----
 47/375 [==>...........................] - ETA: 11s - loss: 0.2785
----- stdout -----
 49/375 [==>...........................] - ETA: 11s - loss: 0.2790
----- stdout -----
 51/375 [===>..........................] - ETA: 11s - loss: 0.2792
----- stdout -----
 53/375 [===>..........................] - ETA: 11s - loss: 0.2795
----- stdout -----
 55/375 [===>..........................] - ETA: 11s - loss: 0.2800
----- stdout -----
 57/375 [===>..........................] - ETA: 11s - loss: 0.2805
----- stdout -----
 59/375 [===>..........................] - ETA: 11s - loss: 0.2802
----- stdout -----
 61/375 [===>..........................] - ETA: 10s - loss: 0.2804
----- stdout -----
 63/375 [====>.........................] - ETA: 10s - loss: 0.2804
----- stdout -----
 65/375 [====>.........................] - ETA: 10s - loss: 0.2802
----- stdout -----
 67/375 [====>.........................] - ETA: 10s - loss: 0.2804
----- stdout -----
 69/375 [====>.........................] - ETA: 10s - loss: 0.2803
----- stdout -----
 71/375 [====>.........................] - ETA: 10s - loss: 0.2803
----- stdout -----
 73/375 [====>.........................] - ETA: 10s - loss: 0.2798
----- stdout -----
 75/375 [=====>........................] - ETA: 10s - loss: 0.2798
----- stdout -----
 77/375 [=====>........................] - ETA: 10s - loss: 0.2796
----- stdout -----
 79/375 [=====>........................] - ETA: 10s - loss: 0.2794
----- stdout -----
 81/375 [=====>........................] - ETA: 10s - loss: 0.2793
----- stdout -----
 83/375 [=====>........................] - ETA: 10s - loss: 0.2790
----- stdout -----
 85/375 [=====>........................] - ETA: 10s - loss: 0.2792
----- stdout -----
 87/375 [=====>........................] - ETA: 10s - loss: 0.2791
----- stdout -----
 89/375 [======>.......................] - ETA: 9s - loss: 0.2789
----- stdout -----
 91/375 [======>.......................] - ETA: 9s - loss: 0.2791
----- stdout -----
 93/375 [======>.......................] - ETA: 9s - loss: 0.2794
----- stdout -----
 95/375 [======>.......................] - ETA: 9s - loss: 0.2795
----- stdout -----
 97/375 [======>.......................] - ETA: 9s - loss: 0.2798
----- stdout -----
 99/375 [======>.......................] - ETA: 9s - loss: 0.2795
----- stdout -----
101/375 [=======>......................] - ETA: 9s - loss: 0.2791
----- stdout -----
103/375 [=======>......................] - ETA: 9s - loss: 0.2789
----- stdout -----
105/375 [=======>......................] - ETA: 9s - loss: 0.2788
----- stdout -----
107/375 [=======>......................] - ETA: 9s - loss: 0.2784
----- stdout -----
109/375 [=======>......................] - ETA: 9s - loss: 0.2784
----- stdout -----
111/375 [=======>......................] - ETA: 9s - loss: 0.2783
----- stdout -----
113/375 [========>.....................] - ETA: 9s - loss: 0.2784
----- stdout -----
115/375 [========>.....................] - ETA: 9s - loss: 0.2783
----- stdout -----
117/375 [========>.....................] - ETA: 9s - loss: 0.2781
----- stdout -----
119/375 [========>.....................] - ETA: 8s - loss: 0.2779
----- stdout -----
121/375 [========>.....................] - ETA: 8s - loss: 0.2782
----- stdout -----
123/375 [========>.....................] - ETA: 8s - loss: 0.2780
----- stdout -----
125/375 [=========>....................] - ETA: 8s - loss: 0.2779
----- stdout -----
127/375 [=========>....................] - ETA: 8s - loss: 0.2780
----- stdout -----
129/375 [=========>....................] - ETA: 8s - loss: 0.2780
----- stdout -----
131/375 [=========>....................] - ETA: 8s - loss: 0.2781
----- stdout -----
133/375 [=========>....................] - ETA: 8s - loss: 0.2780
----- stdout -----
135/375 [=========>....................] - ETA: 8s - loss: 0.2782
----- stdout -----
137/375 [=========>....................] - ETA: 8s - loss: 0.2781
----- stdout -----
139/375 [==========>...................] - ETA: 8s - loss: 0.2780
----- stdout -----
141/375 [==========>...................] - ETA: 8s - loss: 0.2778
----- stdout -----
143/375 [==========>...................] - ETA: 8s - loss: 0.2779
----- stdout -----
145/375 [==========>...................] - ETA: 8s - loss: 0.2777
----- stdout -----
147/375 [==========>...................] - ETA: 7s - loss: 0.2777
----- stdout -----
149/375 [==========>...................] - ETA: 7s - loss: 0.2779
----- stdout -----
151/375 [===========>..................] - ETA: 7s - loss: 0.2778
----- stdout -----
153/375 [===========>..................] - ETA: 7s - loss: 0.2776
----- stdout -----
155/375 [===========>..................] - ETA: 7s - loss: 0.2776
----- stdout -----
157/375 [===========>..................] - ETA: 7s - loss: 0.2778
----- stdout -----
159/375 [===========>..................] - ETA: 7s - loss: 0.2781
----- stdout -----
161/375 [===========>..................] - ETA: 7s - loss: 0.2780
----- stdout -----
163/375 [============>.................] - ETA: 7s - loss: 0.2781
----- stdout -----
165/375 [============>.................] - ETA: 7s - loss: 0.2781
----- stdout -----
167/375 [============>.................] - ETA: 7s - loss: 0.2781
----- stdout -----
169/375 [============>.................] - ETA: 7s - loss: 0.2783
----- stdout -----
171/375 [============>.................] - ETA: 7s - loss: 0.2785
----- stdout -----
173/375 [============>.................] - ETA: 7s - loss: 0.2784
----- stdout -----
175/375 [=============>................] - ETA: 6s - loss: 0.2783
----- stdout -----
177/375 [=============>................] - ETA: 6s - loss: 0.2785
----- stdout -----
179/375 [=============>................] - ETA: 6s - loss: 0.2784
----- stdout -----
181/375 [=============>................] - ETA: 6s - loss: 0.2786
----- stdout -----
183/375 [=============>................] - ETA: 6s - loss: 0.2786
----- stdout -----
185/375 [=============>................] - ETA: 6s - loss: 0.2787
----- stdout -----
187/375 [=============>................] - ETA: 6s - loss: 0.2787
----- stdout -----
189/375 [==============>...............] - ETA: 6s - loss: 0.2788
----- stdout -----
191/375 [==============>...............] - ETA: 6s - loss: 0.2787
----- stdout -----
193/375 [==============>...............] - ETA: 6s - loss: 0.2786
----- stdout -----
195/375 [==============>...............] - ETA: 6s - loss: 0.2787
----- stdout -----
197/375 [==============>...............] - ETA: 6s - loss: 0.2787
----- stdout -----
199/375 [==============>...............] - ETA: 6s - loss: 0.2788
----- stdout -----
201/375 [===============>..............] - ETA: 6s - loss: 0.2788
----- stdout -----
203/375 [===============>..............] - ETA: 6s - loss: 0.2788
----- stdout -----
205/375 [===============>..............] - ETA: 5s - loss: 0.2787
----- stdout -----
207/375 [===============>..............] - ETA: 5s - loss: 0.2786
----- stdout -----
209/375 [===============>..............] - ETA: 5s - loss: 0.2787
----- stdout -----
211/375 [===============>..............] - ETA: 5s - loss: 0.2788
----- stdout -----
213/375 [================>.............] - ETA: 5s - loss: 0.2789
----- stdout -----
215/375 [================>.............] - ETA: 5s - loss: 0.2791
----- stdout -----
217/375 [================>.............] - ETA: 5s - loss: 0.2791
----- stdout -----
219/375 [================>.............] - ETA: 5s - loss: 0.2790
----- stdout -----
221/375 [================>.............] - ETA: 5s - loss: 0.2790
----- stdout -----
223/375 [================>.............] - ETA: 5s - loss: 0.2791
----- stdout -----
225/375 [=================>............] - ETA: 5s - loss: 0.2789
----- stdout -----
227/375 [=================>............] - ETA: 5s - loss: 0.2789
----- stdout -----
229/375 [=================>............] - ETA: 5s - loss: 0.2789
----- stdout -----
231/375 [=================>............] - ETA: 5s - loss: 0.2789
----- stdout -----
233/375 [=================>............] - ETA: 4s - loss: 0.2789
----- stdout -----
235/375 [=================>............] - ETA: 4s - loss: 0.2791
----- stdout -----
237/375 [=================>............] - ETA: 4s - loss: 0.2792
----- stdout -----
239/375 [==================>...........] - ETA: 4s - loss: 0.2793
----- stdout -----
241/375 [==================>...........] - ETA: 4s - loss: 0.2793
----- stdout -----
243/375 [==================>...........] - ETA: 4s - loss: 0.2793
----- stdout -----
245/375 [==================>...........] - ETA: 4s - loss: 0.2792
----- stdout -----
247/375 [==================>...........] - ETA: 4s - loss: 0.2792
----- stdout -----
249/375 [==================>...........] - ETA: 4s - loss: 0.2792
----- stdout -----
251/375 [===================>..........] - ETA: 4s - loss: 0.2793
----- stdout -----
253/375 [===================>..........] - ETA: 4s - loss: 0.2793
----- stdout -----
255/375 [===================>..........] - ETA: 4s - loss: 0.2793
----- stdout -----
257/375 [===================>..........] - ETA: 4s - loss: 0.2792
----- stdout -----
259/375 [===================>..........] - ETA: 4s - loss: 0.2791
----- stdout -----
261/375 [===================>..........] - ETA: 3s - loss: 0.2791
----- stdout -----
263/375 [====================>.........] - ETA: 3s - loss: 0.2791
----- stdout -----
265/375 [====================>.........] - ETA: 3s - loss: 0.2793
----- stdout -----
267/375 [====================>.........] - ETA: 3s - loss: 0.2792
----- stdout -----
269/375 [====================>.........] - ETA: 3s - loss: 0.2791
----- stdout -----
271/375 [====================>.........] - ETA: 3s - loss: 0.2790
----- stdout -----
273/375 [====================>.........] - ETA: 3s - loss: 0.2789
----- stdout -----
275/375 [=====================>........] - ETA: 3s - loss: 0.2791
----- stdout -----
277/375 [=====================>........] - ETA: 3s - loss: 0.2792
----- stdout -----
279/375 [=====================>........] - ETA: 3s - loss: 0.2792
----- stdout -----
281/375 [=====================>........] - ETA: 3s - loss: 0.2792
----- stdout -----
283/375 [=====================>........] - ETA: 3s - loss: 0.2792
----- stdout -----
285/375 [=====================>........] - ETA: 3s - loss: 0.2794
----- stdout -----
287/375 [=====================>........] - ETA: 3s - loss: 0.2794
----- stdout -----
289/375 [======================>.......] - ETA: 3s - loss: 0.2793
----- stdout -----
291/375 [======================>.......] - ETA: 2s - loss: 0.2793
----- stdout -----
293/375 [======================>.......] - ETA: 2s - loss: 0.2794
----- stdout -----
295/375 [======================>.......] - ETA: 2s - loss: 0.2794
----- stdout -----
297/375 [======================>.......] - ETA: 2s - loss: 0.2794
----- stdout -----
299/375 [======================>.......] - ETA: 2s - loss: 0.2794
----- stdout -----
301/375 [=======================>......] - ETA: 2s - loss: 0.2794
----- stdout -----
303/375 [=======================>......] - ETA: 2s - loss: 0.2793
----- stdout -----
305/375 [=======================>......] - ETA: 2s - loss: 0.2792
----- stdout -----
307/375 [=======================>......] - ETA: 2s - loss: 0.2792
----- stdout -----
309/375 [=======================>......] - ETA: 2s - loss: 0.2793
----- stdout -----
311/375 [=======================>......] - ETA: 2s - loss: 0.2792
----- stdout -----
313/375 [========================>.....] - ETA: 2s - loss: 0.2791
----- stdout -----
315/375 [========================>.....] - ETA: 2s - loss: 0.2791
----- stdout -----
317/375 [========================>.....] - ETA: 2s - loss: 0.2791
----- stdout -----
319/375 [========================>.....] - ETA: 1s - loss: 0.2792
----- stdout -----
321/375 [========================>.....] - ETA: 1s - loss: 0.2792
----- stdout -----
323/375 [========================>.....] - ETA: 1s - loss: 0.2791
----- stdout -----
325/375 [=========================>....] - ETA: 1s - loss: 0.2791
----- stdout -----
327/375 [=========================>....] - ETA: 1s - loss: 0.2791
----- stdout -----
329/375 [=========================>....] - ETA: 1s - loss: 0.2791
----- stdout -----
331/375 [=========================>....] - ETA: 1s - loss: 0.2791
----- stdout -----
333/375 [=========================>....] - ETA: 1s - loss: 0.2791
----- stdout -----
335/375 [=========================>....] - ETA: 1s - loss: 0.2790
----- stdout -----
337/375 [=========================>....] - ETA: 1s - loss: 0.2791
----- stdout -----
339/375 [==========================>...] - ETA: 1s - loss: 0.2791
----- stdout -----
341/375 [==========================>...] - ETA: 1s - loss: 0.2791
----- stdout -----
343/375 [==========================>...] - ETA: 1s - loss: 0.2790
----- stdout -----
345/375 [==========================>...] - ETA: 1s - loss: 0.2790
----- stdout -----
347/375 [==========================>...] - ETA: 0s - loss: 0.2790
----- stdout -----
349/375 [==========================>...] - ETA: 0s - loss: 0.2790
----- stdout -----
351/375 [===========================>..] - ETA: 0s - loss: 0.2790
----- stdout -----
353/375 [===========================>..] - ETA: 0s - loss: 0.2790
----- stdout -----
355/375 [===========================>..] - ETA: 0s - loss: 0.2790
----- stdout -----
357/375 [===========================>..] - ETA: 0s - loss: 0.2790
----- stdout -----
359/375 [===========================>..] - ETA: 0s - loss: 0.2791
----- stdout -----
361/375 [===========================>..] - ETA: 0s - loss: 0.2791
----- stdout -----
363/375 [============================>.] - ETA: 0s - loss: 0.2791
----- stdout -----
365/375 [============================>.] - ETA: 0s - loss: 0.2791
----- stdout -----
367/375 [============================>.] - ETA: 0s - loss: 0.2790
----- stdout -----
369/375 [============================>.] - ETA: 0s - loss: 0.2790
----- stdout -----
371/375 [============================>.] - ETA: 0s - loss: 0.2790
----- stdout -----
373/375 [============================>.] - ETA: 0s - loss: 0.2791
----- stdout -----
375/375 [==============================] - ETA: 0s - loss: 0.2790
----- stdout -----
375/375 [==============================] - 13s 35ms/step - loss: 0.2790
----- stdout -----
1/1 [==============================] - ETA: 0s
----- stdout -----
1/1 [==============================] - 0s 11ms/step
----- stdout -----

Epoch:  22
----- stderr -----
2025-12-05 12:37:31.208599: W external/local_tsl/tsl/framework/bfc_allocator.cc:482] Allocator (GPU_0_bfc) ran out of memory trying to allocate 1.10GiB (rounded to 1179648000)requested by op _EagerConst
If the cause is memory fragmentation maybe the environment variable 'TF_GPU_ALLOCATOR=cuda_malloc_async' will improve the situation. 
Current allocation summary follows.
Current allocation summary follows.
2025-12-05 12:37:31.208656: I external/local_tsl/tsl/framework/bfc_allocator.cc:1039] BFCAllocator dump for GPU_0_bfc
2025-12-05 12:37:31.208674: I external/local_tsl/tsl/framework/bfc_allocator.cc:1046] Bin (256): 	Total Chunks: 34, Chunks in use: 33. 8.5KiB allocated for chunks. 8.2KiB in use in bin. 192B client-requested in use in bin.
2025-12-05 12:37:31.208685: I external/local_tsl/tsl/framework/bfc_allocator.cc:1046] Bin (512): 	Total Chunks: 27, Chunks in use: 27. 13.5KiB allocated for chunks. 13.5KiB in use in bin. 13.5KiB client-requested in use in bin.
2025-12-05 12:37:31.208693: I external/local_tsl/tsl/framework/bfc_allocator.cc:1046] Bin (1024): 	Total Chunks: 1, Chunks in use: 1. 1.2KiB allocated for chunks. 1.2KiB in use in bin. 1.0KiB client-requested in use in bin.
2025-12-05 12:37:31.208700: I external/local_tsl/tsl/framework/bfc_allocator.cc:1046] Bin (2048): 	Total Chunks: 3, Chunks in use: 3. 6.0KiB allocated for chunks. 6.0KiB in use in bin. 6.0KiB client-requested in use in bin.
2025-12-05 12:37:31.208709: I external/local_tsl/tsl/framework/bfc_allocator.cc:1046] Bin (4096): 	Total Chunks: 3, Chunks in use: 3. 12.0KiB allocated for chunks. 12.0KiB in use in bin. 12.0KiB client-requested in use in bin.
2025-12-05 12:37:31.208720: I external/local_tsl/tsl/framework/bfc_allocator.cc:1046] Bin (8192): 	Total Chunks: 6, Chunks in use: 6. 82.2KiB allocated for chunks. 82.2KiB in use in bin. 81.0KiB client-requested in use in bin.
2025-12-05 12:37:31.208728: I external/local_tsl/tsl/framework/bfc_allocator.cc:1046] Bin (16384): 	Total Chunks: 0, Chunks in use: 0. 0B allocated for chunks. 0B in use in bin. 0B client-requested in use in bin.
2025-12-05 12:37:31.208735: I external/local_tsl/tsl/framework/bfc_allocator.cc:1046] Bin (32768): 	Total Chunks: 0, Chunks in use: 0. 0B allocated for chunks. 0B in use in bin. 0B client-requested in use in bin.
2025-12-05 12:37:31.208742: I external/local_tsl/tsl/framework/bfc_allocator.cc:1046] Bin (65536): 	Total Chunks: 0, Chunks in use: 0. 0B allocated for chunks. 0B in use in bin. 0B client-requested in use in bin.
2025-12-05 12:37:31.208749: I external/local_tsl/tsl/framework/bfc_allocator.cc:1046] Bin (131072): 	Total Chunks: 0, Chunks in use: 0. 0B allocated for chunks. 0B in use in bin. 0B client-requested in use in bin.
2025-12-05 12:37:31.208758: I external/local_tsl/tsl/framework/bfc_allocator.cc:1046] Bin (262144): 	Total Chunks: 3, Chunks in use: 2. 1.14MiB allocated for chunks. 736.0KiB in use in bin. 576.0KiB client-requested in use in bin.
2025-12-05 12:37:31.208767: I external/local_tsl/tsl/framework/bfc_allocator.cc:1046] Bin (524288): 	Total Chunks: 22, Chunks in use: 22. 12.39MiB allocated for chunks. 12.39MiB in use in bin. 12.09MiB client-requested in use in bin.
2025-12-05 12:37:31.208774: I external/local_tsl/tsl/framework/bfc_allocator.cc:1046] Bin (1048576): 	Total Chunks: 3, Chunks in use: 3. 3.00MiB allocated for chunks. 3.00MiB in use in bin. 3.00MiB client-requested in use in bin.
2025-12-05 12:37:31.208783: I external/local_tsl/tsl/framework/bfc_allocator.cc:1046] Bin (2097152): 	Total Chunks: 6, Chunks in use: 6. 15.00MiB allocated for chunks. 15.00MiB in use in bin. 15.00MiB client-requested in use in bin.
2025-12-05 12:37:31.208790: I external/local_tsl/tsl/framework/bfc_allocator.cc:1046] Bin (4194304): 	Total Chunks: 0, Chunks in use: 0. 0B allocated for chunks. 0B in use in bin. 0B client-requested in use in bin.
2025-12-05 12:37:31.208797: I external/local_tsl/tsl/framework/bfc_allocator.cc:1046] Bin (8388608): 	Total Chunks: 1, Chunks in use: 0. 9.50MiB allocated for chunks. 0B in use in bin. 0B client-requested in use in bin.
2025-12-05 12:37:31.208804: I external/local_tsl/tsl/framework/bfc_allocator.cc:1046] Bin (16777216): 	Total Chunks: 0, Chunks in use: 0. 0B allocated for chunks. 0B in use in bin. 0B client-requested in use in bin.
2025-12-05 12:37:31.208830: I external/local_tsl/tsl/framework/bfc_allocator.cc:1046] Bin (33554432): 	Total Chunks: 0, Chunks in use: 0. 0B allocated for chunks. 0B in use in bin. 0B client-requested in use in bin.
2025-12-05 12:37:31.208837: I external/local_tsl/tsl/framework/bfc_allocator.cc:1046] Bin (67108864): 	Total Chunks: 0, Chunks in use: 0. 0B allocated for chunks. 0B in use in bin. 0B client-requested in use in bin.
2025-12-05 12:37:31.208844: I external/local_tsl/tsl/framework/bfc_allocator.cc:1046] Bin (134217728): 	Total Chunks: 0, Chunks in use: 0. 0B allocated for chunks. 0B in use in bin. 0B client-requested in use in bin.
2025-12-05 12:37:31.208852: I external/local_tsl/tsl/framework/bfc_allocator.cc:1046] Bin (268435456): 	Total Chunks: 6, Chunks in use: 5. 5.94GiB allocated for chunks. 5.49GiB in use in bin. 5.49GiB client-requested in use in bin.
2025-12-05 12:37:31.208860: I external/local_tsl/tsl/framework/bfc_allocator.cc:1062] Bin for 1.10GiB was 256.00MiB, Chunk State: 
2025-12-05 12:37:31.208873: I external/local_tsl/tsl/framework/bfc_allocator.cc:1068]   Size: 461.04MiB | Requested Size: 432.0KiB | in_use: 0 | bin_num: 20, prev:   Size: 1.10GiB | Requested Size: 1.10GiB | in_use: 1 | bin_num: -1
2025-12-05 12:37:31.208879: I external/local_tsl/tsl/framework/bfc_allocator.cc:1075] Next region of size 6424821760
2025-12-05 12:37:31.208888: I external/local_tsl/tsl/framework/bfc_allocator.cc:1095] InUse at 7fd31c000000 of size 1280 next 1
2025-12-05 12:37:31.208894: I external/local_tsl/tsl/framework/bfc_allocator.cc:1095] InUse at 7fd31c000500 of size 256 next 2
2025-12-05 12:37:31.208900: I external/local_tsl/tsl/framework/bfc_allocator.cc:1095] InUse at 7fd31c000600 of size 256 next 3
2025-12-05 12:37:31.208906: I external/local_tsl/tsl/framework/bfc_allocator.cc:1095] InUse at 7fd31c000700 of size 256 next 5
2025-12-05 12:37:31.208912: I external/local_tsl/tsl/framework/bfc_allocator.cc:1095] InUse at 7fd31c000800 of size 512 next 6
2025-12-05 12:37:31.208918: I external/local_tsl/tsl/framework/bfc_allocator.cc:1095] InUse at 7fd31c000a00 of size 256 next 4
2025-12-05 12:37:31.208924: I external/local_tsl/tsl/framework/bfc_allocator.cc:1095] InUse at 7fd31c000b00 of size 256 next 7
2025-12-05 12:37:31.208929: I external/local_tsl/tsl/framework/bfc_allocator.cc:1095] InUse at 7fd31c000c00 of size 512 next 12
2025-12-05 12:37:31.208935: I external/local_tsl/tsl/framework/bfc_allocator.cc:1095] InUse at 7fd31c000e00 of size 512 next 15
2025-12-05 12:37:31.208940: I external/local_tsl/tsl/framework/bfc_allocator.cc:1095] InUse at 7fd31c001000 of size 512 next 17
2025-12-05 12:37:31.208946: I external/local_tsl/tsl/framework/bfc_allocator.cc:1095] InUse at 7fd31c001200 of size 512 next 19
2025-12-05 12:37:31.208951: I external/local_tsl/tsl/framework/bfc_allocator.cc:1095] InUse at 7fd31c001400 of size 256 next 10
2025-12-05 12:37:31.208956: I external/local_tsl/tsl/framework/bfc_allocator.cc:1095] InUse at 7fd31c001500 of size 256 next 11
2025-12-05 12:37:31.208962: I external/local_tsl/tsl/framework/bfc_allocator.cc:1095] InUse at 7fd31c001600 of size 2048 next 21
2025-12-05 12:37:31.208968: I external/local_tsl/tsl/framework/bfc_allocator.cc:1095] InUse at 7fd31c001e00 of size 256 next 22
2025-12-05 12:37:31.208974: I external/local_tsl/tsl/framework/bfc_allocator.cc:1095] InUse at 7fd31c001f00 of size 256 next 25
2025-12-05 12:37:31.208979: I external/local_tsl/tsl/framework/bfc_allocator.cc:1095] InUse at 7fd31c002000 of size 256 next 26
2025-12-05 12:37:31.208985: I external/local_tsl/tsl/framework/bfc_allocator.cc:1095] InUse at 7fd31c002100 of size 4096 next 29
2025-12-05 12:37:31.208990: I external/local_tsl/tsl/framework/bfc_allocator.cc:1095] InUse at 7fd31c003100 of size 256 next 27
2025-12-05 12:37:31.208996: I external/local_tsl/tsl/framework/bfc_allocator.cc:1095] InUse at 7fd31c003200 of size 256 next 28
2025-12-05 12:37:31.209003: I external/local_tsl/tsl/framework/bfc_allocator.cc:1095] InUse at 7fd31c003300 of size 512 next 34
2025-12-05 12:37:31.209008: I external/local_tsl/tsl/framework/bfc_allocator.cc:1095] InUse at 7fd31c003500 of size 512 next 32
2025-12-05 12:37:31.209014: I external/local_tsl/tsl/framework/bfc_allocator.cc:1095] InUse at 7fd31c003700 of size 512 next 33
2025-12-05 12:37:31.209019: I external/local_tsl/tsl/framework/bfc_allocator.cc:1095] InUse at 7fd31c003900 of size 512 next 35
2025-12-05 12:37:31.209025: I external/local_tsl/tsl/framework/bfc_allocator.cc:1095] InUse at 7fd31c003b00 of size 15104 next 8
2025-12-05 12:37:31.209031: I external/local_tsl/tsl/framework/bfc_allocator.cc:1095] InUse at 7fd31c007600 of size 13824 next 9
2025-12-05 12:37:31.209037: I external/local_tsl/tsl/framework/bfc_allocator.cc:1095] InUse at 7fd31c00ac00 of size 256 next 41
2025-12-05 12:37:31.209042: I external/local_tsl/tsl/framework/bfc_allocator.cc:1095] InUse at 7fd31c00ad00 of size 256 next 39
2025-12-05 12:37:31.209048: I external/local_tsl/tsl/framework/bfc_allocator.cc:1095] InUse at 7fd31c00ae00 of size 256 next 122
2025-12-05 12:37:31.209053: I external/local_tsl/tsl/framework/bfc_allocator.cc:1095] Free  at 7fd31c00af00 of size 256 next 45
2025-12-05 12:37:31.209059: I external/local_tsl/tsl/framework/bfc_allocator.cc:1095] InUse at 7fd31c00b000 of size 256 next 46
2025-12-05 12:37:31.209064: I external/local_tsl/tsl/framework/bfc_allocator.cc:1095] InUse at 7fd31c00b100 of size 256 next 49
2025-12-05 12:37:31.209070: I external/local_tsl/tsl/framework/bfc_allocator.cc:1095] InUse at 7fd31c00b200 of size 256 next 50
2025-12-05 12:37:31.209075: I external/local_tsl/tsl/framework/bfc_allocator.cc:1095] InUse at 7fd31c00b300 of size 512 next 52
2025-12-05 12:37:31.209080: I external/local_tsl/tsl/framework/bfc_allocator.cc:1095] InUse at 7fd31c00b500 of size 512 next 53
2025-12-05 12:37:31.209086: I external/local_tsl/tsl/framework/bfc_allocator.cc:1095] InUse at 7fd31c00b700 of size 512 next 55
2025-12-05 12:37:31.209091: I external/local_tsl/tsl/framework/bfc_allocator.cc:1095] InUse at 7fd31c00b900 of size 512 next 56
2025-12-05 12:37:31.209097: I external/local_tsl/tsl/framework/bfc_allocator.cc:1095] InUse at 7fd31c00bb00 of size 512 next 59
2025-12-05 12:37:31.209102: I external/local_tsl/tsl/framework/bfc_allocator.cc:1095] InUse at 7fd31c00bd00 of size 512 next 60
2025-12-05 12:37:31.209107: I external/local_tsl/tsl/framework/bfc_allocator.cc:1095] InUse at 7fd31c00bf00 of size 512 next 62
2025-12-05 12:37:31.209113: I external/local_tsl/tsl/framework/bfc_allocator.cc:1095] InUse at 7fd31c00c100 of size 512 next 63
2025-12-05 12:37:31.209118: I external/local_tsl/tsl/framework/bfc_allocator.cc:1095] InUse at 7fd31c00c300 of size 512 next 66
2025-12-05 12:37:31.209123: I external/local_tsl/tsl/framework/bfc_allocator.cc:1095] InUse at 7fd31c00c500 of size 512 next 67
2025-12-05 12:37:31.209129: I external/local_tsl/tsl/framework/bfc_allocator.cc:1095] InUse at 7fd31c00c700 of size 2048 next 70
2025-12-05 12:37:31.209135: I external/local_tsl/tsl/framework/bfc_allocator.cc:1095] InUse at 7fd31c00cf00 of size 2048 next 71
2025-12-05 12:37:31.209140: I external/local_tsl/tsl/framework/bfc_allocator.cc:1095] InUse at 7fd31c00d700 of size 512 next 77
2025-12-05 12:37:31.209145: I external/local_tsl/tsl/framework/bfc_allocator.cc:1095] InUse at 7fd31c00d900 of size 512 next 78
2025-12-05 12:37:31.209151: I external/local_tsl/tsl/framework/bfc_allocator.cc:1095] InUse at 7fd31c00db00 of size 512 next 81
2025-12-05 12:37:31.209156: I external/local_tsl/tsl/framework/bfc_allocator.cc:1095] InUse at 7fd31c00dd00 of size 512 next 82
2025-12-05 12:37:31.209161: I external/local_tsl/tsl/framework/bfc_allocator.cc:1095] InUse at 7fd31c00df00 of size 512 next 85
2025-12-05 12:37:31.209167: I external/local_tsl/tsl/framework/bfc_allocator.cc:1095] InUse at 7fd31c00e100 of size 512 next 43
2025-12-05 12:37:31.209174: I external/local_tsl/tsl/framework/bfc_allocator.cc:1095] InUse at 7fd31c00e300 of size 13824 next 44
2025-12-05 12:37:31.209179: I external/local_tsl/tsl/framework/bfc_allocator.cc:1095] InUse at 7fd31c011900 of size 13824 next 51
2025-12-05 12:37:31.209185: I external/local_tsl/tsl/framework/bfc_allocator.cc:1095] InUse at 7fd31c014f00 of size 4096 next 74
2025-12-05 12:37:31.209190: I external/local_tsl/tsl/framework/bfc_allocator.cc:1095] InUse at 7fd31c015f00 of size 4096 next 75
2025-12-05 12:37:31.209197: I external/local_tsl/tsl/framework/bfc_allocator.cc:1095] InUse at 7fd31c016f00 of size 539904 next 37
2025-12-05 12:37:31.209202: I external/local_tsl/tsl/framework/bfc_allocator.cc:1095] InUse at 7fd31c09ac00 of size 589824 next 14
2025-12-05 12:37:31.209208: I external/local_tsl/tsl/framework/bfc_allocator.cc:1095] InUse at 7fd31c12ac00 of size 589824 next 13
2025-12-05 12:37:31.209214: I external/local_tsl/tsl/framework/bfc_allocator.cc:1095] InUse at 7fd31c1bac00 of size 589824 next 16
2025-12-05 12:37:31.209219: I external/local_tsl/tsl/framework/bfc_allocator.cc:1095] InUse at 7fd31c24ac00 of size 589824 next 18
2025-12-05 12:37:31.209225: I external/local_tsl/tsl/framework/bfc_allocator.cc:1095] InUse at 7fd31c2dac00 of size 589824 next 20
2025-12-05 12:37:31.209230: I external/local_tsl/tsl/framework/bfc_allocator.cc:1095] InUse at 7fd31c36ac00 of size 589824 next 36
2025-12-05 12:37:31.209236: I external/local_tsl/tsl/framework/bfc_allocator.cc:1095] InUse at 7fd31c3fac00 of size 458752 next 24
2025-12-05 12:37:31.209242: I external/local_tsl/tsl/framework/bfc_allocator.cc:1095] InUse at 7fd31c46ac00 of size 1048576 next 23
2025-12-05 12:37:31.209248: I external/local_tsl/tsl/framework/bfc_allocator.cc:1095] InUse at 7fd31c56ac00 of size 589824 next 38
2025-12-05 12:37:31.209253: I external/local_tsl/tsl/framework/bfc_allocator.cc:1095] InUse at 7fd31c5fac00 of size 589824 next 40
2025-12-05 12:37:31.209259: I external/local_tsl/tsl/framework/bfc_allocator.cc:1095] InUse at 7fd31c68ac00 of size 589824 next 54
2025-12-05 12:37:31.209264: I external/local_tsl/tsl/framework/bfc_allocator.cc:1095] InUse at 7fd31c71ac00 of size 589824 next 57
2025-12-05 12:37:31.209270: I external/local_tsl/tsl/framework/bfc_allocator.cc:1095] InUse at 7fd31c7aac00 of size 589824 next 58
2025-12-05 12:37:31.209275: I external/local_tsl/tsl/framework/bfc_allocator.cc:1095] InUse at 7fd31c83ac00 of size 589824 next 61
2025-12-05 12:37:31.209281: I external/local_tsl/tsl/framework/bfc_allocator.cc:1095] InUse at 7fd31c8cac00 of size 655360 next 31
2025-12-05 12:37:31.209287: I external/local_tsl/tsl/framework/bfc_allocator.cc:1095] InUse at 7fd31c96ac00 of size 2097152 next 30
2025-12-05 12:37:31.209293: I external/local_tsl/tsl/framework/bfc_allocator.cc:1095] InUse at 7fd31cb6ac00 of size 1179648000 next 115
2025-12-05 12:37:31.209299: I external/local_tsl/tsl/framework/bfc_allocator.cc:1095] InUse at 7fd36306ac00 of size 1179648000 next 48
2025-12-05 12:37:31.209305: I external/local_tsl/tsl/framework/bfc_allocator.cc:1095] InUse at 7fd3a956ac00 of size 589824 next 64
2025-12-05 12:37:31.209310: I external/local_tsl/tsl/framework/bfc_allocator.cc:1095] InUse at 7fd3a95fac00 of size 589824 next 65
2025-12-05 12:37:31.209316: I external/local_tsl/tsl/framework/bfc_allocator.cc:1095] InUse at 7fd3a968ac00 of size 1048576 next 68
2025-12-05 12:37:31.209321: I external/local_tsl/tsl/framework/bfc_allocator.cc:1095] InUse at 7fd3a978ac00 of size 1048576 next 69
2025-12-05 12:37:31.209327: I external/local_tsl/tsl/framework/bfc_allocator.cc:1095] InUse at 7fd3a988ac00 of size 2097152 next 72
2025-12-05 12:37:31.209332: I external/local_tsl/tsl/framework/bfc_allocator.cc:1095] InUse at 7fd3a9a8ac00 of size 2097152 next 73
2025-12-05 12:37:31.209338: I external/local_tsl/tsl/framework/bfc_allocator.cc:1095] InUse at 7fd3a9c8ac00 of size 294912 next 76
2025-12-05 12:37:31.209344: I external/local_tsl/tsl/framework/bfc_allocator.cc:1095] InUse at 7fd3a9cd2c00 of size 589824 next 79
2025-12-05 12:37:31.209350: I external/local_tsl/tsl/framework/bfc_allocator.cc:1095] InUse at 7fd3a9d62c00 of size 589824 next 80
2025-12-05 12:37:31.209356: I external/local_tsl/tsl/framework/bfc_allocator.cc:1095] InUse at 7fd3a9df2c00 of size 589824 next 83
2025-12-05 12:37:31.209361: I external/local_tsl/tsl/framework/bfc_allocator.cc:1095] InUse at 7fd3a9e82c00 of size 589824 next 84
2025-12-05 12:37:31.209367: I external/local_tsl/tsl/framework/bfc_allocator.cc:1095] InUse at 7fd3a9f12c00 of size 589824 next 86
2025-12-05 12:37:31.209372: I external/local_tsl/tsl/framework/bfc_allocator.cc:1095] InUse at 7fd3a9fa2c00 of size 589824 next 87
2025-12-05 12:37:31.209378: I external/local_tsl/tsl/framework/bfc_allocator.cc:1095] InUse at 7fd3aa032c00 of size 512 next 88
2025-12-05 12:37:31.209383: I external/local_tsl/tsl/framework/bfc_allocator.cc:1095] InUse at 7fd3aa032e00 of size 512 next 89
2025-12-05 12:37:31.209389: I external/local_tsl/tsl/framework/bfc_allocator.cc:1095] InUse at 7fd3aa033000 of size 13824 next 90
2025-12-05 12:37:31.209394: I external/local_tsl/tsl/framework/bfc_allocator.cc:1095] InUse at 7fd3aa036600 of size 13824 next 91
2025-12-05 12:37:31.209400: I external/local_tsl/tsl/framework/bfc_allocator.cc:1095] InUse at 7fd3aa039c00 of size 256 next 92
2025-12-05 12:37:31.209405: I external/local_tsl/tsl/framework/bfc_allocator.cc:1095] InUse at 7fd3aa039d00 of size 256 next 93
2025-12-05 12:37:31.209411: I external/local_tsl/tsl/framework/bfc_allocator.cc:1095] InUse at 7fd3aa039e00 of size 256 next 94
2025-12-05 12:37:31.209416: I external/local_tsl/tsl/framework/bfc_allocator.cc:1095] InUse at 7fd3aa039f00 of size 256 next 95
2025-12-05 12:37:31.209422: I external/local_tsl/tsl/framework/bfc_allocator.cc:1095] InUse at 7fd3aa03a000 of size 256 next 96
2025-12-05 12:37:31.209427: I external/local_tsl/tsl/framework/bfc_allocator.cc:1095] InUse at 7fd3aa03a100 of size 256 next 97
2025-12-05 12:37:31.209433: I external/local_tsl/tsl/framework/bfc_allocator.cc:1095] InUse at 7fd3aa03a200 of size 256 next 98
2025-12-05 12:37:31.209438: I external/local_tsl/tsl/framework/bfc_allocator.cc:1095] InUse at 7fd3aa03a300 of size 3145728 next 99
2025-12-05 12:37:31.209444: I external/local_tsl/tsl/framework/bfc_allocator.cc:1095] InUse at 7fd3aa33a300 of size 256 next 100
2025-12-05 12:37:31.209450: I external/local_tsl/tsl/framework/bfc_allocator.cc:1095] InUse at 7fd3aa33a400 of size 256 next 101
2025-12-05 12:37:31.209455: I external/local_tsl/tsl/framework/bfc_allocator.cc:1095] InUse at 7fd3aa33a500 of size 3145728 next 102
2025-12-05 12:37:31.209461: I external/local_tsl/tsl/framework/bfc_allocator.cc:1095] InUse at 7fd3aa63a500 of size 3145728 next 103
2025-12-05 12:37:31.209466: I external/local_tsl/tsl/framework/bfc_allocator.cc:1095] InUse at 7fd3aa93a500 of size 256 next 107
2025-12-05 12:37:31.209472: I external/local_tsl/tsl/framework/bfc_allocator.cc:1095] InUse at 7fd3aa93a600 of size 256 next 105
2025-12-05 12:37:31.209477: I external/local_tsl/tsl/framework/bfc_allocator.cc:1095] InUse at 7fd3aa93a700 of size 256 next 104
2025-12-05 12:37:31.209483: I external/local_tsl/tsl/framework/bfc_allocator.cc:1095] InUse at 7fd3aa93a800 of size 256 next 123
2025-12-05 12:37:31.209488: I external/local_tsl/tsl/framework/bfc_allocator.cc:1095] Free  at 7fd3aa93a900 of size 441856 next 116
2025-12-05 12:37:31.209494: I external/local_tsl/tsl/framework/bfc_allocator.cc:1095] InUse at 7fd3aa9a6700 of size 256 next 112
2025-12-05 12:37:31.209499: I external/local_tsl/tsl/framework/bfc_allocator.cc:1095] InUse at 7fd3aa9a6800 of size 1179648000 next 110
2025-12-05 12:37:31.209505: I external/local_tsl/tsl/framework/bfc_allocator.cc:1095] InUse at 7fd3f0ea6800 of size 1179648000 next 137
2025-12-05 12:37:31.209510: I external/local_tsl/tsl/framework/bfc_allocator.cc:1095] Free  at 7fd4373a6800 of size 9961984 next 118
2025-12-05 12:37:31.209516: I external/local_tsl/tsl/framework/bfc_allocator.cc:1095] InUse at 7fd437d26a00 of size 256 next 117
2025-12-05 12:37:31.209522: I external/local_tsl/tsl/framework/bfc_allocator.cc:1095] InUse at 7fd437d26b00 of size 1179648000 next 120
2025-12-05 12:37:31.209528: I external/local_tsl/tsl/framework/bfc_allocator.cc:1095] Free  at 7fd47e226b00 of size 483431680 next 18446744073709551615
2025-12-05 12:37:31.209534: I external/local_tsl/tsl/framework/bfc_allocator.cc:1100]      Summary of in-use Chunks by size: 
2025-12-05 12:37:31.209542: I external/local_tsl/tsl/framework/bfc_allocator.cc:1103] 33 Chunks of size 256 totalling 8.2KiB
2025-12-05 12:37:31.209549: I external/local_tsl/tsl/framework/bfc_allocator.cc:1103] 27 Chunks of size 512 totalling 13.5KiB
2025-12-05 12:37:31.209555: I external/local_tsl/tsl/framework/bfc_allocator.cc:1103] 1 Chunks of size 1280 totalling 1.2KiB
2025-12-05 12:37:31.209561: I external/local_tsl/tsl/framework/bfc_allocator.cc:1103] 3 Chunks of size 2048 totalling 6.0KiB
2025-12-05 12:37:31.209568: I external/local_tsl/tsl/framework/bfc_allocator.cc:1103] 3 Chunks of size 4096 totalling 12.0KiB
2025-12-05 12:37:31.209574: I external/local_tsl/tsl/framework/bfc_allocator.cc:1103] 5 Chunks of size 13824 totalling 67.5KiB
2025-12-05 12:37:31.209580: I external/local_tsl/tsl/framework/bfc_allocator.cc:1103] 1 Chunks of size 15104 totalling 14.8KiB
2025-12-05 12:37:31.209587: I external/local_tsl/tsl/framework/bfc_allocator.cc:1103] 1 Chunks of size 294912 totalling 288.0KiB
2025-12-05 12:37:31.209593: I external/local_tsl/tsl/framework/bfc_allocator.cc:1103] 1 Chunks of size 458752 totalling 448.0KiB
2025-12-05 12:37:31.209599: I external/local_tsl/tsl/framework/bfc_allocator.cc:1103] 1 Chunks of size 539904 totalling 527.2KiB
2025-12-05 12:37:31.209606: I external/local_tsl/tsl/framework/bfc_allocator.cc:1103] 20 Chunks of size 589824 totalling 11.25MiB
2025-12-05 12:37:31.209612: I external/local_tsl/tsl/framework/bfc_allocator.cc:1103] 1 Chunks of size 655360 totalling 640.0KiB
2025-12-05 12:37:31.209619: I external/local_tsl/tsl/framework/bfc_allocator.cc:1103] 3 Chunks of size 1048576 totalling 3.00MiB
2025-12-05 12:37:31.209625: I external/local_tsl/tsl/framework/bfc_allocator.cc:1103] 3 Chunks of size 2097152 totalling 6.00MiB
2025-12-05 12:37:31.209631: I external/local_tsl/tsl/framework/bfc_allocator.cc:1103] 3 Chunks of size 3145728 totalling 9.00MiB
2025-12-05 12:37:31.209637: I external/local_tsl/tsl/framework/bfc_allocator.cc:1103] 5 Chunks of size 1179648000 totalling 5.49GiB
2025-12-05 12:37:31.209643: I external/local_tsl/tsl/framework/bfc_allocator.cc:1107] Sum Total of in-use chunks: 5.52GiB
2025-12-05 12:37:31.209650: I external/local_tsl/tsl/framework/bfc_allocator.cc:1109] Total bytes in pool: 6424821760 memory_limit_: 6424821760 available bytes: 0 curr_region_allocation_bytes_: 12849643520
2025-12-05 12:37:31.209662: I external/local_tsl/tsl/framework/bfc_allocator.cc:1114] Stats: 
Limit:                      6424821760
InUse:                      5930985984
MaxInUse:                   5930985984
NumAllocs:                     1649526
MaxAllocSize:               1190003968
Reserved:                            0
PeakReserved:                        0
LargestFreeBlock:                    0

2025-12-05 12:37:31.209674: W external/local_tsl/tsl/framework/bfc_allocator.cc:494] *********************************************************************************************_______
------------------

[31m---------------------------------------------------------------------------[39m
[31mInternalError[39m                             Traceback (most recent call last)
[36mCell[39m[36m [39m[32mIn[8][39m[32m, line 27[39m
[32m     23[39m [38;5;28mprint[39m([33m'[39m[38;5;130;01m\n[39;00m[33mEpoch: [39m[33m'[39m, epoch)
[32m     25[39m [38;5;66;03m# Note that (X=y) when training autoencoders![39;00m
[32m     26[39m [38;5;66;03m# In this case we only care about qualitative performance, we don't split into train/test sets[39;00m
[32m---> [39m[32m27[39m [43mcae[49m[43m.[49m[43mfit[49m[43m([49m[43mx[49m[43m=[49m[43mdataset[49m[43m,[49m[43m [49m[43my[49m[43m=[49m[43mdataset[49m[43m,[49m[43m [49m[43mepochs[49m[43m=[49m[32;43m1[39;49m[43m,[49m[43m [49m[43mbatch_size[49m[43m=[49m[32;43m64[39;49m[43m)[49m
[32m     29[39m samples = dataset[:[32m9[39m]
[32m     30[39m reconstructed = cae.predict(samples)

[36mFile [39m[32m~/miniconda3/envs/IDL2/lib/python3.12/site-packages/tf_keras/src/utils/traceback_utils.py:70[39m, in [36mfilter_traceback.<locals>.error_handler[39m[34m(*args, **kwargs)[39m
[32m     67[39m     filtered_tb = _process_traceback_frames(e.__traceback__)
[32m     68[39m     [38;5;66;03m# To get the full stack trace, call:[39;00m
[32m     69[39m     [38;5;66;03m# `tf.debugging.disable_traceback_filtering()`[39;00m
[32m---> [39m[32m70[39m     [38;5;28;01mraise[39;00m e.with_traceback(filtered_tb) [38;5;28;01mfrom[39;00m[38;5;250m [39m[38;5;28;01mNone[39;00m
[32m     71[39m [38;5;28;01mfinally[39;00m:
[32m     72[39m     [38;5;28;01mdel[39;00m filtered_tb

[36mFile [39m[32m~/miniconda3/envs/IDL2/lib/python3.12/site-packages/tensorflow/python/framework/constant_op.py:108[39m, in [36mconvert_to_eager_tensor[39m[34m(value, ctx, dtype)[39m
[32m    106[39m     dtype = dtypes.as_dtype(dtype).as_datatype_enum
[32m    107[39m ctx.ensure_initialized()
[32m--> [39m[32m108[39m [38;5;28;01mreturn[39;00m [43mops[49m[43m.[49m[43mEagerTensor[49m[43m([49m[43mvalue[49m[43m,[49m[43m [49m[43mctx[49m[43m.[49m[43mdevice_name[49m[43m,[49m[43m [49m[43mdtype[49m[43m)[49m

[31mInternalError[39m: Failed copying input tensor from /job:localhost/replica:0/task:0/device:CPU:0 to /job:localhost/replica:0/task:0/device:GPU:0 in order to run _EagerConst: Dst tensor is not initialized.

